food_code,main_food_description,wweia_category_description,energy_(kcal),protein_(g),carbohydrate_(g),"sugars,_total_(g)","fiber,_total_dietary_(g)",total_fat_(g),"fatty_acids,_total_saturated_(g)","fatty_acids,_total_monounsaturated_(g)","fatty_acids,_total_polyunsaturated_(g)",cholesterol_(mg)
11100000,"Milk, NFS","Milk, reduced fat",52,3.33,4.83,4.88,0.0,2.14,1.249,0.458,0.07,9
11111000,"Milk, whole","Milk, whole",61,3.27,4.63,4.81,0.0,3.2,1.86,0.688,0.108,12
11112110,"Milk, reduced fat (2%)","Milk, reduced fat",50,3.36,4.9,4.89,0.0,1.9,1.11,0.4,0.058,8
11112210,"Milk, low fat (1%)","Milk, lowfat",43,3.38,5.18,4.96,0.0,0.95,0.568,0.21,0.032,5
11113000,"Milk, fat free (skim)","Milk, nonfat",34,3.43,4.92,5.05,0.0,0.08,0.049,0.017,0.006,3
11114300,"Milk, lactose free, low fat (1%)","Milk, lowfat",43,3.38,5.18,4.96,0.0,0.95,0.568,0.21,0.032,5
11114320,"Milk, lactose free, fat free (skim)","Milk, nonfat",34,3.43,4.92,5.05,0.0,0.08,0.049,0.017,0.006,3
11114330,"Milk, lactose free, reduced fat (2%)","Milk, reduced fat",50,3.36,4.9,4.89,0.0,1.9,1.11,0.4,0.058,8
11114350,"Milk, lactose free, whole","Milk, whole",61,3.27,4.63,4.81,0.0,3.2,1.86,0.688,0.108,12
11115300,Buttermilk,"Milk, whole",43,3.46,4.81,5.36,0.0,1.08,0.552,0.199,0.033,5
11115400,Kefir,"Milk, lowfat",52,3.59,7.48,6.91,0.0,0.96,0.596,0.286,0.047,5
11116000,Goat milk,"Milk, whole",69,3.56,4.45,4.45,0.0,4.14,2.667,1.109,0.149,11
11120000,"Milk, dry, reconstituted, nonfat","Milk, nonfat",32,3.2,4.6,4.6,0.0,0.07,0.044,0.018,0.003,2
11121100,"Milk, dry, reconstituted, whole","Milk, whole",76,4.01,5.86,5.86,0.0,4.08,2.554,1.209,0.101,15
11210050,"Milk, evaporated, NS as to fat content","Milk, whole",134,6.81,10.04,10.04,0.0,7.56,4.591,2.335,0.245,29
11211050,"Milk, evaporated, whole","Milk, whole",134,6.81,10.04,10.04,0.0,7.56,4.591,2.335,0.245,29
11211400,"Milk, evaporated, reduced fat (2%)","Milk, reduced fat",92,7.42,11.15,11.15,0.0,1.96,1.214,0.569,0.071,8
11212050,"Milk, evaporated, fat free (skim)","Milk, nonfat",78,7.55,11.35,11.35,0.0,0.2,0.121,0.062,0.006,4
11220000,"Milk, condensed, sweetened","Flavored milk, whole",321,7.91,54.4,54.4,0.0,8.7,5.486,2.427,0.337,34
11300100,"Non-dairy milk, NFS",Plant-based milk,31,1.14,3.04,2.03,0.1,1.6,0.159,0.782,0.509,0
11320000,"Soy milk, sweetened",Plant-based milk,53,3.41,5.22,4.53,0.0,2.05,0.301,0.399,1.104,0
11320100,"Soy milk, unsweetened",Plant-based milk,38,3.55,1.29,0.56,0.0,2.12,0.314,0.416,1.15,0
11321000,"Soy milk, chocolate",Plant-based milk,64,3.35,8.32,7.49,0.1,2.03,0.315,0.399,1.068,0
11350000,"Almond milk, sweetened",Plant-based milk,30,0.53,4.31,3.99,0.0,1.18,0.1,0.7,0.265,0
11350010,"Almond milk, chocolate",Plant-based milk,43,0.57,7.44,6.97,0.1,1.2,0.121,0.69,0.257,0
11350020,"Almond milk, unsweetened",Plant-based milk,15,0.55,0.34,0.0,0.0,1.22,0.104,0.729,0.276,0
11350040,"Almond milk, NFS",Plant-based milk,20,0.54,1.53,1.2,0.0,1.21,0.103,0.72,0.273,0
11360000,Rice milk,Plant-based milk,47,0.28,9.17,5.28,0.3,0.97,0.0,0.625,0.313,0
11360200,Oat milk,Plant-based milk,45,0.66,5.37,2.04,0.5,2.33,0.187,1.349,0.62,0
11370000,Coconut milk,Plant-based milk,31,0.21,2.92,2.5,0.0,2.08,2.083,0.0,0.0,0
11400000,"Yogurt, NFS","Yogurt, regular",94,6.67,10.22,8.05,0.1,2.87,1.626,0.665,0.254,11
11400010,"Yogurt, Greek, NS as to type of milk or flavor","Yogurt, Greek",91,9.11,10.78,8.21,0.1,1.33,0.715,0.329,0.047,7
11410000,"Yogurt, NS as to type of milk or flavor","Yogurt, regular",93,4.57,15.69,12.84,0.2,1.34,0.861,0.372,0.038,5
11411010,"Yogurt, NS as to type of milk, plain","Yogurt, regular",63,5.25,7.04,7.04,0.0,1.55,1.0,0.426,0.044,6
11411100,"Yogurt, whole milk, plain","Yogurt, regular",78,3.82,5.57,4.09,0.0,4.48,2.32,0.874,0.092,14
11411200,"Yogurt, low fat milk, plain","Yogurt, regular",63,5.25,7.04,7.04,0.0,1.55,1.0,0.426,0.044,6
11411300,"Yogurt, nonfat milk, plain","Yogurt, regular",50,4.23,8.08,7.68,0.0,0.09,0.116,0.049,0.005,3
11411390,"Yogurt, Greek, NS as to type of milk, plain","Yogurt, Greek",67,10.2,3.6,3.24,0.0,1.36,0.726,0.33,0.048,8
11411400,"Yogurt, Greek, whole milk, plain","Yogurt, Greek",94,8.78,4.75,3.25,0.0,4.39,2.39,0.958,0.469,17
11411410,"Yogurt, Greek, low fat milk, plain","Yogurt, Greek",67,10.2,3.6,3.24,0.0,1.36,0.726,0.33,0.048,8
11411420,"Yogurt, Greek, nonfat milk, plain","Yogurt, Greek",59,10.3,3.64,3.27,0.0,0.37,0.108,0.043,0.011,5
11430000,"Yogurt, NS as to type of milk, fruit","Yogurt, regular",93,4.57,15.69,12.84,0.2,1.34,0.861,0.372,0.038,5
11431000,"Yogurt, whole milk, fruit","Yogurt, regular",106,3.34,14.43,10.31,0.2,3.86,1.997,0.757,0.079,12
11432000,"Yogurt, low fat milk, fruit","Yogurt, regular",93,4.57,15.69,12.84,0.2,1.34,0.861,0.372,0.038,5
11433000,"Yogurt, nonfat milk, fruit","Yogurt, regular",46,3.64,7.64,7.09,0.0,0.08,0.1,0.043,0.004,3
11433990,"Yogurt, Greek, NS as to type of milk, fruit","Yogurt, Greek",91,9.11,10.78,8.21,0.1,1.33,0.715,0.329,0.047,7
11434000,"Yogurt, Greek, whole milk, fruit","Yogurt, Greek",114,7.85,11.8,8.23,0.1,3.91,2.128,0.857,0.417,15
11434010,"Yogurt, Greek, low fat milk, fruit","Yogurt, Greek",91,9.11,10.78,8.21,0.1,1.33,0.715,0.329,0.047,7
11434020,"Yogurt, Greek, nonfat milk, fruit","Yogurt, Greek",83,9.21,10.81,8.24,0.1,0.34,0.097,0.042,0.01,4
11434090,"Yogurt, NS as to type of milk, flavors other than fruit","Yogurt, regular",82,4.51,13.02,13.04,0.0,1.36,0.86,0.366,0.038,5
11434100,"Yogurt, whole milk, flavors other than fruit","Yogurt, regular",95,3.28,11.76,10.5,0.0,3.88,1.995,0.752,0.079,12
11434200,"Yogurt, low fat milk, flavors other than fruit","Yogurt, regular",82,4.51,13.02,13.04,0.0,1.36,0.86,0.366,0.038,5
11434300,"Yogurt, nonfat milk, flavors other than fruit","Yogurt, regular",47,3.64,7.94,7.6,0.0,0.08,0.1,0.042,0.004,3
11435000,"Yogurt, Greek, NS as to type of milk, flavors other than fruit","Yogurt, Greek",81,9.07,8.18,7.87,0.0,1.34,0.714,0.325,0.047,7
11435010,"Yogurt, Greek, whole milk, flavors other than fruit","Yogurt, Greek",104,7.81,9.21,7.88,0.0,3.92,2.127,0.853,0.417,15
11435020,"Yogurt, Greek, low fat milk, flavors other than fruit","Yogurt, Greek",81,9.07,8.18,7.87,0.0,1.34,0.714,0.325,0.047,7
11435030,"Yogurt, Greek, nonfat milk, flavors other than fruit","Yogurt, Greek",73,9.17,8.22,7.9,0.0,0.34,0.096,0.038,0.01,4
11435100,"Yogurt, Greek, with oats","Yogurt, Greek",149,9.22,20.02,10.74,1.5,3.67,0.838,1.608,0.775,6
11436000,"Yogurt, liquid","Yogurt, regular",74,3.65,12.55,10.27,0.1,1.07,0.689,0.298,0.03,4
11436100,Yogurt tube,"Yogurt, regular",81,4.34,13.68,11.4,0.1,1.03,0.671,0.29,0.03,5
11440010,"Chipotle dip, yogurt based","Dips, gravies, other sauces",189,7.93,3.33,2.97,0.0,15.99,3.219,3.638,8.716,16
11440030,"Onion dip, yogurt based","Dips, gravies, other sauces",160,6.82,4.06,3.38,0.2,12.91,2.726,2.933,6.866,14
11440040,"Ranch dip, yogurt based","Dips, gravies, other sauces",195,8.48,4.13,3.41,0.3,16.09,3.267,3.661,8.744,17
11440050,"Spinach dip, yogurt based","Dips, gravies, other sauces",159,7.02,3.59,3.04,0.3,12.96,2.734,2.931,6.893,14
11440060,Tzatziki dip,"Dips, gravies, other sauces",91,5.22,4.1,2.5,0.2,6.0,1.894,2.905,0.605,10
11440070,"Vegetable dip, yogurt based","Dips, gravies, other sauces",191,8.16,3.76,2.99,0.3,16.03,3.232,3.645,8.742,16
11446000,"Yogurt parfait, with fruit","Yogurt, regular",104,5.25,16.08,10.36,1.3,2.18,0.608,0.885,0.407,4
11459990,"Frozen yogurt, NFS",Ice cream and frozen dairy desserts,127,3.0,21.6,19.92,0.0,3.6,2.326,0.986,0.1,13
11460000,"Frozen yogurt, vanilla",Ice cream and frozen dairy desserts,127,3.0,21.6,19.92,0.0,3.6,2.326,0.986,0.1,13
11460100,"Frozen yogurt, chocolate",Ice cream and frozen dairy desserts,131,3.0,21.6,19.24,2.3,3.6,2.272,0.961,0.102,13
11460500,"Frozen yogurt, soft serve, vanilla",Ice cream and frozen dairy desserts,159,4.0,24.2,24.0,0.0,5.6,3.42,1.59,0.21,2
11460510,"Frozen yogurt, soft serve, chocolate",Ice cream and frozen dairy desserts,160,4.31,24.87,23.56,0.7,5.76,3.513,1.65,0.215,2
11461200,Frozen yogurt sandwich,Ice cream and frozen dairy desserts,204,3.9,34.38,24.3,0.8,6.25,2.805,1.956,1.113,10
11461210,"Frozen yogurt bar, vanilla",Ice cream and frozen dairy desserts,127,3.0,21.6,19.92,0.0,3.6,2.326,0.986,0.1,13
11461220,"Frozen yogurt bar, chocolate",Ice cream and frozen dairy desserts,131,3.0,21.6,19.24,2.3,3.6,2.272,0.961,0.102,13
11461250,"Frozen yogurt cone, chocolate",Ice cream and frozen dairy desserts,142,3.2,23.9,18.71,2.3,3.73,2.23,0.996,0.228,12
11461260,"Frozen yogurt cone, vanilla",Ice cream and frozen dairy desserts,139,3.2,23.9,19.36,0.1,3.73,2.282,1.02,0.227,12
11461300,"Frozen yogurt cone, vanilla, waffle cone",Ice cream and frozen dairy desserts,143,3.29,25.28,20.26,0.1,3.61,2.223,1.014,0.18,12
11461320,"Frozen yogurt cone, chocolate, waffle cone",Ice cream and frozen dairy desserts,147,3.29,25.28,19.62,2.3,3.61,2.172,0.991,0.181,12
11480000,"Baby Toddler food, NFS",Baby food: mixtures,75,4.9,9.08,4.47,1.1,2.15,0.601,0.877,0.504,18
11480010,"Baby Toddler yogurt, plain",Baby food: yogurt,78,3.82,5.57,4.09,0.0,4.48,2.32,0.874,0.092,14
11480100,"Baby Toddler yogurt, with fruit",Baby food: yogurt,98,3.48,11.9,8.53,0.1,4.04,2.089,0.79,0.083,13
11511000,"Chocolate milk, NFS","Flavored milk, lowfat",65,3.44,10.98,9.55,0.1,0.83,0.462,0.225,0.037,4
11511100,"Chocolate milk, whole","Flavored milk, whole",83,3.17,10.34,9.54,0.8,3.39,2.104,0.99,0.124,12
11511200,"Chocolate milk, reduced fat (2%)","Flavored milk, reduced fat",76,2.99,12.13,9.55,0.7,1.9,1.177,0.455,0.089,8
11511300,"Chocolate milk, fat free (skim)","Flavored milk, nonfat",67,3.39,13.46,8.39,0.0,0.0,0.0,0.0,0.0,2
11511400,"Chocolate milk, low fat (1%)","Flavored milk, lowfat",64,3.46,10.15,9.94,0.1,1.11,0.616,0.3,0.049,5
11511550,"Chocolate milk, reduced sugar, NFS","Flavored milk, lowfat",65,3.09,8.56,7.85,0.0,1.99,1.092,0.401,0.061,8
11512005,"Hot chocolate / cocoa, NFS","Flavored milk, lowfat",72,1.82,13.9,12.0,0.2,1.04,0.612,0.252,0.031,3
11512010,"Hot chocolate / cocoa, made with whole or reduced fat (2%) milk","Flavored milk, reduced fat",91,2.73,16.53,15.18,0.0,1.54,0.903,0.325,0.047,7
11512020,"Hot chocolate / cocoa, made with lowfat (1%) or fat free (skim) milk","Flavored milk, nonfat",78,2.79,16.55,15.31,0.0,0.06,0.04,0.014,0.005,2
11512030,"Hot chocolate / cocoa, made with non-dairy milk",Plant-based milk,76,0.93,15.02,12.85,0.1,1.3,0.129,0.636,0.414,0
11512100,"Hot chocolate / cocoa, with whipped cream","Flavored milk, reduced fat",101,2.7,16.25,14.92,0.0,2.8,1.623,0.584,0.103,10
11513380,"Chocolate milk, Nesquik, NS as to type of milk","Flavored milk, reduced fat",74,3.41,10.09,9.62,0.3,2.15,1.312,0.43,0.066,8
11513385,"Chocolate milk, Nesquik, made with non-dairy milk",Plant-based milk,54,1.35,8.41,6.94,0.4,1.64,0.289,0.734,0.478,0
11513801,"Chocolate milk, reduced sugar, whole","Flavored milk, whole",73,3.04,8.38,7.79,0.0,2.92,1.627,0.602,0.094,10
11513802,"Chocolate milk, reduced sugar, reduced fat (2%)","Flavored milk, reduced fat",63,3.11,8.62,7.86,0.0,1.78,0.971,0.35,0.051,7
11513803,"Chocolate milk, reduced sugar, low fat (1%)","Flavored milk, lowfat",57,3.13,8.87,7.92,0.0,0.95,0.497,0.184,0.028,4
11513804,"Chocolate milk, reduced sugar, fat free (skim)","Flavored milk, nonfat",49,3.18,8.64,8.0,0.0,0.19,0.043,0.015,0.005,3
11514100,"Hot chocolate / cocoa, dry mix, made with water","Flavored milk, nonfat",54,0.9,11.27,8.82,0.5,0.54,0.32,0.178,0.015,0
11514110,"Hot chocolate / cocoa, dry mix, made with whole or reduced fat (2%) milk","Flavored milk, reduced fat",97,3.81,15.51,13.06,0.5,2.18,1.281,0.525,0.066,7
11514130,"Hot chocolate / cocoa, dry mix, made with lowfat (1%) or fat free (skim) milk","Flavored milk, nonfat",83,3.87,15.53,13.19,0.5,0.61,0.362,0.193,0.021,3
11514150,"Hot chocolate / cocoa, dry mix , made with non-dairy milk",Plant-based milk,81,1.88,13.9,10.58,0.6,1.92,0.458,0.855,0.456,0
11514160,"Hot chocolate / cocoa, dry mix, made with water, with whipped cream","Flavored milk, reduced fat",65,0.94,11.2,8.81,0.5,1.83,1.063,0.443,0.073,4
11514310,"Hot chocolate / cocoa, dry mix, reduced sugar, made with water","Flavored milk, nonfat",31,1.26,5.87,3.07,0.6,0.24,0.145,0.08,0.007,0
11514320,"Hot chocolate / cocoa, dry mix, reduced sugar, made with whole or reduced fat (2%) milk","Flavored milk, reduced fat",77,4.35,10.37,7.56,0.6,1.99,1.164,0.447,0.06,7
11514325,"Hot chocolate / cocoa, reduced sugar, made with non-dairy milk",Plant-based milk,54,1.19,8.92,6.99,0.1,1.48,0.129,0.636,0.414,0
11514330,"Hot chocolate / cocoa, reduced sugar, made with whole or reduced fat (2%) milk","Flavored milk, reduced fat",69,2.99,10.44,9.31,0.0,1.73,0.903,0.325,0.047,7
11514340,"Hot chocolate / cocoa, dry mix, reduced sugar, made with lowfat (1%) or fat free (skim) milk","Flavored milk, nonfat",62,4.41,10.39,7.71,0.6,0.32,0.19,0.096,0.013,3
11514350,"Hot chocolate / cocoa, reduced sugar, made with lowfat (1%) or fat free (skim) milk","Flavored milk, nonfat",56,3.05,10.45,9.44,0.0,0.25,0.04,0.014,0.005,2
11514360,"Hot chocolate / cocoa, dry mix, reduced sugar, made with non-dairy milk",Plant-based milk,59,2.31,8.66,4.94,0.7,1.72,0.291,0.798,0.475,0
11519040,"Strawberry milk, NFS","Flavored milk, reduced fat",65,3.2,8.54,8.45,0.0,2.06,1.2,0.44,0.067,8
11519050,"Strawberry milk, whole","Flavored milk, whole",86,3.03,11.79,11.68,0.0,2.97,1.719,0.636,0.1,11
11519105,"Strawberry milk, reduced fat (2%)","Flavored milk, reduced fat",71,3.16,10.7,10.46,0.0,1.8,1.042,0.375,0.054,8
11519200,"Strawberry milk, low fat (1%)","Flavored milk, lowfat",69,3.13,12.3,11.82,0.0,0.89,0.525,0.194,0.03,5
11519205,"Strawberry milk, fat free  (skim)","Flavored milk, nonfat",61,3.18,12.06,11.9,0.0,0.09,0.045,0.016,0.006,3
11519210,"Strawberry milk, reduced sugar","Flavored milk, lowfat",59,3.27,6.72,6.69,0.0,2.1,1.224,0.449,0.069,9
11526000,"Milk, malted","Flavored milk, reduced fat",66,3.19,8.64,7.81,0.0,2.05,1.195,0.438,0.067,8
11531000,Eggnog,Milk shakes and other dairy drinks,88,4.55,8.05,8.05,0.0,4.19,2.591,1.302,0.198,59
11541110,"Milk shake, home recipe, chocolate",Milk shakes and other dairy drinks,120,3.47,13.53,12.57,0.5,6.14,3.725,1.64,0.222,20
11541120,"Milk shake, home recipe, flavors other than chocolate",Milk shakes and other dairy drinks,113,3.35,11.39,10.66,0.2,5.98,3.616,1.5,0.231,23
11541130,"Milk shake, home recipe, chocolate, light",Milk shakes and other dairy drinks,97,3.99,12.93,12.42,0.3,3.31,2.007,0.907,0.111,14
11541135,"Milk shake, home recipe, flavors other than chocolate, light",Milk shakes and other dairy drinks,92,3.88,13.83,11.07,0.1,2.33,1.408,0.591,0.099,13
11541400,Milk shake with malt,Milk shakes and other dairy drinks,125,3.76,13.64,12.04,0.2,6.11,3.659,1.525,0.276,23
11542100,"Milk shake, fast food, chocolate",Milk shakes and other dairy drinks,150,3.7,20.36,13.39,1.6,6.66,4.044,1.841,0.318,23
11542200,"Milk shake, fast food, flavors other than chocolate",Milk shakes and other dairy drinks,148,3.37,19.59,13.63,0.9,6.52,3.962,1.785,0.316,23
11543000,"Milk shake, bottled, chocolate",Milk shakes and other dairy drinks,150,3.7,20.36,13.39,1.6,6.66,4.044,1.841,0.318,23
11543010,"Milk shake, bottled, flavors other than chocolate",Milk shakes and other dairy drinks,148,3.37,19.59,13.63,0.9,6.52,3.962,1.785,0.316,23
11551050,Licuado or Batido,Smoothies and grain drinks,75,2.33,13.15,11.48,0.6,1.45,0.81,0.295,0.057,6
11553100,"Fruit smoothie, NFS",Smoothies and grain drinks,66,2.32,11.98,8.91,1.1,1.1,0.588,0.243,0.095,4
11553110,"Fruit smoothie, with whole fruit and dairy",Smoothies and grain drinks,66,2.32,11.98,8.91,1.1,1.1,0.588,0.243,0.095,4
11553120,"Fruit smoothie, with whole fruit and dairy, added protein",Smoothies and grain drinks,79,7.35,10.04,7.36,1.1,1.24,0.669,0.268,0.111,5
11553130,"Fruit smoothie juice drink, with dairy",Smoothies and grain drinks,65,0.86,15.05,12.68,0.9,0.14,0.0,0.049,0.052,1
11560000,Chocolate milk drink,Milk shakes and other dairy drinks,49,0.64,10.68,8.68,0.6,0.4,0.31,0.049,0.009,0
11710000,"Infant formula, NFS","Formula, prepared from powder",66,1.38,7.12,7.12,0.0,3.56,1.342,1.304,0.739,1
11710030,"Infant formula, Similac, NFS","Formula, prepared from powder",65,1.37,6.9,6.9,0.0,3.6,1.505,1.078,0.799,2
11710051,"Infant formula, Similac Alimentum, ready-to-feed","Formula, ready-to-feed",67,1.8,6.77,4.4,0.0,3.63,1.838,0.294,1.126,1
11710056,"Infant formula, Similac Alimentum, powder, made with water","Formula, prepared from powder",67,1.8,6.77,4.4,0.0,3.63,1.838,0.294,1.126,1
11710351,"Infant formula, Similac Advance, ready-to-feed","Formula, ready-to-feed",66,1.37,6.87,6.87,0.0,3.62,1.24,1.317,0.803,2
11710357,"Infant formula, Similac Advance, powder, made with tap water","Formula, prepared from powder",66,1.37,6.87,6.87,0.0,3.62,1.24,1.317,0.803,2
11710358,"Infant formula, Similac Advance, powder, made with bottled water","Formula, prepared from powder",66,1.37,6.87,6.87,0.0,3.62,1.24,1.317,0.803,2
11710359,"Infant formula, Similac Advance, powder, made with baby water","Formula, prepared from powder",66,1.37,6.87,6.87,0.0,3.62,1.24,1.317,0.803,2
11710371,"Infant formula, Similac Sensitive, ready-to-feed","Formula, ready-to-feed",65,1.4,6.99,6.99,0.0,3.53,2.298,0.363,0.787,2
11710377,"Infant formula, Similac Sensitive, powder, made with tap water","Formula, prepared from powder",65,1.4,6.99,6.99,0.0,3.53,2.298,0.363,0.787,2
11710378,"Infant formula, Similac Sensitive, powder, made with bottled water","Formula, prepared from powder",65,1.4,6.99,6.99,0.0,3.53,2.298,0.363,0.787,2
11710379,"Infant formula, Similac Sensitive, powder, made with baby water","Formula, prepared from powder",65,1.4,6.99,6.99,0.0,3.53,2.298,0.363,0.787,2
11710381,"Infant formula, Similac for Spit-Up, ready-to-feed","Formula, ready-to-feed",65,1.38,6.9,6.9,0.0,3.48,2.263,0.358,0.781,0
11710383,"Infant formula, Similac for Spit-Up, powder, made with water","Formula, prepared from powder",65,1.38,6.9,6.9,0.0,3.48,2.263,0.358,0.781,0
11710481,"Toddler formula, Similac Go and Grow","Formula, prepared from powder",58,1.73,5.87,5.87,0.0,3.11,1.285,1.15,0.6,0
11710605,"Infant formula, Enfamil, NFS","Formula, prepared from powder",66,1.43,7.36,7.34,0.0,3.49,1.448,1.276,0.671,1
11710631,"Infant formula, Enfamil Infant, ready-to-feed","Formula, ready-to-feed",66,1.4,7.38,7.38,0.0,3.49,1.444,1.292,0.675,0
11710637,"Infant formula, Enfamil Infant, powder, made with tap water","Formula, prepared from powder",66,1.4,7.38,7.38,0.0,3.49,1.444,1.292,0.675,0
11710638,"Infant formula, Enfamil Infant, powder, made with bottled water","Formula, prepared from powder",66,1.4,7.38,7.38,0.0,3.49,1.444,1.292,0.675,0
11710639,"Infant formula, Enfamil Infant, powder, made with baby water","Formula, prepared from powder",66,1.4,7.38,7.38,0.0,3.49,1.444,1.292,0.675,0
11710661,"Infant formula, Enfamil AR, ready-to-feed","Formula, ready-to-feed",65,1.6,7.43,7.25,0.0,3.24,1.359,1.113,0.608,0
11710669,"Infant formula, Enfamil AR, powder, made with water","Formula, prepared from powder",65,1.6,7.43,7.25,0.0,3.24,1.359,1.113,0.608,0
11710671,"Infant formula, Enfamil Gentlease, ready-to-feed","Formula, ready-to-feed",67,1.51,7.31,7.25,0.0,3.49,1.462,1.229,0.66,2
11710677,"Infant formula, Enfamil Gentlease, powder, made with tap water","Formula, prepared from powder",67,1.51,7.31,7.25,0.0,3.49,1.462,1.229,0.66,2
11710678,"Infant formula, Enfamil Gentlease, powder, made with bottled water","Formula, prepared from powder",67,1.51,7.31,7.25,0.0,3.49,1.462,1.229,0.66,2
11710679,"Infant formula, Enfamil Gentlease, powder, made with baby water","Formula, prepared from powder",67,1.51,7.31,7.25,0.0,3.49,1.462,1.229,0.66,2
11710689,"Toddler formula, Enfamil Enfagrow","Formula, prepared from powder",67,1.7,7.0,6.97,0.0,3.52,1.437,1.178,0.647,1
11710801,"Toddler formula, PediaSure","Formula, ready-to-feed",99,2.86,11.15,10.5,0.0,4.77,1.256,1.936,1.068,2
11710807,"Toddler formula, Nido Kinder","Formula, prepared from powder",62,1.72,6.43,6.42,0.0,3.32,1.361,1.164,0.624,0
11710810,"Toddler formula, store brand, beginning or next stage","Formula, prepared from powder",62,1.72,6.43,6.42,0.0,3.32,1.361,1.164,0.624,0
11710815,"Toddler formula, store brand, pediatric shake","Formula, prepared from powder",99,2.86,11.15,10.5,0.0,4.77,1.256,1.936,1.068,2
11710905,"Infant formula, Gerber, NFS","Formula, prepared from powder",65,1.49,7.26,6.9,0.0,3.33,1.403,1.172,0.678,0
11710911,"Infant formula, Gerber Good Start Gentle, Stage 1, ready-to-feed","Formula, ready-to-feed",66,1.45,7.3,7.3,0.0,3.34,1.401,1.216,0.648,0
11710917,"Infant formula, Gerber Good Start Gentle, Stage 1, powder, made with tap water","Formula, prepared from powder",66,1.45,7.3,7.3,0.0,3.34,1.401,1.216,0.648,0
11710918,"Infant formula, Gerber Good Start Gentle, Stage 1, powder, made with bottled water","Formula, prepared from powder",66,1.45,7.3,7.3,0.0,3.34,1.401,1.216,0.648,0
11710919,"Infant formula, Gerber Good Start Gentle, Stage 1, powder, made with baby water","Formula, prepared from powder",66,1.45,7.3,7.3,0.0,3.34,1.401,1.216,0.648,0
11710921,"Infant formula, Gerber Good Start Gentle, Stage 2","Formula, prepared from powder",66,1.45,7.3,7.3,0.0,3.34,1.401,1.216,0.648,0
11710930,"Toddler formula, Gerber Good Start, Stage 3","Formula, prepared from powder",62,1.72,6.43,6.42,0.0,3.32,1.361,1.164,0.624,0
11710935,"Infant formula, premature, powder, made with water","Formula, prepared from powder",71,1.96,7.34,7.15,0.0,3.78,2.013,0.858,0.853,2
11710945,"Infant formula, premature, ready-to-feed","Formula, ready-to-feed",71,1.96,7.34,7.15,0.0,3.78,2.013,0.858,0.853,2
11710954,"Infant formula, organic, powder, made with water","Formula, prepared from powder",66,1.38,7.12,7.12,0.0,3.56,1.342,1.304,0.739,1
11710955,"Infant formula, organic, ready-to-feed","Formula, ready-to-feed",66,1.38,7.12,7.12,0.0,3.56,1.342,1.304,0.739,1
11710967,"Infant formula, store brand, advantage or tender, powder, made with tap water","Formula, prepared from powder",66,1.38,7.12,7.12,0.0,3.56,1.342,1.304,0.739,1
11710968,"Infant formula, store brand, advantage or tender, powder, made with bottled water","Formula, prepared from powder",66,1.38,7.12,7.12,0.0,3.56,1.342,1.304,0.739,1
11710969,"Infant formula, store brand, advantage or tender, powder, made with baby water","Formula, prepared from powder",66,1.38,7.12,7.12,0.0,3.56,1.342,1.304,0.739,1
11710970,"Infant formula, store brand, gentle or sensitivity","Formula, prepared from powder",66,1.46,7.15,7.12,0.0,3.51,1.88,0.796,0.724,2
11710980,"Infant formula, store brand, added rice","Formula, prepared from powder",65,1.49,7.17,7.08,0.0,3.36,1.811,0.736,0.694,0
11720311,"Infant formula, Enfamil ProSobee, ready-to-feed","Formula, ready-to-feed",66,1.64,7.07,6.86,0.0,3.49,1.462,1.204,0.66,0
11720317,"Infant formula, Enfamil ProSobee, powder, made with tap water","Formula, prepared from powder",66,1.64,7.07,6.86,0.0,3.49,1.462,1.204,0.66,0
11720318,"Infant formula, Enfamil ProSobee, powder, made with bottled water","Formula, prepared from powder",66,1.64,7.07,6.86,0.0,3.49,1.462,1.204,0.66,0
11720319,"Infant formula, Enfamil ProSobee, powder, made with baby water","Formula, prepared from powder",66,1.64,7.07,6.86,0.0,3.49,1.462,1.204,0.66,0
11720411,"Infant formula, Similac Isomil Soy, ready-to-feed","Formula, ready-to-feed",65,1.58,6.73,6.65,0.0,3.53,1.151,1.353,0.827,0
11720417,"Infant formula, Similac Isomil Soy, powder, made with tap water","Formula, prepared from powder",65,1.58,6.73,6.65,0.0,3.53,1.151,1.353,0.827,0
11720418,"Infant formula, Similac Isomil Soy, powder, made with bottled water","Formula, prepared from powder",65,1.58,6.73,6.65,0.0,3.53,1.151,1.353,0.827,0
11720419,"Infant formula, Similac Isomil Soy, powder, made with baby water","Formula, prepared from powder",65,1.58,6.73,6.65,0.0,3.53,1.151,1.353,0.827,0
11720430,"Infant formula, Similac for Diarrhea","Formula, ready-to-feed",66,1.76,6.67,6.66,0.7,3.6,1.477,1.293,0.685,0
11720611,"Infant formula, Gerber Good Start Soy, Stage 1, ready-to-feed","Formula, ready-to-feed",64,1.6,7.12,5.69,0.0,3.28,1.409,1.038,0.769,1
11720617,"Infant formula, Gerber Good Start Soy, Stage 1, powder, made with tap water","Formula, prepared from powder",64,1.6,7.12,5.69,0.0,3.28,1.409,1.038,0.769,1
11720618,"Infant formula, Gerber Good Start Soy, Stage 1, powder, made with bottled water","Formula, prepared from powder",64,1.6,7.12,5.69,0.0,3.28,1.409,1.038,0.769,1
11720619,"Infant formula, Gerber Good Start Soy, Stage 1, powder, made with baby water","Formula, prepared from powder",64,1.6,7.12,5.69,0.0,3.28,1.409,1.038,0.769,1
11720809,"Infant formula, store brand, soy","Formula, prepared from powder",66,1.61,6.9,6.76,0.0,3.51,1.306,1.278,0.744,0
11740311,"Infant formula, Enfamil Nutramigen, ready-to-feed","Formula, ready-to-feed",67,1.82,6.94,6.6,0.0,3.49,1.462,1.204,0.66,0
11740313,"Infant formula, Enfamil Nutramigen, powder, made with water","Formula, prepared from powder",67,1.82,6.94,6.6,0.0,3.49,1.462,1.204,0.66,0
11740401,"Infant formula, Enfamil Pregestimil, ready-to-feed","Formula, ready-to-feed",67,1.81,6.76,6.6,0.0,3.62,2.135,0.505,0.802,0
11740403,"Infant formula, Enfamil Pregestimil, powder, made with water","Formula, prepared from powder",67,1.81,6.76,6.6,0.0,3.62,2.135,0.505,0.802,0
11740405,"Infant formula, amino acids","Formula, prepared from powder",66,1.8,7.21,6.6,0.0,3.36,1.333,1.139,0.712,0
11740560,"Infant formula, low iron","Formula, prepared from powder",66,1.43,6.9,6.58,0.0,3.6,1.534,0.658,1.36,2
11810000,"Milk, dry, not reconstituted",Not included in a food category,362,36.16,51.98,51.98,0.0,0.77,0.499,0.2,0.03,20
11825000,"Whey, sweet, dry",Not included in a food category,353,12.93,74.46,74.46,0.0,1.07,0.684,0.297,0.034,6
11830150,"Cocoa powder, not reconstituted",Not included in a food category,228,19.6,57.9,1.75,37.0,13.7,8.07,4.57,0.44,0
11830160,"Chocolate beverage powder, dry mix, not reconstituted",Not included in a food category,400,4.55,90.28,81.82,4.5,2.27,2.273,0.0,0.0,0
11830165,"Chocolate beverage powder, light, dry mix, not reconstituted",Not included in a food category,350,9.09,68.31,27.27,9.1,4.5,0.0,2.119,1.831,0
11830260,"Milk, malted, dry mix, not reconstituted",Not included in a food category,372,0.0,92.96,72.73,0.0,0.0,0.0,0.0,0.0,0
11830400,"Strawberry beverage powder, dry mix, not reconstituted",Not included in a food category,389,0.1,99.1,95.45,0.0,0.2,0.0,0.0,0.0,0
12100100,"Cream, NS as to light, heavy, or half and half",Cream and cream substitutes,131,3.13,4.3,4.13,0.0,11.5,7.032,3.32,0.554,35
12110100,"Cream, light",Cream and cream substitutes,195,2.96,3.66,3.67,0.0,19.1,10.176,4.525,0.789,59
12120100,"Cream, half and half",Cream and cream substitutes,131,3.13,4.3,4.13,0.0,11.5,7.032,3.32,0.554,35
12120106,"Cream, half and half, flavored",Cream and cream substitutes,130,3.07,4.5,4.33,0.0,11.28,6.894,3.255,0.543,34
12120110,"Cream, half and half, fat free",Cream and cream substitutes,59,2.6,9.0,5.0,0.0,1.4,0.841,0.384,0.052,5
12130100,"Cream, heavy",Cream and cream substitutes,343,2.02,3.8,2.92,0.0,35.56,20.4,7.34,1.57,103
12140000,"Cream, whipped","Cream cheese, sour cream, whipped cream",346,1.9,9.49,8.55,0.0,33.45,19.191,6.905,1.477,97
12200100,"Coffee creamer, NFS",Cream and cream substitutes,136,1.0,11.38,11.38,0.0,9.97,1.937,7.551,0.027,0
12210200,"Coffee creamer, liquid",Cream and cream substitutes,136,1.0,11.38,11.38,0.0,9.97,1.937,7.551,0.027,0
12210210,"Coffee creamer, liquid, flavored",Cream and cream substitutes,251,0.69,35.07,33.04,1.1,13.5,2.635,4.002,6.269,0
12210260,"Coffee creamer, liquid, fat free",Cream and cream substitutes,71,0.8,9.1,9.1,0.0,3.5,0.896,2.03,0.42,0
12210270,"Coffee creamer, liquid, fat free, flavored",Cream and cream substitutes,154,0.6,31.72,31.78,0.0,2.7,0.672,1.522,0.315,0
12210280,"Coffee creamer, liquid, fat free, sugar free, flavored",Cream and cream substitutes,71,0.8,9.1,9.1,0.0,3.5,0.896,2.03,0.42,0
12210310,"Coffee creamer, liquid, sugar free, flavored",Cream and cream substitutes,71,0.8,9.1,9.1,0.0,3.5,0.896,2.03,0.42,0
12210400,"Coffee creamer, powder",Cream and cream substitutes,529,2.48,59.29,7.77,0.0,32.92,19.146,9.796,0.408,0
12210420,"Coffee creamer, powder, flavored",Cream and cream substitutes,482,0.68,75.42,58.01,1.2,21.47,19.446,0.618,0.229,0
12210430,"Coffee creamer, powder, fat free",Cream and cream substitutes,431,1.9,73.4,73.4,0.0,15.7,3.8,11.5,0.198,0
12210505,"Coffee creamer,powder, sugar free, flavored",Cream and cream substitutes,529,2.48,59.29,7.77,0.0,32.92,19.146,9.796,0.408,0
12210520,"Coffee creamer, soy, liquid",Cream and cream substitutes,136,1.0,11.38,11.38,0.0,9.97,1.937,7.551,0.027,0
12220200,Whipped topping,"Cream cheese, sour cream, whipped cream",318,1.25,23.05,23.05,0.0,25.31,21.783,1.616,0.523,0
12220270,"Whipped topping, fat free","Cream cheese, sour cream, whipped cream",224,3.0,23.6,23.6,0.0,13.1,11.273,0.838,0.269,2
12220280,"Whipped topping, sugar free","Cream cheese, sour cream, whipped cream",224,3.0,23.6,23.6,0.0,13.1,11.273,0.838,0.269,2
12310100,"Sour cream, regular","Cream cheese, sour cream, whipped cream",196,3.07,5.56,3.41,0.0,17.99,10.7,3.8,0.8,53
12310350,"Sour cream, light","Cream cheese, sour cream, whipped cream",136,3.5,7.1,0.22,0.0,10.6,6.6,3.1,0.4,35
12310370,"Sour cream, fat free","Cream cheese, sour cream, whipped cream",74,3.1,15.6,0.39,0.0,0.0,0.0,0.0,0.0,9
12320100,"Sour cream, imitation","Cream cheese, sour cream, whipped cream",208,2.4,6.63,6.63,0.0,19.52,17.791,0.588,0.056,0
12350010,"Dip, NFS","Dips, gravies, other sauces",432,2.55,3.94,2.48,0.3,45.18,10.924,10.044,22.115,47
12350200,"Chipotle dip, regular","Dips, gravies, other sauces",426,1.99,3.15,2.04,0.0,45.08,10.876,10.021,22.087,46
12350205,"Chipotle dip, light","Dips, gravies, other sauces",195,1.82,13.2,7.36,0.0,15.15,4.63,3.738,6.176,24
12350220,"Onion dip, regular","Dips, gravies, other sauces",346,2.15,3.92,2.64,0.2,35.77,8.745,7.95,17.375,38
12350225,"Onion dip, light","Dips, gravies, other sauces",166,2.0,11.87,6.85,0.1,12.36,3.866,3.039,4.918,20
12350230,"Ranch dip, regular","Dips, gravies, other sauces",432,2.55,3.94,2.48,0.3,45.18,10.924,10.044,22.115,47
12350235,"Ranch dip, light","Dips, gravies, other sauces",201,2.35,13.95,7.78,0.2,15.25,4.675,3.76,6.203,24
12350240,"Spinach dip, regular","Dips, gravies, other sauces",345,2.35,3.44,2.3,0.3,35.83,8.753,7.949,17.402,38
12350245,"Spinach dip, light","Dips, gravies, other sauces",165,2.2,11.42,6.52,0.3,12.41,3.874,3.038,4.943,20
12350250,"Vegetable dip, regular","Dips, gravies, other sauces",429,2.23,3.57,2.05,0.3,45.12,10.889,10.028,22.113,46
12350255,"Vegetable dip, light","Dips, gravies, other sauces",198,2.04,13.6,7.37,0.3,15.19,4.643,3.744,6.201,24
13110000,"Ice cream, NFS",Ice cream and frozen dairy desserts,221,3.57,26.36,22.86,0.8,11.3,6.863,3.125,0.498,42
13110100,"Ice cream, vanilla",Ice cream and frozen dairy desserts,207,3.5,23.6,21.22,0.7,11.0,6.79,2.969,0.452,44
13110102,"Ice cream, vanilla, with additional ingredients",Ice cream and frozen dairy desserts,242,3.67,30.51,25.33,1.0,11.76,6.972,3.36,0.568,38
13110110,"Ice cream, chocolate",Ice cream and frozen dairy desserts,216,3.8,28.2,25.36,1.2,11.0,6.8,3.21,0.41,34
13110112,"Ice cream, chocolate, with additional ingredients",Ice cream and frozen dairy desserts,249,3.93,34.39,28.82,1.5,11.76,6.98,3.563,0.532,30
13110200,"Ice cream, soft serve, vanilla",Ice cream and frozen dairy desserts,180,4.78,29.46,22.12,0.3,4.83,2.927,1.281,0.219,27
13110210,"Ice cream, soft serve, chocolate",Ice cream and frozen dairy desserts,187,5.0,25.7,24.71,0.8,7.19,4.38,2.055,0.241,28
13110460,"Gelato, vanilla",Ice cream and frozen dairy desserts,249,3.5,22.29,20.65,0.0,16.2,10.329,4.46,0.68,92
13110470,"Gelato, chocolate",Ice cream and frozen dairy desserts,251,4.72,19.78,17.35,0.9,16.98,10.377,4.794,0.658,60
13120050,"Ice cream bar, vanilla",Ice cream and frozen dairy desserts,358,2.11,37.12,21.05,1.1,25.26,17.895,1.173,2.208,16
13120100,"Ice cream bar, vanilla, chocolate coated",Ice cream and frozen dairy desserts,331,4.1,24.5,18.3,0.8,24.1,13.202,6.387,3.257,28
13120110,Ice cream candy bar,Ice cream and frozen dairy desserts,323,4.4,30.9,30.0,0.6,20.2,12.658,4.977,1.469,1
13120140,"Ice cream bar, chocolate",Ice cream and frozen dairy desserts,329,4.41,25.17,17.97,1.5,23.89,13.099,6.351,3.201,27
13120500,"Ice cream sandwich, vanilla",Ice cream and frozen dairy desserts,264,4.28,35.88,25.27,1.4,11.8,6.153,3.443,1.377,34
13120510,"Ice cream sandwich, chocolate",Ice cream and frozen dairy desserts,270,4.5,39.33,28.38,1.8,11.8,6.16,3.624,1.346,26
13120550,Ice cream cookie sandwich,Ice cream and frozen dairy desserts,317,4.61,43.35,26.45,1.7,14.11,6.417,4.073,2.787,24
13120730,"Ice cream cone, scooped, vanilla",Ice cream and frozen dairy desserts,215,3.68,25.82,20.61,0.8,10.84,6.567,2.924,0.564,42
13120735,"Ice cream cone, scooped, vanilla, waffle cone",Ice cream and frozen dairy desserts,218,3.76,27.16,21.48,0.8,10.58,6.424,2.881,0.511,41
13120740,"Ice cream cone, NFS",Ice cream and frozen dairy desserts,229,3.75,28.47,22.19,0.9,11.13,6.637,3.074,0.609,40
13120770,"Ice cream cone, scooped, chocolate",Ice cream and frozen dairy desserts,224,3.97,30.23,24.59,1.3,10.84,6.577,3.155,0.524,33
13120775,"Ice cream cone, scooped, chocolate, waffle cone",Ice cream and frozen dairy desserts,227,4.04,31.49,25.38,1.2,10.58,6.434,3.108,0.471,32
13120782,"Ice cream cone, soft serve, vanilla",Ice cream and frozen dairy desserts,189,4.91,31.44,21.48,0.4,4.91,2.859,1.304,0.341,26
13120784,"Ice cream cone, soft serve, chocolate",Ice cream and frozen dairy desserts,196,5.12,27.83,23.96,0.9,7.18,4.254,2.047,0.362,27
13120786,"Ice cream cone, soft serve, vanilla, waffle cone",Ice cream and frozen dairy desserts,193,4.96,32.67,22.33,0.4,4.77,2.789,1.292,0.292,25
13120788,"Ice cream cone, soft serve, chocolate, waffle cone",Ice cream and frozen dairy desserts,200,5.17,29.14,24.77,0.9,6.99,4.156,2.021,0.312,26
13120790,"Ice cream cone, vanilla, prepackaged",Ice cream and frozen dairy desserts,354,5.21,34.38,25.0,1.0,21.88,11.458,7.34,1.657,21
13120792,"Ice cream cone, chocolate, prepackaged",Ice cream and frozen dairy desserts,353,5.35,34.62,24.77,1.4,21.8,11.424,7.312,1.645,21
13120800,"Ice cream soda, flavors other than chocolate",Milk shakes and other dairy drinks,85,0.92,14.02,13.4,0.2,2.9,1.787,0.781,0.119,12
13120810,"Ice cream soda, chocolate",Milk shakes and other dairy drinks,87,1.0,15.23,14.48,0.3,2.9,1.789,0.845,0.108,9
13121000,"Ice cream sundae, NFS",Ice cream and frozen dairy desserts,243,3.7,31.94,23.89,1.1,11.16,6.51,3.276,0.442,36
13121100,"Ice cream sundae, fruit topping",Ice cream and frozen dairy desserts,221,2.72,32.7,22.24,0.7,9.2,5.627,2.422,0.391,36
13121120,Banana split,Ice cream and frozen dairy desserts,199,2.42,32.59,24.17,1.0,6.88,4.07,1.919,0.296,24
13121300,"Ice cream sundae, hot fudge topping",Ice cream and frozen dairy desserts,243,3.7,31.94,23.89,1.1,11.16,6.51,3.276,0.442,36
13121400,"Ice cream sundae, caramel topping",Ice cream and frozen dairy desserts,213,2.95,30.63,28.82,0.5,9.18,5.626,2.419,0.38,36
13126000,"Ice cream, fried",Ice cream and frozen dairy desserts,282,3.94,32.77,20.9,1.2,15.16,6.674,4.701,2.709,34
13130100,"Light ice cream, NFS",Ice cream and frozen dairy desserts,174,4.38,25.44,14.29,0.2,6.14,3.488,1.568,0.48,27
13130300,"Light ice cream, vanilla",Ice cream and frozen dairy desserts,174,4.38,25.44,14.29,0.2,6.14,3.488,1.568,0.48,27
13130310,"Light ice cream, chocolate",Ice cream and frozen dairy desserts,180,4.27,26.24,15.18,0.8,6.46,3.995,1.493,0.384,22
13130700,"Soft serve, blended with candy or cookies, from fast food",Ice cream and frozen dairy desserts,176,4.0,26.18,22.78,0.2,6.06,3.194,1.693,0.323,16
13135000,"Light ice cream sandwich, vanilla",Ice cream and frozen dairy desserts,239,4.93,37.26,20.08,1.0,8.15,3.676,2.392,1.398,21
13135010,"Light ice cream sandwich, chocolate",Ice cream and frozen dairy desserts,243,4.85,37.86,20.74,1.5,8.4,4.056,2.336,1.326,17
13140000,"Light ice cream bar, vanilla",Ice cream and frozen dairy desserts,236,3.23,18.76,10.54,0.1,16.65,13.057,1.845,0.53,20
13140100,"Light ice cream bar, vanilla, chocolate coated",Ice cream and frozen dairy desserts,236,3.39,19.15,10.45,0.5,16.62,13.007,1.872,0.529,20
13140115,"Light ice cream bar, chocolate",Ice cream and frozen dairy desserts,240,3.31,19.74,11.1,1.0,16.86,13.377,1.817,0.459,16
13140700,Creamsicle,Ice cream and frozen dairy desserts,165,1.54,32.75,18.46,0.0,3.08,1.813,0.819,0.137,8
13140900,Fudgesicle,Ice cream and frozen dairy desserts,163,2.56,29.99,17.47,1.0,3.67,2.696,0.584,0.138,1
13142100,"Light ice cream cone, vanilla, prepackaged",Ice cream and frozen dairy desserts,223,5.41,34.23,16.4,0.7,7.3,3.29,2.409,0.865,22
13142110,"Light ice cream cone, chocolate, prepackaged",Ice cream and frozen dairy desserts,227,5.32,34.87,17.11,1.3,7.56,3.695,2.349,0.789,18
13150000,"Sherbet, all flavors",Ice cream and frozen dairy desserts,144,1.1,30.4,24.32,1.3,2.0,1.16,0.53,0.08,1
13161600,"Fudgesicle, light",Ice cream and frozen dairy desserts,124,3.67,23.11,5.1,1.5,1.87,0.984,0.649,0.149,2
13200110,"Pudding, chocolate, NFS",Pudding,142,2.09,23.01,17.17,0.0,4.6,1.263,2.731,0.105,1
13210110,"Pudding, bread",Pudding,156,5.6,23.53,15.1,1.0,4.86,1.7,1.629,1.031,61
13210280,"Pudding, flavors other than chocolate, NFS",Pudding,130,1.45,22.6,16.97,0.0,3.78,1.016,2.286,0.087,1
13210300,Custard,Pudding,97,5.08,10.97,10.89,0.0,3.64,1.647,1.039,0.383,80
13210350,Flan,Pudding,178,5.23,28.24,28.1,0.0,4.94,2.241,1.639,0.531,112
13210370,Creme brulee,Pudding,113,4.06,17.85,17.86,0.0,2.83,1.391,0.732,0.226,45
13210410,"Pudding, rice",Pudding,108,3.23,18.39,11.59,0.3,2.15,1.208,0.556,0.129,12
13210450,"Firni, Indian pudding",Pudding,144,3.58,25.13,15.66,0.3,3.11,1.491,0.872,0.236,9
13210520,"Pudding, tapioca, made from dry mix",Pudding,130,1.95,21.69,14.91,0.0,3.88,0.962,2.538,0.072,1
13220110,"Pudding, flavors other than chocolate, made from dry mix",Pudding,106,2.78,19.38,19.42,0.0,1.89,1.114,0.402,0.06,7
13220120,"Pudding, chocolate, made from dry mix",Pudding,113,3.14,20.32,16.62,0.7,2.1,1.17,0.463,0.122,7
13220210,"Pudding, flavors other than chocolate, made from dry mix, sugar free",Pudding,70,3.18,9.53,4.65,0.0,2.07,1.181,0.438,0.091,8
13220220,"Pudding, chocolate, made from dry mix, sugar free",Pudding,76,3.48,10.48,4.56,0.5,2.16,1.229,0.512,0.075,8
13230110,"Pudding, flavors other than chocolate, ready-to-eat",Pudding,130,1.45,22.6,16.97,0.0,3.78,1.016,2.286,0.087,1
13230120,"Pudding, flavors other than chocolate, ready-to-eat, sugar free",Pudding,70,3.18,9.53,4.65,0.0,2.07,1.181,0.438,0.091,8
13230130,"Pudding, chocolate, ready-to-eat",Pudding,142,2.09,23.01,17.17,0.0,4.6,1.263,2.731,0.105,1
13230140,"Pudding, chocolate, ready-to-eat, sugar free",Pudding,76,3.48,10.48,4.56,0.5,2.16,1.229,0.512,0.075,8
13230500,"Pudding, tapioca, ready-to-eat",Pudding,130,1.95,21.69,14.91,0.0,3.88,0.962,2.538,0.072,1
13241000,Banana pudding,Pudding,160,2.57,28.0,19.74,0.7,4.26,1.22,1.999,0.617,38
13250000,Mousse,Pudding,212,4.2,16.23,15.1,0.6,15.12,8.143,4.044,0.842,118
13252200,Dulce de leche,Pudding,315,6.84,55.35,49.74,0.0,7.35,4.534,2.143,0.375,29
13252500,"Barfi or Burfi, Indian dessert",Pudding,284,5.42,40.43,36.97,0.4,11.36,6.114,3.471,0.829,35
13252590,Trifle,Pudding,169,3.52,23.24,15.76,0.4,7.15,4.071,2.104,0.419,65
13252600,Tiramisu,Cakes and pies,353,5.65,29.44,18.7,0.6,23.86,13.284,5.426,1.319,121
13411000,White sauce or gravy,"Dips, gravies, other sauces",144,3.84,9.21,4.63,0.2,10.2,4.678,2.569,1.369,23
14010000,"Cheese, NFS",Cheese,381,20.7,4.33,2.08,0.0,31.26,17.763,6.91,1.138,95
14101010,"Cheese, Blue or Roquefort",Cheese,353,21.4,2.34,0.5,0.0,28.74,18.669,7.778,0.8,75
14102010,"Cheese, Brick",Cheese,371,23.24,2.79,0.51,0.0,29.68,18.764,8.598,0.784,94
14103010,"Cheese, Camembert",Cheese,300,19.8,0.46,0.46,0.0,24.26,15.259,7.023,0.724,72
14103020,"Cheese, Brie",Cheese,334,20.75,0.45,0.45,0.0,27.68,17.41,8.013,0.826,100
14104100,"Cheese, Cheddar",Cheese,409,23.3,2.44,0.33,0.0,34.0,19.2,7.44,1.18,100
14104110,"Cheese, Cheddar, reduced fat",Cheese,316,27.35,2.67,0.26,0.0,20.41,12.602,5.304,0.893,76
14104115,"Cheese, Cheddar, nonfat or fat free",Cheese,157,32.14,7.14,0.0,0.0,0.0,0.0,0.0,0.0,18
14104200,"Cheese, Colby",Cheese,394,23.76,2.57,0.52,0.0,32.11,20.218,9.28,0.953,95
14104250,"Cheese, Colby Jack",Cheese,393,23.19,2.24,0.51,0.0,32.37,19.709,7.98,0.926,98
14104400,"Cheese, Feta",Cheese,273,19.71,5.58,1.63,0.0,19.08,11.2,4.18,0.591,58
14104600,"Cheese, Fontina",Cheese,389,25.6,1.55,1.55,0.0,31.14,19.196,8.687,1.654,116
14104700,"Cheese, goat",Cheese,364,21.58,0.12,0.12,0.0,29.84,20.639,6.808,0.709,79
14105010,"Cheese, Gouda or Edam",Cheese,356,24.94,2.22,2.22,0.0,27.44,17.614,7.747,0.657,114
14105200,"Cheese, Gruyere",Cheese,413,29.81,0.36,0.36,0.0,32.34,18.913,10.043,1.733,110
14106010,"Cheese, Limburger",Cheese,327,20.05,0.49,0.49,0.0,27.25,16.746,8.606,0.495,90
14106200,"Cheese, Monterey",Cheese,392,22.62,1.9,0.5,0.0,32.63,19.2,6.68,0.899,100
14106500,"Cheese, Monterey, reduced fat",Cheese,313,28.2,0.7,0.56,0.0,21.6,14.04,5.64,0.84,65
14107010,"Cheese, Mozzarella, NFS",Cheese,296,23.7,4.44,1.81,0.0,20.4,11.7,4.65,0.744,65
14107030,"Cheese, Mozzarella, part skim",Cheese,296,23.7,4.44,1.81,0.0,20.4,11.7,4.65,0.744,65
14107040,"Cheese, Mozzarella, reduced sodium",Cheese,280,27.5,3.1,1.23,0.0,17.1,10.867,4.844,0.509,54
14107060,"Cheese, Mozzarella, nonfat or fat free",Cheese,141,31.7,3.5,1.48,1.8,0.0,0.0,0.0,0.0,18
14107200,"Cheese, Muenster",Cheese,368,23.41,1.12,1.12,0.0,30.04,19.113,8.711,0.661,96
14107250,"Cheese, Muenster, reduced fat",Cheese,271,24.7,3.5,3.5,0.0,17.6,10.95,5.09,0.65,63
14108010,"Cheese, Parmesan, dry grated",Cheese,412,29.87,8.36,0.36,0.0,28.75,16.35,6.21,0.931,86
14108015,"Cheese, Parmesan, dry grated, reduced fat",Cheese,395,34.8,26.2,0.78,0.0,16.5,9.305,3.923,0.693,54
14108020,"Cheese, Parmesan, hard",Cheese,412,29.87,8.36,0.36,0.0,28.75,16.35,6.21,0.931,86
14108060,"Cheese, Parmesan, dry grated, fat free",Cheese,370,40.0,40.0,1.5,0.0,5.0,3.11,1.446,0.186,20
14108200,"Cheese, Port du Salut",Cheese,356,24.94,2.22,2.22,0.0,27.44,17.614,7.747,0.657,114
14108400,"Cheese, Provolone",Cheese,357,23.45,2.45,0.56,0.0,28.13,16.2,5.74,0.769,85
14108420,"Cheese, provolone, reduced fat",Cheese,274,24.7,3.5,0.55,0.0,17.6,11.3,4.89,0.51,55
14109010,"Cheese, Swiss",Cheese,393,27.0,1.44,0.0,0.0,31.0,18.2,7.26,1.14,93
14109020,"Cheese, Swiss, reduced sodium",Cheese,374,28.4,3.4,1.31,0.0,27.4,17.744,7.256,0.968,92
14109030,"Cheese, Swiss, reduced fat",Cheese,179,28.4,3.4,1.33,0.0,5.1,3.304,1.351,0.18,35
14109040,"Cheese, Swiss, nonfat or fat free",Cheese,127,28.4,3.4,1.33,0.0,0.0,0.0,0.0,0.0,18
14110010,"Cheese, Cheddar, reduced sodium",Cheese,398,24.35,1.91,0.49,0.0,32.62,20.768,9.189,0.972,100
14110050,"Cheese, paneer",Cheese,299,15.86,22.46,23.33,0.0,15.52,9.021,3.337,0.524,58
14120010,"Cheese, Mexican blend",Cheese,362,21.92,2.4,0.84,0.0,29.34,17.041,6.242,1.042,90
14120020,"Cheese, Mexican blend, reduced fat",Cheese,282,24.69,3.41,0.56,0.0,19.4,11.58,5.02,0.75,62
14131000,"Queso Anejo, aged Mexican cheese",Cheese,373,21.44,4.63,4.63,0.0,29.98,19.033,8.528,0.901,105
14131500,Queso Asadero,Cheese,297,22.14,2.4,0.0,0.0,22.1,12.7,4.74,0.85,66
14133000,Queso Fresco,Cheese,298,18.88,2.96,2.32,0.0,23.36,14.0,4.96,1.106,76
14134000,Queso cotija,Cheese,351,23.84,2.72,0.0,0.0,27.24,15.9,5.93,1.187,89
14200100,"Cheese, cottage, NFS",Cottage/ricotta cheese,82,11.0,4.31,4.1,0.0,2.3,1.26,0.469,0.072,12
14201010,"Cheese, cottage, creamed, large or small curd",Cottage/ricotta cheese,103,11.62,4.6,2.67,0.0,4.22,2.6,0.916,0.123,18
14201200,"Cottage cheese, farmer's",Cottage/ricotta cheese,148,10.96,4.33,2.52,0.0,9.73,6.029,2.524,0.329,32
14201500,"Cheese, Ricotta",Cottage/ricotta cheese,148,9.6,6.0,0.29,0.0,9.46,5.948,2.437,0.324,40
14202010,"Cheese, cottage, with fruit",Cottage/ricotta cheese,74,9.41,4.94,4.61,0.2,1.96,1.072,0.4,0.064,10
14202020,"Cheese, cottage, with vegetables",Cottage/ricotta cheese,79,9.78,5.63,3.95,0.7,1.98,1.076,0.4,0.072,10
14203010,"Cheese, cottage, dry curd",Cottage/ricotta cheese,72,10.34,6.66,1.85,0.0,0.29,0.169,0.079,0.003,7
14203020,"Cheese, cottage, salted, dry curd",Cottage/ricotta cheese,71,10.24,6.59,1.83,0.0,0.29,0.167,0.078,0.003,7
14203510,Puerto Rican white cheese,Cottage/ricotta cheese,298,18.88,2.96,2.32,0.0,23.36,14.0,4.96,1.106,76
14204010,"Cheese, cottage, low fat",Cottage/ricotta cheese,82,11.0,4.31,4.1,0.0,2.3,1.26,0.469,0.072,12
14204020,"Cheese, cottage, lowfat, with fruit",Cottage/ricotta cheese,85,7.3,10.3,9.31,0.3,1.57,0.822,0.309,0.06,8
14206010,"Cheese, cottage, lowfat, low sodium",Cottage/ricotta cheese,72,12.4,2.7,2.7,0.0,1.0,0.632,0.284,0.031,4
14207010,"Cheese, cottage, lowfat, lactose reduced",Cottage/ricotta cheese,82,11.0,4.31,4.1,0.0,2.3,1.26,0.469,0.072,12
14301010,"Cream cheese, regular, plain","Cream cheese, sour cream, whipped cream",343,5.79,4.56,3.76,0.0,33.49,19.7,6.92,1.483,101
14301100,"Cream cheese, regular, flavored","Cream cheese, sour cream, whipped cream",275,8.23,14.09,12.96,0.0,20.55,12.091,4.255,0.913,65
14303010,"Cream cheese, light","Cream cheese, sour cream, whipped cream",264,9.09,5.59,4.33,0.0,22.66,13.348,4.697,1.008,71
14410100,"Cheese, American and Swiss blends",Cheese,340,16.79,7.16,4.72,0.0,27.16,15.608,6.116,1.075,87
14410110,"Cheese, American",Cheese,340,16.79,7.16,4.72,0.0,27.16,15.608,6.116,1.075,87
14410120,"Cheese, American, reduced fat",Cheese,240,17.6,10.6,8.02,0.0,14.1,8.85,4.13,0.41,53
14410130,"Cheese, American, nonfat or fat free",Cheese,126,21.05,10.53,5.26,0.0,0.0,0.0,0.0,0.0,26
14410210,"Cheese, American, reduced sodium",Cheese,376,22.2,1.6,0.45,0.0,31.19,19.651,8.932,0.988,94
14410330,"Cheese spread, American or Cheddar cheese base, reduced fat",Cheese,176,13.41,10.71,7.06,0.0,8.88,5.647,2.458,0.415,38
14410380,"Cream cheese, fat free","Cream cheese, sour cream, whipped cream",105,15.69,7.66,5.48,0.0,1.0,0.644,0.25,0.057,12
14410500,"Cheese, processed cheese food",Cheese,307,16.09,8.85,6.24,0.0,23.06,12.931,5.655,0.99,78
14410600,"Cheese, processed, with vegetables",Cheese,356,14.14,3.48,1.97,0.1,31.7,18.248,6.754,1.25,94
14410620,"Cheese,  with wine",Cheese,307,16.09,8.85,6.24,0.0,23.06,12.931,5.655,0.99,78
14420100,"Cheese spread, American or Cheddar cheese base",Cheese,290,16.41,8.73,7.32,0.0,21.23,13.327,6.219,0.624,55
14420160,"Cheese spread, Swiss cheese base",Cheese,290,16.41,8.73,7.32,0.0,21.23,13.327,6.219,0.624,55
14420200,"Cheese spread, cream cheese","Cream cheese, sour cream, whipped cream",295,7.1,3.5,3.5,0.0,28.6,18.02,8.071,1.033,90
14420300,"Cheese spread, pressurized can",Cheese,290,16.41,8.73,7.32,0.0,21.23,13.327,6.219,0.624,55
14502000,Imitation cheese,Cheese,390,25.0,1.0,1.0,0.0,32.0,5.815,14.127,10.615,15
14610200,"Cheese, cottage cheese, with gelatin dessert",Cottage/ricotta cheese,83,6.82,9.03,7.66,0.0,2.27,1.4,0.493,0.066,10
14610210,"Cheese, cottage cheese, with gelatin dessert and fruit",Cottage/ricotta cheese,75,5.32,9.91,8.52,0.4,1.74,1.062,0.377,0.057,7
14610250,"Cheese, cottage cheese, with gelatin dessert and vegetables",Cottage/ricotta cheese,85,8.03,7.11,5.37,0.2,2.8,1.717,0.605,0.087,12
14610520,Cheese ball,Cheese,441,17.89,4.84,1.74,1.2,38.88,14.55,7.784,11.569,71
14620110,Artichoke dip,"Dips, gravies, other sauces",331,3.86,5.78,2.08,0.9,32.67,8.459,7.264,15.171,37
14620115,Spinach and artichoke dip,"Dips, gravies, other sauces",329,4.21,5.07,1.52,1.2,32.76,8.476,7.261,15.211,37
14620130,Seafood dip,"Dips, gravies, other sauces",337,6.18,4.2,1.95,0.2,32.8,8.474,7.277,15.243,71
14620150,Cheese dip with chili pepper,"Dips, gravies, other sauces",143,3.14,11.14,1.95,0.7,9.51,2.491,2.762,3.643,9
14620200,Cheese dip,"Dips, gravies, other sauces",163,3.14,7.86,0.29,0.3,13.27,3.08,4.941,4.055,9
14620300,Topping from cheese pizza,Pizza,230,16.86,7.62,4.38,1.0,14.67,8.024,3.366,0.793,45
14620310,Topping from vegetable pizza,Pizza,247,15.59,12.18,5.75,1.9,15.61,7.622,4.803,0.891,40
14620320,Topping from meat pizza,Pizza,321,19.19,5.65,3.2,0.7,24.52,10.647,8.921,2.698,68
14620330,Topping from meat and vegetable pizza,Pizza,299,17.55,7.66,4.09,1.0,22.03,9.55,8.0,2.445,61
14630100,Cheese fondue,"Dips, gravies, other sauces",276,19.32,1.95,0.53,0.0,21.2,12.415,5.788,0.966,68
14630200,Cheese souffle,Eggs and omelets,207,9.43,6.38,2.44,0.1,16.01,8.267,3.815,0.965,157
14630300,Welsh rarebit,"Dips, gravies, other sauces",165,7.5,6.32,4.21,0.1,12.26,5.449,3.71,1.485,26
14640000,"Cheese sandwich, NFS",Cheese sandwiches,297,12.46,31.89,5.08,1.4,13.29,6.91,2.94,1.543,36
14640002,"Cheese sandwich, American cheese, on white bread",Cheese sandwiches,297,12.46,31.89,5.08,1.4,13.29,6.91,2.94,1.543,36
14640004,"Cheese sandwich, American cheese, on wheat bread",Cheese sandwiches,295,13.62,29.67,5.0,3.2,13.52,6.85,2.902,1.364,36
14640008,"Cheese sandwich, cheddar cheese, on white bread",Cheese sandwiches,325,15.14,29.95,3.28,1.4,16.11,8.389,3.485,1.586,41
14640010,"Cheese sandwich, cheddar cheese, on wheat bread",Cheese sandwiches,323,16.3,27.72,3.2,3.2,16.34,8.329,3.447,1.407,41
14640014,"Cheese sandwich, reduced fat cheese, on white bread",Cheese sandwiches,256,12.79,33.31,6.44,1.4,7.92,4.127,2.122,1.269,22
14640016,"Cheese sandwich, reduced fat cheese, on wheat bread",Cheese sandwiches,254,13.95,31.08,6.36,3.2,8.14,4.068,2.084,1.09,22
14640100,"Grilled cheese sandwich, NFS",Cheese sandwiches,343,11.03,28.09,4.51,1.2,20.78,9.999,4.979,2.791,48
14640105,"Grilled cheese sandwich, American cheese, on white bread",Cheese sandwiches,343,11.03,28.09,4.51,1.2,20.78,9.999,4.979,2.791,48
14640110,"Grilled cheese sandwich, American cheese, on wheat bread",Cheese sandwiches,341,12.05,26.13,4.44,2.8,20.98,9.947,4.945,2.634,48
14640125,"Grilled cheese sandwich, cheddar cheese, on white bread",Cheese sandwiches,368,13.38,26.38,2.92,1.2,23.26,11.299,5.458,2.829,53
14640130,"Grilled cheese sandwich, cheddar cheese, on wheat bread",Cheese sandwiches,366,14.4,24.42,2.85,2.8,23.46,11.247,5.425,2.672,53
14640155,"Grilled cheese sandwich, reduced fat cheese, on white bread",Cheese sandwiches,307,11.32,29.33,5.71,1.2,16.05,7.552,4.26,2.55,36
14640160,"Grilled cheese sandwich, reduced fat cheese, on wheat bread",Cheese sandwiches,305,12.34,27.38,5.64,2.8,16.25,7.5,4.226,2.393,36
14650100,Cheese sauce,"Dips, gravies, other sauces",163,3.14,7.86,0.29,0.3,13.27,3.08,4.941,4.055,9
14650160,Alfredo sauce,"Dips, gravies, other sauces",150,2.12,1.77,0.9,0.0,15.0,8.523,3.125,0.622,44
14650165,Alfredo sauce with added vegetables,"Dips, gravies, other sauces",122,2.07,2.65,1.44,0.4,11.54,6.534,2.392,0.51,33
14650170,Alfredo sauce with meat,"Dips, gravies, other sauces",171,6.52,1.44,0.73,0.0,15.34,8.135,3.945,0.598,52
14650175,Alfredo sauce with meat and added vegetables,"Dips, gravies, other sauces",148,6.47,2.15,1.17,0.3,12.53,6.519,3.35,0.507,43
14650180,Alfredo sauce with poultry,"Dips, gravies, other sauces",156,6.87,1.44,0.73,0.0,13.6,7.282,3.026,0.876,53
14650185,Alfredo sauce with poultry and added vegetables,"Dips, gravies, other sauces",133,6.83,2.15,1.17,0.3,10.79,5.666,2.43,0.785,45
14650190,Alfredo sauce with seafood,"Dips, gravies, other sauces",145,5.91,1.99,0.73,0.0,12.46,6.972,2.568,0.599,64
14650195,Alfredo sauce with seafood and added vegetables,"Dips, gravies, other sauces",122,5.87,2.7,1.17,0.3,9.66,5.355,1.972,0.508,55
14660200,"Mozzarella sticks, breaded, baked, or fried",Cheese,325,14.75,25.14,2.36,2.0,18.33,6.848,4.328,4.982,36
14670000,"Mozzarella cheese, tomato, and basil, with oil and vinegar dressing","Coleslaw, non-lettuce salads",139,7.17,3.86,2.32,0.8,10.87,4.18,2.812,2.716,18
20000000,"Meat, NFS","Beef, excludes ground",215,27.13,0.0,0.0,0.0,11.29,4.345,5.023,0.738,82
20000200,"Meat, ground, NFS",Ground beef,262,25.62,0.0,0.0,0.0,17.04,6.502,7.623,0.622,88
20000300,"Baby Toddler meat, NFS",Baby food: meat and dinners,112,12.58,1.25,0.0,0.0,5.99,1.686,2.568,1.382,55
21000100,"Beef, NFS","Beef, excludes ground",231,27.13,0.0,0.0,0.0,13.04,5.224,5.893,0.565,85
21001000,"Steak, NS as to type of meat, NS as to fat eaten","Beef, excludes ground",230,26.95,0.0,0.0,0.0,12.99,5.307,5.884,0.67,83
21101000,"Beef, steak, NFS","Beef, excludes ground",229,27.0,0.0,0.0,0.0,12.88,5.288,5.829,0.616,83
21101140,"Beef, steak, chuck","Beef, excludes ground",225,25.97,0.21,0.0,0.0,13.43,5.647,6.755,0.784,92
21101150,"Beef, steak, cube","Beef, excludes ground",187,28.83,0.0,0.0,0.0,7.1,2.118,3.24,1.462,83
21101160,"Beef, steak, flank","Beef, excludes ground",243,29.13,0.0,0.0,0.0,14.09,5.017,6.228,0.611,91
21101170,"Beef, steak, ribeye, NS as to fat eaten","Beef, excludes ground",260,24.99,0.0,0.0,0.0,17.73,7.703,8.473,0.852,79
21101180,"Beef, steak, ribeye, lean and fat eaten","Beef, excludes ground",289,23.5,0.0,0.0,0.0,21.64,9.607,10.436,1.019,79
21101190,"Beef, steak, ribeye, lean only eaten","Beef, excludes ground",230,26.47,0.0,0.0,0.0,13.83,5.799,6.51,0.686,79
21102140,"Beef, steak, round","Beef, excludes ground",166,29.72,0.0,0.0,0.0,4.25,1.774,2.04,0.328,85
21102150,"Beef, steak, sirloin, NS as to fat eaten","Beef, excludes ground",239,27.14,0.0,0.0,0.0,13.98,5.454,5.892,0.576,85
21102160,"Beef, steak, sirloin, lean and fat eaten","Beef, excludes ground",262,26.23,0.0,0.0,0.0,16.65,6.556,6.938,0.616,87
21102170,"Beef, steak, sirloin, lean only eaten","Beef, excludes ground",216,28.05,0.0,0.0,0.0,11.32,4.352,4.845,0.535,82
21102180,"Beef, steak, strip, NS as to fat eaten","Beef, excludes ground",239,27.14,0.0,0.0,0.0,13.98,5.454,5.892,0.576,85
21102190,"Beef, steak, strip, lean and fat eaten","Beef, excludes ground",262,26.23,0.0,0.0,0.0,16.65,6.556,6.938,0.616,87
21103140,"Beef, steak, strip, lean only eaten","Beef, excludes ground",216,28.05,0.0,0.0,0.0,11.32,4.352,4.845,0.535,82
21103150,"Beef, steak, T-bone, NS as to fat eaten","Beef, excludes ground",252,26.16,0.0,0.0,0.0,15.56,6.222,6.911,0.708,82
21103160,"Beef, steak, T-bone,  lean and fat eaten","Beef, excludes ground",274,25.2,0.0,0.0,0.0,18.42,7.422,8.221,0.815,82
21103170,"Beef, steak, T-bone, lean only eaten","Beef, excludes ground",230,27.12,0.0,0.0,0.0,12.69,5.022,5.602,0.601,82
21103180,"Beef, steak, tenderloin","Beef, excludes ground",196,30.46,0.0,0.0,0.0,8.25,3.27,3.698,0.588,92
21104110,"Beef, steak, country fried","Beef, excludes ground",306,19.9,7.94,0.13,0.3,21.05,5.909,8.764,3.953,66
21301000,"Beef, oxtails","Beef, excludes ground",257,25.9,0.0,0.0,0.0,16.46,6.728,7.348,0.727,86
21302000,"Beef, neck bones","Beef, excludes ground",257,25.9,0.0,0.0,0.0,16.46,6.728,7.348,0.727,86
21304200,"Beef, shortribs","Beef, excludes ground",253,18.2,12.13,9.89,0.3,14.1,5.495,5.826,0.559,67
21305000,"Beef, cow head","Beef, excludes ground",257,25.9,0.0,0.0,0.0,16.46,6.728,7.348,0.727,86
21401000,"Beef, roast","Beef, excludes ground",206,29.08,0.0,0.0,0.0,9.72,3.799,4.479,0.484,89
21407000,"Beef, pot roast","Beef, excludes ground",251,28.39,0.0,0.0,0.0,15.35,6.083,7.215,0.683,101
21410000,"Beef, stew meat","Beef, excludes ground",251,28.39,0.0,0.0,0.0,15.35,6.083,7.215,0.683,101
21416000,"Beef, corned",Cold cuts and cured meats,251,18.17,0.47,0.0,0.0,18.98,6.34,9.22,0.67,98
21417100,"Beef, brisket","Beef, excludes ground",231,29.41,0.0,0.0,0.0,12.04,4.616,5.565,0.47,94
21420100,"Beef, sandwich steak","Beef, excludes ground",326,18.26,0.0,0.0,0.0,27.59,11.597,11.756,0.984,73
21500000,"Beef, ground, raw",Ground beef,213,18.44,0.0,0.0,0.0,14.88,5.67,6.418,0.43,67
21500100,"Beef, ground",Ground beef,261,25.55,0.0,0.0,0.0,16.82,6.455,7.5,0.495,87
21500310,"Beef, ground, patty",Ground beef,272,25.45,0.0,0.0,0.0,18.18,6.95,8.194,0.514,87
21601000,"Beef, bacon, cooked",Bacon,449,31.3,1.4,0.0,0.0,34.4,14.35,16.85,1.58,119
21601010,"Beef, bacon, reduced sodium, cooked",Bacon,541,37.04,1.43,0.0,0.0,41.78,13.739,18.52,4.548,110
21602000,"Beef, dried, chipped, uncooked",Cold cuts and cured meats,153,31.1,2.76,2.7,0.0,1.94,0.95,0.84,0.07,79
21602010,"Beef, dried, chipped, cooked in fat",Cold cuts and cured meats,225,28.12,2.5,2.44,0.0,11.32,4.61,5.075,1.135,81
21602100,Beef jerky,Cold cuts and cured meats,410,33.2,11.0,9.0,1.8,25.6,10.85,11.305,1.011,48
21701010,Baby Toddler beef,Baby food: meat and dinners,81,12.03,2.43,0.0,0.0,2.52,1.18,0.95,0.16,51
22000100,"Pork, NFS",Pork,192,27.14,0.0,0.0,0.0,8.67,3.026,3.718,0.997,77
22002000,"Pork, ground",Pork,299,26.92,0.0,0.0,0.0,21.22,7.394,9.952,3.037,96
22002050,"Pork, carnitas",Pork,271,24.57,0.0,0.0,0.0,18.33,6.586,8.248,2.411,96
22002800,Pork jerky,Cold cuts and cured meats,412,35.0,9.73,9.75,0.0,24.73,9.192,11.15,2.893,137
22101000,"Pork, chop, NS as to fat eaten",Pork,183,27.5,0.0,0.0,0.0,7.55,2.602,3.192,0.887,71
22101010,"Pork, chop, lean and fat eaten",Pork,195,26.97,0.01,0.0,0.0,9.17,3.176,3.855,1.118,72
22101020,"Pork, chop, lean only eaten",Pork,171,28.03,0.0,0.0,0.0,5.94,2.029,2.528,0.655,71
22101300,"Pork, chop, coated, NS as to fat eaten",Pork,219,25.54,7.2,0.62,0.4,9.18,2.678,3.758,1.754,63
22101310,"Pork, chop, coated, lean and fat eaten",Pork,229,25.06,7.16,0.62,0.4,10.58,3.18,4.337,1.951,63
22101320,"Pork, chop, coated, lean only eaten",Pork,208,25.99,7.16,0.62,0.4,7.74,2.171,3.171,1.544,62
22101330,"Pork, chop, stuffed",Meat mixed dishes,190,18.37,7.82,0.0,1.0,9.04,2.668,3.855,1.685,46
22201100,"Pork, steak, NS as to fat eaten",Pork,247,25.93,0.0,0.0,0.0,15.08,5.664,6.921,1.7,98
22201110,"Pork, steak, lean and fat eaten",Pork,264,25.15,0.01,0.0,0.0,17.36,6.456,7.828,2.04,97
22201120,"Pork, steak, lean only eaten",Pork,230,26.71,0.0,0.0,0.0,12.8,4.873,6.014,1.36,99
22201400,"Pork, steak, coated",Pork,275,24.16,7.2,0.62,0.4,15.8,5.372,7.04,2.47,86
22210300,"Pork, tenderloin",Pork,134,24.65,0.09,0.0,0.0,3.38,1.155,1.286,0.488,68
22311000,Ham,Cold cuts and cured meats,117,19.04,1.58,1.54,0.0,3.87,1.285,1.747,0.549,54
22311450,"Ham, prosciutto",Cold cuts and cured meats,195,27.8,0.3,0.0,0.0,8.32,2.78,3.821,0.97,70
22311500,"Ham, canned",Cold cuts and cured meats,167,20.94,0.49,0.0,0.0,8.43,2.81,4.06,0.9,41
22321110,"Ham, ground",Cold cuts and cured meats,167,20.94,0.49,0.0,0.0,8.43,2.81,4.06,0.9,41
22400100,"Pork, roast",Pork,181,26.63,0.0,0.0,0.0,7.49,2.364,2.967,0.809,79
22431000,"Pork, roll",Cold cuts and cured meats,329,13.07,4.49,0.0,0.0,28.39,10.353,14.18,2.655,69
22501010,"Canadian bacon, cooked",Cold cuts and cured meats,146,28.31,1.8,1.2,0.0,2.78,1.039,1.255,0.485,67
22600100,"Bacon, NS as to type of meat, cooked",Bacon,484,37.41,1.9,1.57,0.0,35.8,12.282,15.665,6.056,99
22600110,"Bacon, NS as to type of meat, reduced sodium, cooked",Bacon,253,13.33,4.8,0.0,0.0,20.0,6.667,8.571,4.275,100
22600200,"Pork bacon, NS as to fresh, smoked or cured, cooked",Bacon,484,37.41,1.9,1.57,0.0,35.8,12.282,15.665,6.056,99
22600210,"Pork bacon, NS as to fresh, smoked or cured, reduced sodium, cooked",Bacon,541,37.04,1.43,0.0,0.0,41.78,13.739,18.52,4.548,110
22601000,"Pork bacon, smoked or cured, cooked",Bacon,468,33.92,1.7,0.0,0.0,35.09,11.964,15.53,6.112,99
22601040,"Bacon or side pork, fresh, cooked",Bacon,468,33.92,1.7,0.0,0.0,35.09,11.964,15.53,6.112,99
22602010,"Pork bacon, smoked or cured, reduced sodium, cooked",Bacon,541,37.04,1.43,0.0,0.0,41.78,13.739,18.52,4.548,110
22621100,"Fat back, cooked",Butter and animal fats,750,2.68,0.0,0.0,0.0,81.93,31.339,36.64,10.744,84
22700000,"Ribs, NFS",Pork,254,16.52,12.13,9.89,0.3,14.97,5.44,6.378,2.193,60
22701000,"Pork, ribs",Pork,254,16.22,12.13,9.89,0.3,15.12,5.43,6.476,2.481,58
22704010,"Pork, cracklings",Pork,569,45.03,0.0,0.0,0.0,41.74,15.116,19.042,6.009,90
22705010,"Pork, ears",Pork,236,26.15,0.0,0.0,0.0,13.78,4.854,5.929,1.507,87
22706010,"Pork, bones",Pork,236,26.15,0.0,0.0,0.0,13.78,4.854,5.929,1.507,87
22707010,"Pork, pig's feet",Pork,236,21.77,0.0,0.0,0.0,15.92,4.309,7.941,1.528,106
22707020,"Pork, pig's feet, pickled",Pork,140,11.63,0.01,0.0,0.0,10.02,2.945,5.677,0.784,83
22708010,"Pork, ham hocks",Pork,268,14.64,1.09,1.09,0.0,22.79,8.113,10.034,3.822,60
22708020,"Pork, belly",Pork,404,26.58,0.0,0.0,0.0,32.24,11.675,13.977,5.375,104
22709010,Pork skin rinds,Pork,544,61.3,0.0,0.0,0.0,31.3,11.37,14.78,3.64,95
22810010,Baby Toddler ham,Baby food: meat and dinners,97,11.3,3.7,0.0,0.0,3.8,1.267,1.803,0.51,24
22820000,Baby Toddler meat stick,Baby food: meat and dinners,188,13.7,1.4,1.4,0.2,14.2,4.143,4.671,3.615,65
23000100,"Lamb, NS as to cut","Lamb, goat, game",292,24.32,0.0,0.0,0.0,20.77,8.76,8.75,1.498,96
23101000,"Lamb, chop","Lamb, goat, game",264,27.36,0.0,0.0,0.0,16.27,6.602,6.925,1.151,97
23132000,"Lamb, ground","Lamb, goat, game",281,24.55,0.0,0.0,0.0,19.49,8.056,8.254,1.389,96
23150100,Goat,"Lamb, goat, game",142,26.88,0.0,0.0,0.0,3.01,0.923,1.349,0.228,74
23201010,"Veal, chop","Beef, excludes ground",158,29.51,0.07,0.0,0.0,4.4,1.728,2.061,0.255,77
23220010,"Veal, ground",Ground beef,213,25.62,1.5,0.0,0.0,11.69,4.333,5.62,0.778,76
23220020,Mock chicken legs,"Beef, excludes ground",242,21.54,8.04,0.13,0.3,13.59,2.812,5.748,3.956,57
23310000,Rabbit,"Lamb, goat, game",204,30.14,0.0,0.0,0.0,8.34,2.49,2.252,1.617,85
23321000,"Venison, NFS","Lamb, goat, game",167,28.1,0.0,0.0,0.0,5.26,2.651,1.23,0.299,88
23321200,"Venison, steak","Lamb, goat, game",149,29.96,0.0,0.0,0.0,2.36,1.34,0.536,0.157,78
23321900,Venison/deer jerky,Cold cuts and cured meats,398,32.2,14.72,14.75,0.0,22.41,9.604,7.32,1.907,129
23322100,Venison sausage,Cold cuts and cured meats,312,20.23,0.0,0.0,0.0,25.08,9.757,9.856,3.698,90
23323100,Moose,"Lamb, goat, game",133,29.04,0.0,0.0,0.0,0.96,0.288,0.198,0.308,77
23323500,Bear,"Lamb, goat, game",257,32.16,0.0,0.0,0.0,13.28,3.512,5.615,2.381,97
23324100,Caribou,"Lamb, goat, game",166,29.53,0.0,0.0,0.0,4.38,1.687,1.319,0.615,108
23326100,Bison,"Lamb, goat, game",178,25.25,0.0,0.0,0.0,8.55,3.461,3.267,0.399,70
23331100,Groundhog,"Lamb, goat, game",159,28.08,0.0,0.0,0.0,4.34,1.29,1.696,0.635,76
23332100,Opossum,"Lamb, goat, game",219,29.96,0.0,0.0,0.0,10.12,1.196,3.743,2.959,128
23333100,Squirrel,"Lamb, goat, game",172,30.53,0.0,0.0,0.0,4.65,0.536,1.772,1.67,120
23334100,Beaver,"Lamb, goat, game",210,34.57,0.0,0.0,0.0,6.9,2.054,1.875,1.339,116
23335100,Raccoon,"Lamb, goat, game",253,28.97,0.0,0.0,0.0,14.38,4.038,5.169,2.073,96
23340100,Armadillo,"Lamb, goat, game",159,28.08,0.0,0.0,0.0,4.34,1.29,1.696,0.635,76
23345100,Wild pig,"Lamb, goat, game",159,28.08,0.0,0.0,0.0,4.34,1.29,1.696,0.635,76
23350100,Ostrich,"Turkey, duck, other poultry",174,25.93,0.0,0.0,0.0,7.01,1.778,2.138,0.733,82
24100000,"Chicken, NS as to part and cooking method, NS as to skin eaten","Chicken, whole pieces",164,26.79,0.0,0.0,0.0,6.36,1.579,2.706,0.937,112
24100010,"Chicken, NS as to part and cooking method, skin eaten","Chicken, whole pieces",196,25.07,0.1,0.1,0.0,10.65,2.728,4.449,1.388,113
24100020,"Chicken, NS as to part and cooking method, skin not eaten","Chicken, whole pieces",164,26.79,0.0,0.0,0.0,6.36,1.579,2.706,0.937,112
24102000,"Chicken, NS as to part, baked, broiled, or roasted, NS as to skin eaten","Chicken, whole pieces",165,27.32,0.0,0.0,0.0,5.32,1.366,1.899,1.03,115
24102010,"Chicken, NS as to part, baked, broiled, or roasted, skin eaten","Chicken, whole pieces",203,24.7,0.0,0.0,0.0,10.8,2.914,4.318,2.165,114
24102020,"Chicken, NS as to part, baked, broiled, or roasted, skin not eaten","Chicken, whole pieces",165,27.32,0.0,0.0,0.0,5.32,1.366,1.899,1.03,115
24102050,"Chicken, NS as to part, rotisserie, NS as to skin eaten","Chicken, whole pieces",164,26.79,0.0,0.0,0.0,6.36,1.579,2.706,0.937,112
24102060,"Chicken, NS as to part, rotisserie, skin eaten","Chicken, whole pieces",196,25.07,0.1,0.1,0.0,10.65,2.728,4.449,1.388,113
24102070,"Chicken, NS as to part, rotisserie, skin not eaten","Chicken, whole pieces",164,26.79,0.0,0.0,0.0,6.36,1.579,2.706,0.937,112
24103000,"Chicken, NS as to part, stewed, NS as to skin eaten","Chicken, whole pieces",156,26.03,0.0,0.0,0.0,5.38,1.366,1.921,0.973,113
24103010,"Chicken, NS as to part, stewed, skin eaten","Chicken, whole pieces",196,23.58,0.0,0.0,0.0,10.86,2.925,4.352,2.133,113
24103020,"Chicken, NS as to part, stewed, skin not eaten","Chicken, whole pieces",156,26.03,0.0,0.0,0.0,5.38,1.366,1.921,0.973,113
24103050,"Chicken, NS as to part, grilled without sauce, NS as to skin eaten","Chicken, whole pieces",179,26.74,0.0,0.0,0.0,7.2,1.603,2.702,1.773,112
24103055,"Chicken, NS as to part, grilled without sauce, skin eaten","Chicken, whole pieces",217,24.19,0.0,0.0,0.0,12.57,3.119,5.07,2.884,112
24103060,"Chicken, NS as to part, grilled without sauce, skin not eaten","Chicken, whole pieces",179,26.74,0.0,0.0,0.0,7.2,1.603,2.702,1.773,112
24103070,"Chicken, NS as to part, grilled with sauce, NS as to skin eaten","Chicken, whole pieces",180,21.98,7.31,5.96,0.2,6.36,1.366,2.376,1.605,92
24103075,"Chicken, NS as to part, grilled with sauce, skin eaten","Chicken, whole pieces",211,19.89,7.31,5.96,0.2,10.74,2.603,4.308,2.513,91
24103080,"Chicken, NS as to part, grilled with sauce, skin not eaten","Chicken, whole pieces",180,21.98,7.31,5.96,0.2,6.36,1.366,2.376,1.605,92
24104049,"Chicken, NS as to part, sauteed, skin eaten","Chicken, whole pieces",217,24.19,0.0,0.0,0.0,12.57,3.119,5.07,2.884,112
24104051,"Chicken, NS as to part, sauteed, skin not eaten","Chicken, whole pieces",179,26.74,0.0,0.0,0.0,7.2,1.603,2.702,1.773,112
24107070,"Chicken, NS as to part, fried, coated, skin / coating eaten","Chicken, whole pieces",251,21.75,7.14,0.0,0.2,15.02,3.999,6.838,2.796,100
24107071,"Chicken, NS as to part, fried, coated, skin / coating not eaten","Chicken, whole pieces",164,26.18,0.07,0.0,0.0,6.58,1.736,2.799,1.203,113
24107080,"Chicken, NS as to part, baked, coated, skin / coating eaten","Chicken, whole pieces",251,21.75,7.14,0.0,0.2,15.02,3.999,6.838,2.796,100
24107081,"Chicken, NS as to part, baked, coated, skin / coating not eaten","Chicken, whole pieces",164,26.18,0.07,0.0,0.0,6.58,1.736,2.799,1.203,113
24120110,"Chicken breast, NS as to cooking method, skin eaten","Chicken, whole pieces",175,26.37,0.09,0.09,0.0,7.67,1.958,3.131,0.945,90
24120120,"Chicken breast, NS as to cooking method, skin not eaten","Chicken, whole pieces",144,28.04,0.0,0.0,0.0,3.57,0.863,1.444,0.49,86
24122130,"Chicken breast, baked, broiled, or roasted, skin eaten, from raw","Chicken, whole pieces",192,26.25,0.0,0.0,0.0,8.8,2.287,3.251,1.717,97
24122131,"Chicken breast, baked, broiled, or roasted, skin not eaten, from raw","Chicken, whole pieces",161,30.22,0.0,0.0,0.0,3.52,0.756,0.926,0.57,98
24122140,"Chicken breast, baked or broiled, skin eaten, from pre-cooked","Chicken, whole pieces",175,26.37,0.09,0.09,0.0,7.67,1.958,3.131,0.945,90
24122141,"Chicken breast, baked or broiled, skin not eaten, from pre-cooked","Chicken, whole pieces",144,28.04,0.0,0.0,0.0,3.57,0.863,1.444,0.49,86
24122150,"Chicken breast, baked or broiled, skin eaten, from fast food / restaurant","Chicken, whole pieces",206,25.67,0.0,0.0,0.0,10.6,2.504,4.026,2.446,95
24122151,"Chicken breast, baked or broiled, skin not eaten, from fast food / restaurant","Chicken, whole pieces",176,29.56,0.0,0.0,0.0,5.44,1.006,1.752,1.324,96
24122160,"Chicken breast, baked, broiled, or roasted with marinade, skin eaten, from raw","Chicken, whole pieces",204,25.32,0.31,0.28,0.0,10.45,2.463,3.969,2.416,94
24122161,"Chicken breast, baked, broiled, or roasted with marinade, skin not eaten, from raw","Chicken, whole pieces",175,29.13,0.31,0.28,0.0,5.38,0.993,1.737,1.315,94
24122170,"Chicken breast, rotisserie, skin eaten","Chicken, whole pieces",175,26.37,0.09,0.09,0.0,7.67,1.958,3.131,0.945,90
24122171,"Chicken breast, rotisserie, skin not eaten","Chicken, whole pieces",144,28.04,0.0,0.0,0.0,3.57,0.863,1.444,0.49,86
24123110,"Chicken breast, stewed, skin eaten","Chicken, whole pieces",181,24.7,0.0,0.0,0.0,8.28,2.152,3.06,1.616,92
24123120,"Chicken breast, stewed, skin not eaten","Chicken, whole pieces",149,27.96,0.0,0.0,0.0,3.26,0.7,0.856,0.527,91
24123300,"Chicken breast, grilled without sauce, skin eaten","Chicken, whole pieces",206,25.72,0.0,0.0,0.0,10.62,2.509,4.034,2.451,95
24123301,"Chicken breast, grilled without sauce, skin not eaten","Chicken, whole pieces",176,29.62,0.0,0.0,0.0,5.45,1.008,1.755,1.327,96
24123310,"Chicken breast, grilled with sauce, skin eaten","Chicken, whole pieces",202,21.15,7.34,5.98,0.2,9.15,2.105,3.463,2.16,78
24123311,"Chicken breast, grilled with sauce, skin not eaten","Chicken, whole pieces",178,24.33,7.34,5.98,0.2,4.93,0.88,1.603,1.242,78
24124200,"Chicken breast, sauteed, skin eaten","Chicken, whole pieces",206,25.72,0.0,0.0,0.0,10.62,2.509,4.034,2.451,95
24124201,"Chicken breast, sauteed, skin not eaten","Chicken, whole pieces",176,29.62,0.0,0.0,0.0,5.45,1.008,1.755,1.327,96
24127200,"Chicken breast, fried, coated, skin / coating eaten, from raw","Chicken, whole pieces",243,21.46,6.01,0.1,0.2,14.11,2.77,5.55,4.096,79
24127201,"Chicken breast, fried, coated, skin / coating not eaten, from raw","Chicken, whole pieces",176,29.62,0.0,0.0,0.0,5.45,1.008,1.755,1.327,96
24127202,"Chicken breast, fried, coated, prepared skinless, coating eaten, from raw","Chicken, whole pieces",219,24.56,6.01,0.1,0.2,9.99,1.576,3.736,3.201,80
24127210,"Chicken breast, fried, coated, skin / coating eaten, from pre-cooked","Chicken, whole pieces",250,20.58,7.21,0.12,0.3,14.79,2.82,5.847,4.42,76
24127211,"Chicken breast, fried, coated, skin / coating not eaten, from pre-cooked","Chicken, whole pieces",176,29.62,0.0,0.0,0.0,5.45,1.008,1.755,1.327,96
24127220,"Chicken breast, fried, coated, skin / coating eaten, from fast food / restaurant","Chicken, whole pieces",273,19.32,10.72,0.1,0.3,16.95,3.573,7.703,4.368,75
24127221,"Chicken breast, fried, coated, skin / coating not eaten, from fast food / restaurant","Chicken, whole pieces",213,22.77,6.01,0.1,0.2,10.78,1.907,4.637,3.388,79
24127500,"Chicken breast, baked, coated, skin / coating eaten","Chicken, whole pieces",207,23.75,4.01,0.07,0.2,9.9,2.314,3.74,2.324,88
24127501,"Chicken breast, baked, coated, skin / coating not eaten","Chicken, whole pieces",176,29.62,0.0,0.0,0.0,5.45,1.008,1.755,1.327,96
24130210,"Chicken leg, drumstick and thigh, NS as to cooking method, skin eaten","Chicken, whole pieces",218,23.77,0.12,0.12,0.0,13.63,3.498,5.768,1.832,136
24130220,"Chicken leg, drumstick and thigh, NS as to cooking method, skin not eaten","Chicken, whole pieces",185,25.54,0.0,0.0,0.0,9.15,2.295,3.967,1.384,139
24132230,"Chicken leg, drumstick and thigh, baked or broiled, skin eaten","Chicken, whole pieces",214,23.16,0.0,0.0,0.0,12.81,3.541,5.384,2.613,131
24132231,"Chicken leg, drumstick and thigh, baked or broiled, skin not eaten","Chicken, whole pieces",168,24.41,0.0,0.0,0.0,7.13,1.977,2.872,1.489,131
24132240,"Chicken leg, drumstick and thigh, rotisserie, skin eaten","Chicken, whole pieces",218,23.77,0.12,0.12,0.0,13.63,3.498,5.768,1.832,136
24132241,"Chicken leg, drumstick and thigh, rotisserie, skin not eaten","Chicken, whole pieces",185,25.54,0.0,0.0,0.0,9.15,2.295,3.967,1.384,139
24133210,"Chicken leg, drumstick and thigh, stewed, skin eaten","Chicken, whole pieces",211,22.45,0.0,0.0,0.0,13.44,3.698,5.645,2.649,135
24133220,"Chicken leg, drumstick and thigh, stewed, skin not eaten","Chicken, whole pieces",164,24.1,0.0,0.0,0.0,7.5,2.031,2.986,1.418,134
24134100,"Chicken leg, drumstick and thigh, grilled without sauce, skin eaten","Chicken, whole pieces",228,22.65,0.0,0.0,0.0,14.52,3.732,6.111,3.32,128
24134101,"Chicken leg, drumstick and thigh, grilled without sauce, skin not eaten","Chicken, whole pieces",183,23.87,0.0,0.0,0.0,8.96,2.2,3.652,2.219,128
24134150,"Chicken leg, drumstick and thigh, grilled with sauce, skin eaten","Chicken, whole pieces",220,18.64,7.28,5.94,0.2,12.32,3.101,5.154,2.867,105
24134151,"Chicken leg, drumstick and thigh, grilled with sauce, skin not eaten","Chicken, whole pieces",183,19.63,7.28,5.94,0.2,7.79,1.851,3.148,1.969,105
24134300,"Chicken leg, drumstick and thigh, sauteed, skin eaten","Chicken, whole pieces",228,22.65,0.0,0.0,0.0,14.52,3.732,6.111,3.32,128
24134301,"Chicken leg, drumstick and thigh, sauteed, skin not eaten","Chicken, whole pieces",183,23.87,0.0,0.0,0.0,8.96,2.2,3.652,2.219,128
24137300,"Chicken leg, drumstick and thigh, fried, coated, skin / coating eaten","Chicken, whole pieces",260,19.04,5.98,0.1,0.2,17.2,3.746,7.2,4.78,105
24137301,"Chicken leg, drumstick and thigh, fried, coated, skin / coating not eaten","Chicken, whole pieces",183,23.92,0.0,0.0,0.0,8.98,2.205,3.659,2.224,128
24137310,"Chicken leg, drumstick and thigh, baked, coated, skin / coating eaten","Chicken, whole pieces",226,20.99,3.98,0.07,0.2,13.4,3.412,5.605,3.104,117
24137311,"Chicken leg, drumstick and thigh, baked, coated, skin / coating not eaten","Chicken, whole pieces",183,23.87,0.0,0.0,0.0,8.96,2.2,3.652,2.219,128
24140210,"Chicken drumstick, NS as to cooking method, skin eaten","Chicken, whole pieces",206,25.65,0.12,0.12,0.0,11.46,2.855,4.75,1.523,149
24140220,"Chicken drumstick, NS as to cooking method, skin not eaten","Chicken, whole pieces",172,27.71,0.0,0.0,0.0,6.76,1.573,2.827,1.029,155
24142300,"Chicken drumstick, baked, broiled, or roasted, skin eaten, from raw","Chicken, whole pieces",190,23.21,0.0,0.0,0.0,10.09,2.724,4.13,2.071,129
24142301,"Chicken drumstick, baked, broiled, or roasted, skin not eaten, from raw","Chicken, whole pieces",154,24.1,0.0,0.0,0.0,5.67,1.496,2.168,1.195,129
24142310,"Chicken drumstick, baked or broiled, skin eaten, from pre-cooked","Chicken, whole pieces",206,25.65,0.12,0.12,0.0,11.46,2.855,4.75,1.523,149
24142311,"Chicken drumstick, baked or broiled, skin not eaten, from pre-cooked","Chicken, whole pieces",172,27.71,0.0,0.0,0.0,6.76,1.573,2.827,1.029,155
24142320,"Chicken drumstick, baked or broiled, skin eaten, from fast food / restaurant","Chicken, whole pieces",203,22.66,0.0,0.0,0.0,11.83,2.923,4.871,2.782,126
24142321,"Chicken drumstick, baked or broiled, skin not eaten, from fast food / restaurant","Chicken, whole pieces",168,23.52,0.0,0.0,0.0,7.51,1.725,2.955,1.927,126
24142400,"Chicken drumstick, rotisserie, skin eaten","Chicken, whole pieces",206,25.65,0.12,0.12,0.0,11.46,2.855,4.75,1.523,149
24142401,"Chicken drumstick, rotisserie, skin not eaten","Chicken, whole pieces",172,27.71,0.0,0.0,0.0,6.76,1.573,2.827,1.029,155
24142500,"Chicken drumstick, grilled without sauce, skin eaten","Chicken, whole pieces",204,22.7,0.0,0.0,0.0,11.85,2.929,4.88,2.787,126
24142501,"Chicken drumstick, grilled without sauce, skin not eaten","Chicken, whole pieces",169,23.57,0.0,0.0,0.0,7.53,1.728,2.961,1.931,126
24142510,"Chicken drumstick, grilled with sauce, skin eaten","Chicken, whole pieces",200,18.68,7.28,5.94,0.2,10.15,2.448,4.153,2.433,103
24142511,"Chicken drumstick, grilled with sauce, skin not eaten","Chicken, whole pieces",172,19.39,7.28,5.94,0.2,6.62,1.468,2.586,1.734,103
24143210,"Chicken drumstick, stewed, skin eaten","Chicken, whole pieces",186,22.54,0.0,0.0,0.0,10.64,2.916,4.457,2.214,131
24143220,"Chicken drumstick, stewed, skin not eaten","Chicken, whole pieces",148,23.71,0.0,0.0,0.0,5.9,1.587,2.331,1.23,126
24144300,"Chicken drumstick, sauteed, skin eaten","Chicken, whole pieces",204,22.7,0.0,0.0,0.0,11.85,2.929,4.88,2.787,126
24144301,"Chicken drumstick, sauteed, skin not eaten","Chicken, whole pieces",169,23.57,0.0,0.0,0.0,7.53,1.728,2.961,1.931,126
24147300,"Chicken drumstick, fried, coated, skin / coating eaten, from raw","Chicken, whole pieces",241,19.08,5.98,0.1,0.2,15.07,3.105,6.218,4.355,104
24147301,"Chicken drumstick, fried, coated, skin / coating not eaten, from raw","Chicken, whole pieces",169,23.61,0.0,0.0,0.0,7.54,1.732,2.967,1.934,127
24147302,"Chicken drumstick, fried, coated, prepared skinless, coating eaten, from raw","Chicken, whole pieces",212,19.73,5.96,0.1,0.2,11.6,2.143,4.678,3.665,104
24147310,"Chicken drumstick, fried, coated, skin / coating eaten, from pre-cooked","Chicken, whole pieces",247,18.3,7.15,0.12,0.3,15.66,3.13,6.464,4.654,99
24147311,"Chicken drumstick, fried, coated, skin / coating not eaten, from pre-cooked","Chicken, whole pieces",169,23.57,0.0,0.0,0.0,7.53,1.728,2.961,1.931,126
24147320,"Chicken drumstick, fried, coated, skin / coating eaten, from fast food / restaurant","Chicken, whole pieces",288,17.77,12.14,0.1,0.6,18.76,4.269,7.319,5.521,91
24147321,"Chicken drumstick, fried, coated, skin / coating not eaten, from fast food / restaurant","Chicken, whole pieces",213,21.82,6.12,0.1,0.2,11.21,2.322,4.531,3.352,109
24147400,"Chicken drumstick, baked, coated, skin / coating eaten","Chicken, whole pieces",205,21.04,3.98,0.07,0.2,11.01,2.691,4.5,2.626,116
24147401,"Chicken drumstick, baked, coated, skin / coating not eaten","Chicken, whole pieces",169,23.57,0.0,0.0,0.0,7.53,1.728,2.961,1.931,126
24150210,"Chicken thigh, NS as to cooking method, skin eaten","Chicken, whole pieces",226,22.51,0.12,0.12,0.0,15.08,3.927,6.446,2.038,127
24150220,"Chicken thigh, NS as to cooking method, skin not eaten","Chicken, whole pieces",193,24.09,0.0,0.0,0.0,10.74,2.777,4.727,1.621,128
24152230,"Chicken thigh, baked, broiled, or roasted, skin eaten, from raw","Chicken, whole pieces",231,23.12,0.0,0.0,0.0,14.62,4.086,6.22,2.975,132
24152231,"Chicken thigh, baked, broiled, or roasted, skin not eaten, from raw","Chicken, whole pieces",178,24.61,0.0,0.0,0.0,8.1,2.297,3.341,1.685,132
24152240,"Chicken thigh, baked or broiled, skin eaten, from pre-cooked","Chicken, whole pieces",226,22.51,0.12,0.12,0.0,15.08,3.927,6.446,2.038,127
24152241,"Chicken thigh, baked or broiled, skin not eaten, from pre-cooked","Chicken, whole pieces",193,24.09,0.0,0.0,0.0,10.74,2.777,4.727,1.621,128
24152250,"Chicken thigh, baked or broiled, skin eaten, from fast food / restaurant","Chicken, whole pieces",243,22.57,0.0,0.0,0.0,16.25,4.254,6.91,3.665,129
24152251,"Chicken thigh, baked or broiled, skin not eaten, from fast food / restaurant","Chicken, whole pieces",192,24.02,0.0,0.0,0.0,9.89,2.507,4.1,2.405,129
24152300,"Chicken thigh, rotisserie, skin eaten","Chicken, whole pieces",226,22.51,0.12,0.12,0.0,15.08,3.927,6.446,2.038,127
24152301,"Chicken thigh, rotisserie, skin not eaten","Chicken, whole pieces",193,24.09,0.0,0.0,0.0,10.74,2.777,4.727,1.621,128
24153210,"Chicken thigh, stewed, skin eaten","Chicken, whole pieces",227,22.39,0.0,0.0,0.0,15.31,4.219,6.437,2.939,138
24153220,"Chicken thigh, stewed, skin not eaten","Chicken, whole pieces",175,24.36,0.0,0.0,0.0,8.56,2.327,3.422,1.544,140
24154010,"Chicken thigh, grilled without sauce, skin eaten","Chicken, whole pieces",243,22.61,0.0,0.0,0.0,16.29,4.262,6.924,3.672,129
24154011,"Chicken thigh, grilled without sauce, skin not eaten","Chicken, whole pieces",192,24.07,0.0,0.0,0.0,9.91,2.512,4.109,2.41,129
24154020,"Chicken thigh, grilled with sauce, skin eaten","Chicken, whole pieces",233,18.61,7.28,5.94,0.2,13.77,3.536,5.821,3.155,106
24154021,"Chicken thigh, grilled with sauce, skin not eaten","Chicken, whole pieces",191,19.8,7.28,5.94,0.2,8.56,2.107,3.523,2.125,106
24154300,"Chicken thigh, sauteed, skin eaten","Chicken, whole pieces",243,22.61,0.0,0.0,0.0,16.29,4.262,6.924,3.672,129
24154301,"Chicken thigh, sauteed, skin not eaten","Chicken, whole pieces",192,24.07,0.0,0.0,0.0,9.91,2.512,4.109,2.41,129
24157300,"Chicken thigh, fried, coated, skin / coating eaten, from raw","Chicken, whole pieces",273,19.01,5.98,0.1,0.2,18.61,4.168,7.848,5.061,106
24157301,"Chicken thigh, fried, coated, skin / coating not eaten, from raw","Chicken, whole pieces",192,24.12,0.0,0.0,0.0,9.93,2.517,4.117,2.415,130
24157302,"Chicken thigh, fried, coated, prepared skinless, coating eaten, from raw","Chicken, whole pieces",231,20.14,5.96,0.1,0.2,13.49,2.767,5.591,4.046,106
24157310,"Chicken thigh, fried, coated, skin / coating eaten, from pre-cooked","Chicken, whole pieces",277,18.23,7.15,0.12,0.3,19.01,4.135,8.006,5.321,101
24157311,"Chicken thigh, fried, coated, skin / coating not eaten, from pre-cooked","Chicken, whole pieces",192,24.07,0.0,0.0,0.0,9.91,2.512,4.109,2.41,129
24157320,"Chicken thigh, fried, coated, skin / coating eaten, from fast food","Chicken, whole pieces",294,16.26,13.0,0.1,0.3,19.67,4.566,8.93,4.355,87
24157321,"Chicken thigh, fried, coated, skin / coating not eaten, from fast food","Chicken, whole pieces",218,19.42,6.31,0.1,0.2,12.8,2.703,5.305,3.247,102
24157330,"Chicken thigh, fried, coated, skin / coating eaten, from restaurant","Chicken, whole pieces",294,16.26,13.0,0.1,0.3,19.67,4.566,8.93,4.355,87
24157331,"Chicken thigh, fried, coated, skin / coating not eaten, from restaurant","Chicken, whole pieces",218,19.42,6.31,0.1,0.2,12.8,2.703,5.305,3.247,102
24157400,"Chicken thigh, baked, coated, skin / coating eaten","Chicken, whole pieces",240,20.96,3.98,0.07,0.2,14.99,3.888,6.335,3.42,118
24157401,"Chicken thigh, baked, coated, skin / coating not eaten","Chicken, whole pieces",192,24.07,0.0,0.0,0.0,9.91,2.512,4.109,2.41,129
24160110,"Chicken wing, NS as to cooking method","Chicken, whole pieces",257,23.42,0.6,0.6,0.0,18.04,4.627,7.332,2.177,129
24162130,"Chicken wing, baked, broiled, or roasted, from raw","Chicken, whole pieces",252,23.6,0.0,0.0,0.0,16.74,4.937,7.645,3.562,140
24162140,"Chicken wing, baked or broiled, from pre-cooked","Chicken, whole pieces",257,23.42,0.6,0.6,0.0,18.04,4.627,7.332,2.177,129
24162150,"Chicken wing, baked or broiled, from fast food / restaurant","Chicken, whole pieces",264,23.08,0.0,0.0,0.0,18.35,5.093,8.316,4.244,137
24162200,"Chicken wing, rotisserie","Chicken, whole pieces",257,23.42,0.6,0.6,0.0,18.04,4.627,7.332,2.177,129
24163110,"Chicken wing, stewed","Chicken, whole pieces",247,22.6,0.0,0.0,0.0,16.69,4.673,6.548,3.552,69
24164000,"Chicken wing, grilled without sauce","Chicken, whole pieces",265,23.13,0.0,0.0,0.0,18.39,5.103,8.333,4.252,137
24164010,"Chicken wing, grilled with sauce","Chicken, whole pieces",250,19.03,7.28,5.94,0.2,15.49,4.222,6.971,3.629,112
24164200,"Chicken wing, sauteed","Chicken, whole pieces",265,23.13,0.0,0.0,0.0,18.39,5.103,8.333,4.252,137
24167200,"Chicken wing, fried, coated, from raw","Chicken, whole pieces",289,19.39,5.96,0.1,0.2,20.24,4.829,8.953,5.513,112
24167210,"Chicken wing, fried, coated, from pre-cooked","Chicken, whole pieces",294,18.62,7.15,0.12,0.3,20.59,4.77,9.068,5.759,107
24167220,"Chicken wing, fried, coated, from fast food","Chicken, whole pieces",323,17.77,15.0,0.1,0.3,21.28,4.983,9.943,4.684,94
24167230,"Chicken wing, fried, coated, from restaurant","Chicken, whole pieces",323,17.77,15.0,0.1,0.3,21.28,4.983,9.943,4.684,94
24167300,"Chicken wing, baked, coated","Chicken, whole pieces",260,21.42,3.98,0.07,0.2,16.87,4.643,7.6,3.941,125
24168000,"Chicken ""wings"" with hot sauce, from fast food / restaurant","Chicken, whole pieces",272,16.78,6.18,2.26,0.1,20.2,6.294,7.889,2.998,102
24168001,"Chicken ""wings"" with other sauces or seasoning, from fast food / restaurant","Chicken, whole pieces",276,16.95,13.13,7.55,0.2,17.39,4.137,7.636,3.219,92
24168002,"Chicken ""wings"", plain, from fast food / restaurant","Chicken, whole pieces",323,17.77,15.0,0.1,0.3,21.28,4.983,9.943,4.684,94
24168010,"Chicken ""wings"" with hot sauce, from precooked","Chicken, whole pieces",254,17.57,2.5,2.47,0.0,19.48,6.04,7.046,2.588,107
24168011,"Chicken ""wings"" with other sauces or seasoning, from precooked","Chicken, whole pieces",258,17.74,9.42,7.76,0.2,16.67,3.881,6.788,2.807,97
24168012,"Chicken ""wings"", plain, from precooked","Chicken, whole pieces",294,18.62,7.15,0.12,0.3,20.59,4.77,9.068,5.759,107
24168020,"Chicken ""wings"" with hot sauce, from other sources","Chicken, whole pieces",267,17.02,5.08,2.32,0.1,19.98,6.218,7.636,2.875,104
24168021,"Chicken ""wings"" with other sauces or seasoning, from other sources","Chicken, whole pieces",271,17.19,12.01,7.62,0.2,17.17,4.06,7.382,3.095,93
24168022,"Chicken ""wings"", plain, from other sources","Chicken, whole pieces",314,18.03,12.64,0.11,0.3,21.07,4.919,9.68,5.006,98
24168030,"Chicken ""wings"", boneless, with hot sauce, from fast food / restaurant","Chicken, whole pieces",282,12.36,20.03,5.72,0.9,16.87,3.33,6.191,5.134,45
24168031,"Chicken ""wings"", boneless, with hot sauce, from other sources","Chicken, whole pieces",232,11.39,19.98,6.08,1.5,11.82,2.489,3.467,4.928,31
24170200,"Chicken, back","Chicken, whole pieces",298,25.73,0.0,0.0,0.0,20.8,5.772,8.221,4.582,87
24180200,"Chicken, neck or ribs","Chicken, whole pieces",245,19.45,0.0,0.0,0.0,17.95,4.958,7.16,3.907,69
24198340,"Chicken, tail","Chicken, whole pieces",454,20.36,0.0,0.0,0.0,40.68,11.42,17.03,8.57,83
24198440,Chicken skin,"Chicken, whole pieces",450,20.19,0.0,0.0,0.0,40.34,11.325,16.888,8.499,82
24198500,Chicken feet,"Chicken, whole pieces",215,19.4,0.2,0.0,0.0,14.6,3.92,5.5,2.98,84
24198570,"Chicken, canned, meat only","Chicken, whole pieces",185,25.3,0.9,0.0,0.0,8.1,2.25,3.279,1.978,50
24198670,"Chicken, chicken roll, roasted","Chicken, whole pieces",164,26.68,0.0,0.0,0.0,6.33,1.573,2.695,0.933,112
24198671,"Chicken patty, breaded","Chicken patties, nuggets and tenders",287,14.85,12.84,0.0,0.3,19.58,3.662,8.337,4.805,43
24198677,"Chicken fillet, breaded","Chicken patties, nuggets and tenders",240,14.62,14.86,0.57,1.7,13.58,2.437,4.081,6.235,36
24198683,"Chicken fillet, grilled","Chicken patties, nuggets and tenders",151,22.31,2.36,0.0,0.0,5.81,0.887,3.001,1.145,68
24198720,"Chicken, ground","Chicken, whole pieces",201,27.14,0.0,0.0,0.0,10.31,2.647,3.429,2.893,92
24198729,"Chicken nuggets, NFS","Chicken patties, nuggets and tenders",307,15.92,14.93,0.08,0.9,20.36,3.566,7.735,6.511,55
24198731,"Chicken nuggets, from fast food","Chicken patties, nuggets and tenders",307,15.92,14.93,0.08,0.9,20.36,3.566,7.735,6.511,55
24198732,"Chicken nuggets, from restaurant","Chicken patties, nuggets and tenders",307,15.92,14.93,0.08,0.9,20.36,3.566,7.735,6.511,55
24198735,"Chicken nuggets, from school lunch","Chicken patties, nuggets and tenders",270,15.67,22.86,0.49,2.2,12.9,2.83,3.593,4.189,50
24198736,"Chicken nuggets, from frozen","Chicken patties, nuggets and tenders",298,13.36,17.88,0.8,1.8,19.23,3.998,6.138,7.567,36
24198737,"Chicken nuggets, from other sources","Chicken patties, nuggets and tenders",304,15.15,15.81,0.3,1.2,20.02,3.696,7.256,6.828,49
24198739,"Chicken tenders or strips, NFS","Chicken patties, nuggets and tenders",271,19.22,17.25,0.4,1.2,13.95,2.493,4.83,5.783,48
24198741,"Chicken tenders or strips, breaded, from fast food","Chicken patties, nuggets and tenders",271,19.22,17.25,0.4,1.2,13.95,2.493,4.83,5.783,48
24198742,"Chicken tenders or strips, breaded, from restaurant","Chicken patties, nuggets and tenders",283,18.82,16.9,0.39,1.2,15.62,3.025,5.606,6.073,49
24198745,"Chicken tenders or strips, breaded, from school lunch","Chicken patties, nuggets and tenders",270,15.67,22.86,0.49,2.2,12.9,2.83,3.593,4.189,50
24198746,"Chicken tenders or strips, breaded, from frozen","Chicken patties, nuggets and tenders",240,14.62,14.86,0.57,1.7,13.58,2.437,4.081,6.235,36
24198747,"Chicken tenders or strips, breaded, from other sources","Chicken patties, nuggets and tenders",262,17.84,16.53,0.45,1.4,13.84,2.476,4.605,5.919,44
24201000,"Turkey, NFS","Turkey, duck, other poultry",139,28.81,0.0,0.0,0.0,2.06,0.588,0.621,0.524,76
24201020,"Turkey, light meat, skin not eaten","Turkey, duck, other poultry",139,28.81,0.0,0.0,0.0,2.06,0.588,0.621,0.524,76
24201030,"Turkey, light meat, skin eaten","Turkey, duck, other poultry",169,28.28,0.03,0.0,0.0,5.55,1.586,1.963,1.579,84
24201060,"Turkey, light meat, breaded, baked or fried, skin not eaten","Turkey, duck, other poultry",173,27.26,6.46,0.56,0.4,3.69,0.976,1.207,1.036,68
24201070,"Turkey, light meat, breaded, baked or fried, skin eaten","Turkey, duck, other poultry",200,26.78,6.48,0.56,0.4,6.84,1.879,2.421,1.991,76
24201120,"Turkey, light meat, roasted, skin not eaten","Turkey, duck, other poultry",139,28.81,0.0,0.0,0.0,2.06,0.588,0.621,0.524,76
24201130,"Turkey, light meat, roasted, skin eaten","Turkey, duck, other poultry",169,28.28,0.03,0.0,0.0,5.55,1.586,1.963,1.579,84
24201220,"Turkey, dark meat, roasted, skin not eaten","Turkey, duck, other poultry",167,26.94,0.0,0.0,0.0,5.98,1.792,2.044,1.648,119
24201230,"Turkey, dark meat, roasted, skin eaten","Turkey, duck, other poultry",202,26.46,0.05,0.0,0.0,10.16,2.978,3.663,2.921,125
24201320,"Turkey, light and dark meat, roasted, skin not eaten","Turkey, duck, other poultry",151,27.99,0.0,0.0,0.0,3.76,1.109,1.238,1.011,94
24201330,"Turkey, light and dark meat, roasted, skin eaten","Turkey, duck, other poultry",183,27.48,0.04,0.0,0.0,7.54,2.186,2.694,2.156,102
24201360,"Turkey, light or dark meat, fried, coated, skin not eaten","Turkey, duck, other poultry",165,27.22,1.42,0.11,0.0,5.06,1.432,1.774,1.369,95
24201370,"Turkey, light or dark meat, fried, coated, skin eaten","Turkey, duck, other poultry",192,26.2,1.42,0.11,0.0,8.51,2.415,3.106,2.417,100
24201410,"Turkey, light or dark meat, stewed, skin not eaten","Turkey, duck, other poultry",158,31.18,0.19,0.1,0.0,2.66,0.632,0.657,0.566,92
24201420,"Turkey light or dark meat, stewed, skin eaten","Turkey, duck, other poultry",204,30.25,0.14,0.07,0.0,8.52,1.963,3.172,2.56,98
24201510,"Turkey, light or dark meat, smoked, skin eaten","Turkey, duck, other poultry",208,28.1,0.0,0.0,0.0,9.7,2.831,3.18,2.473,82
24201520,"Turkey, light or dark meat, smoked, skin not eaten","Turkey, duck, other poultry",162,29.3,0.0,0.0,0.0,5.0,1.368,1.046,1.408,76
24202010,"Turkey, drumstick, cooked, skin not eaten","Turkey, duck, other poultry",144,28.52,0.0,0.0,0.0,3.38,0.997,1.105,0.906,88
24202020,"Turkey, drumstick, cooked, skin eaten","Turkey, duck, other poultry",206,27.64,0.0,0.0,0.0,9.74,3.035,2.846,2.697,84
24202060,"Turkey, drumstick, roasted, skin not eaten","Turkey, duck, other poultry",144,28.52,0.0,0.0,0.0,3.38,0.997,1.105,0.906,88
24202070,"Turkey, drumstick, roasted, skin eaten","Turkey, duck, other poultry",203,26.86,0.0,0.0,0.0,10.07,3.063,3.189,2.824,93
24202460,"Turkey, thigh, cooked, skin eaten","Turkey, duck, other poultry",182,24.36,0.27,0.0,0.0,9.26,2.831,3.434,2.795,112
24202500,"Turkey, thigh, cooked, skin not eaten","Turkey, duck, other poultry",161,26.94,0.0,0.0,0.0,5.98,1.792,2.044,1.648,119
24202600,"Turkey, neck","Turkey, duck, other poultry",161,22.29,0.0,0.0,0.0,7.3,2.198,2.506,2.021,127
24203010,"Turkey, wing, cooked, skin not eaten","Turkey, duck, other poultry",139,28.81,0.0,0.0,0.0,2.06,0.588,0.621,0.524,76
24203020,"Turkey, wing, cooked, skin eaten","Turkey, duck, other poultry",202,26.87,0.0,0.0,0.0,9.97,2.739,3.691,2.441,79
24205000,"Turkey, tail","Turkey, duck, other poultry",294,22.25,0.0,0.0,0.0,22.8,6.593,9.156,5.845,88
24205100,"Turkey, back","Turkey, duck, other poultry",203,25.58,0.0,0.0,0.0,11.26,3.178,4.104,3.262,86
24206000,"Turkey, canned","Turkey, duck, other poultry",185,25.3,0.9,0.0,0.0,8.1,2.25,3.279,1.978,50
24207000,"Turkey, ground","Turkey, duck, other poultry",211,26.87,0.0,0.0,0.0,11.5,2.945,3.749,3.461,103
24208000,"Turkey, nuggets","Turkey, duck, other poultry",236,22.19,17.14,1.48,1.1,8.66,2.257,3.075,2.54,60
24208500,"Turkey bacon, cooked",Bacon,368,29.5,4.24,4.24,0.0,25.87,6.933,9.382,6.871,153
24208510,"Turkey bacon, reduced sodium, cooked",Bacon,253,13.33,4.8,0.0,0.0,20.0,6.667,8.571,4.275,100
24300110,"Duck, cooked, skin eaten","Turkey, duck, other poultry",336,18.91,0.0,0.0,0.0,28.23,9.63,12.846,3.635,84
24300120,"Duck, cooked, skin not eaten","Turkey, duck, other poultry",200,23.38,0.0,0.0,0.0,11.15,3.934,3.842,1.481,89
24301010,"Duck, roasted, skin eaten","Turkey, duck, other poultry",336,18.91,0.0,0.0,0.0,28.23,9.63,12.846,3.635,84
24301020,"Duck, roasted, skin not eaten","Turkey, duck, other poultry",200,23.38,0.0,0.0,0.0,11.15,3.934,3.842,1.481,89
24302010,"Duck, Peking","Turkey, duck, other poultry",154,5.32,6.47,4.41,0.3,11.76,3.093,5.149,2.624,22
24311010,"Goose, wild, roasted","Turkey, duck, other poultry",304,25.06,0.0,0.0,0.0,21.83,6.841,10.207,2.509,91
24400010,"Cornish game hen, cooked, skin eaten","Turkey, duck, other poultry",257,22.08,0.0,0.0,0.0,18.06,5.008,7.933,3.57,130
24400020,"Cornish game hen, cooked, skin not eaten","Turkey, duck, other poultry",133,23.11,0.0,0.0,0.0,3.84,0.982,1.23,0.932,105
24401010,"Cornish game hen, roasted, skin eaten","Turkey, duck, other poultry",257,22.08,0.0,0.0,0.0,18.06,5.008,7.933,3.57,130
24401020,"Cornish game hen, roasted, skin not eaten","Turkey, duck, other poultry",133,23.11,0.0,0.0,0.0,3.84,0.982,1.23,0.932,105
24402100,"Dove, cooked, NS as to cooking method","Turkey, duck, other poultry",212,23.8,0.0,0.0,0.0,12.95,3.723,5.439,2.722,116
24402110,"Dove, fried","Turkey, duck, other poultry",223,23.06,1.46,0.11,0.0,13.84,3.928,5.788,3.005,114
24403100,"Quail, cooked","Turkey, duck, other poultry",226,25.0,0.0,0.0,0.0,14.04,3.938,4.871,3.472,86
24404100,"Pheasant, cooked","Turkey, duck, other poultry",238,32.26,0.0,0.0,0.0,12.05,3.892,5.603,1.18,89
24701010,Baby Toddler chicken,Baby food: meat and dinners,130,13.7,0.1,0.0,0.0,7.9,2.03,3.56,1.92,61
24703010,Baby Toddler turkey,Baby food: meat and dinners,111,11.5,1.4,0.0,0.0,6.2,1.641,2.384,1.741,58
25110140,"Liver, beef",Liver and organ meats,174,26.31,5.12,0.0,0.0,4.64,2.51,1.097,1.013,378
25110450,"Liver, chicken",Liver and organ meats,189,20.02,6.48,0.02,0.2,8.69,2.561,2.702,2.385,392
25112200,"Liver, paste or pate",Liver and organ meats,201,13.45,6.55,0.0,0.0,13.1,4.0,5.28,2.46,391
25120000,Heart,Liver and organ meats,164,28.25,0.15,0.0,0.0,4.69,1.393,1.003,0.977,210
25130000,Kidney,Liver and organ meats,157,27.05,0.0,0.0,0.0,4.61,1.428,0.952,1.129,710
25140110,Sweetbreads,Liver and organ meats,124,22.49,0.0,0.0,0.0,3.08,0.935,0.896,0.312,347
25150000,Brains,Liver and organ meats,150,11.58,1.47,0.0,0.0,10.45,2.375,1.867,1.619,3075
25160000,Tongue,Liver and organ meats,282,19.14,0.0,0.0,0.0,22.12,8.061,10.022,0.74,131
25160130,"Tongue pot roast, Puerto Rican style",Liver and organ meats,317,21.03,0.32,0.02,0.1,25.04,8.96,11.522,0.89,144
25170110,Tripe,Liver and organ meats,89,12.6,0.0,0.0,0.0,3.85,1.348,1.601,0.188,127
25170210,Chitterlings,Liver and organ meats,231,12.39,0.0,0.0,0.0,20.16,9.444,7.017,1.207,275
25170310,Hog maws,Liver and organ meats,250,26.53,0.0,0.0,0.0,15.97,6.338,5.653,1.405,351
25170420,Gizzard,Liver and organ meats,153,30.15,0.0,0.0,0.0,2.66,0.665,0.524,0.35,367
25210110,"Hot dog, NFS",Frankfurters,310,11.7,2.89,1.26,0.0,28.0,11.4,12.1,0.954,58
25210210,"Hot dog, beef",Frankfurters,310,11.7,2.89,1.26,0.0,28.0,11.4,12.1,0.954,58
25210280,"Hot dog, meat and poultry",Frankfurters,277,9.72,5.02,2.75,0.0,24.18,7.583,9.929,5.386,78
25210290,"Hot dog, reduced fat",Frankfurters,216,13.75,5.1,0.0,0.0,15.66,6.504,7.398,0.869,52
25210410,"Hot dog, turkey",Frankfurters,223,12.23,3.81,1.21,0.0,17.29,4.028,5.736,3.949,77
25220105,Beef sausage,Sausages,341,13.3,3.37,1.0,0.0,28.7,11.3,12.7,1.91,61
25220150,Beef sausage with cheese,Sausages,341,13.65,3.75,1.37,0.0,28.54,11.731,12.042,1.826,64
25220210,Blood sausage,Sausages,379,14.6,1.29,1.29,0.0,34.5,13.4,15.9,3.46,120
25220350,Bratwurst,Sausages,333,13.72,2.85,0.0,0.0,29.18,9.998,14.692,2.632,74
25220360,"Bratwurst, with cheese",Sausages,334,14.03,3.28,0.47,0.0,28.98,10.559,13.834,2.476,75
25220410,Bologna,Cold cuts and cured meats,281,10.34,6.31,1.97,0.0,23.77,7.389,10.269,4.59,92
25220425,"Bologna, reduced fat",Cold cuts and cured meats,204,11.8,5.2,0.0,0.0,14.8,5.464,6.455,0.51,44
25220435,"Bologna, reduced sodium",Cold cuts and cured meats,281,10.34,6.31,1.97,0.0,23.77,7.389,10.269,4.59,92
25220710,Chorizo,Sausages,341,19.3,2.63,0.0,0.0,28.1,9.45,11.7,4.74,107
25220910,Head cheese,Cold cuts and cured meats,157,13.83,0.0,0.0,0.0,10.9,3.402,5.601,1.134,69
25221110,Knockwurst,Sausages,307,11.1,3.2,0.0,0.0,27.7,10.21,12.81,2.92,60
25221210,Mortadella,Cold cuts and cured meats,311,16.37,3.05,0.0,0.0,25.39,9.51,11.38,3.12,56
25221215,"Pastrami, NFS",Cold cuts and cured meats,147,21.8,0.36,0.1,0.0,5.82,2.681,2.118,0.145,68
25221220,"Pastrami, made from any kind of meat, reduced fat",Cold cuts and cured meats,115,18.62,0.64,0.29,0.0,3.69,1.318,1.521,0.27,51
25221250,"Pepperoni, NFS",Cold cuts and cured meats,504,19.25,1.18,0.0,0.0,46.28,17.708,20.77,4.458,97
25221255,"Pepperoni, reduced fat",Cold cuts and cured meats,378,21.07,0.72,0.26,0.0,31.65,11.418,14.717,4.895,108
25221260,"Pepperoni, reduced sodium",Cold cuts and cured meats,504,19.25,1.18,0.0,0.0,46.28,17.708,20.77,4.458,97
25221310,Polish sausage,Sausages,337,12.45,5.03,2.39,0.0,29.68,9.894,12.564,5.383,73
25221350,Italian sausage,Sausages,317,18.2,2.15,1.46,0.0,26.2,9.15,11.6,4.96,80
25221400,"Sausage, NFS",Sausages,325,18.53,1.42,1.09,0.0,27.25,8.826,11.541,5.115,86
25221405,Pork sausage,Sausages,325,18.53,1.42,1.09,0.0,27.25,8.826,11.541,5.115,86
25221406,"Pork sausage, reduced fat",Sausages,267,20.94,0.15,0.0,0.0,20.32,6.034,8.02,4.192,82
25221408,"Pork sausage, reduced sodium",Sausages,233,19.93,13.25,0.75,0.0,11.13,2.916,4.8,2.882,39
25221460,Pork and beef sausage,Sausages,333,15.92,2.4,1.04,0.0,27.98,10.063,12.12,3.512,74
25221500,"Salami, NFS",Cold cuts and cured meats,378,21.07,0.72,0.26,0.0,31.65,11.418,14.717,4.895,108
25221505,"Salami, made from any type of meat, reduced fat",Cold cuts and cured meats,172,19.2,1.55,1.12,0.1,9.21,2.783,3.172,2.466,76
25221515,"Salami, made from any type of meat, reduced sodium",Cold cuts and cured meats,378,21.07,0.72,0.26,0.0,31.65,11.418,14.717,4.895,108
25221610,"Scrapple, cooked",Sausages,227,8.57,14.96,0.21,0.3,14.76,5.034,6.549,1.77,52
25221810,Thuringer,Sausages,362,17.45,3.33,0.85,0.0,30.43,11.51,12.97,1.2,74
25221830,Turkey or chicken sausage,Sausages,193,19.65,1.09,0.0,0.0,12.24,2.976,3.612,3.706,92
25221855,"Turkey or chicken sausage, reduced sodium",Sausages,230,20.03,13.32,0.76,0.0,10.7,2.784,4.604,2.793,39
25221870,Turkey or chicken and pork sausage,Sausages,307,22.7,0.7,0.0,0.0,23.0,7.95,9.719,3.25,84
25221910,"Vienna sausage, canned",Sausages,230,10.5,2.6,0.0,0.0,19.4,7.125,9.628,1.29,87
25221950,Pickled sausage,Sausages,314,18.06,2.13,1.45,0.0,25.99,9.077,11.508,4.921,79
25230110,"Luncheon meat, NFS",Cold cuts and cured meats,101,16.7,0.27,0.0,0.0,3.73,1.12,1.47,0.544,41
25230210,"Ham, prepackaged or deli, luncheon meat",Cold cuts and cured meats,101,16.7,0.27,0.0,0.0,3.73,1.12,1.47,0.544,41
25230220,"Ham, prepackaged or deli, luncheon meat, reduced sodium",Cold cuts and cured meats,101,16.7,0.27,0.0,0.0,3.73,1.12,1.47,0.544,41
25230320,"Chicken, prepackaged or deli, luncheon meat",Cold cuts and cured meats,98,17.4,2.92,0.75,0.0,1.86,0.564,0.74,0.452,51
25230340,"Chicken, prepackaged or deli, luncheon meat, reduced sodium",Cold cuts and cured meats,98,17.4,2.92,0.75,0.0,1.86,0.564,0.74,0.452,51
25230420,"Ham luncheon meat, loaf type",Cold cuts and cured meats,117,17.99,1.57,1.57,0.0,4.39,1.424,1.983,0.542,53
25230530,Spam,Cold cuts and cured meats,315,13.4,4.6,0.0,0.0,26.6,9.987,13.505,2.019,71
25230550,"Spam, reduced sodium",Cold cuts and cured meats,293,12.5,3.4,0.0,0.0,25.1,8.873,12.34,2.666,76
25230560,Liverwurst,Cold cuts and cured meats,327,14.5,3.1,0.0,0.0,28.5,9.307,12.731,3.193,180
25230610,"Luncheon meat, loaf type",Cold cuts and cured meats,225,11.23,8.46,8.46,1.5,15.95,5.287,7.06,2.804,58
25230780,"Turkey, prepackaged or deli, luncheon meat",Cold cuts and cured meats,106,14.81,2.2,0.91,0.0,3.77,0.906,1.145,1.024,49
25230785,"Turkey, prepackaged or deli, luncheon meat, reduced sodium",Cold cuts and cured meats,106,14.81,2.2,0.91,0.0,3.77,0.906,1.145,1.024,49
25230800,"Turkey ham, prepackaged or deli, luncheon meat",Cold cuts and cured meats,106,14.81,2.2,0.91,0.0,3.77,0.906,1.145,1.024,49
25231110,"Beef, prepackaged or deli, luncheon meat",Cold cuts and cured meats,115,18.62,0.64,0.29,0.0,3.69,1.318,1.521,0.27,51
25231120,"Beef, prepackaged or deli, luncheon meat, reduced sodium",Cold cuts and cured meats,115,18.62,0.64,0.29,0.0,3.69,1.318,1.521,0.27,51
25240000,"Meat spread or potted meat, NFS",Cold cuts and cured meats,235,7.66,11.94,0.0,0.2,17.34,5.977,7.584,2.565,38
25240110,Chicken salad spread,Cold cuts and cured meats,200,11.64,7.41,0.0,0.0,13.52,3.45,3.25,6.22,30
25240220,Ham salad spread,Cold cuts and cured meats,216,8.68,10.64,0.0,0.0,15.53,5.049,7.171,2.689,37
26100100,"Fish, raw",Fish,94,17.22,0.0,0.0,0.0,2.34,0.557,0.856,0.517,55
26100110,"Fish, NFS",Fish,238,19.32,6.64,0.12,0.3,14.52,2.838,5.276,4.531,56
26100120,"Fish, NS as to type, baked or broiled",Fish,208,23.0,0.01,0.01,0.0,12.39,2.995,4.112,3.295,68
26100130,"Fish, NS as to type, baked or broiled, coated",Fish,223,20.73,7.79,0.14,0.3,11.67,2.822,3.832,3.13,62
26100140,"Fish, NS as to type, fried",Fish,269,16.05,11.72,0.2,0.5,17.23,2.829,6.649,5.924,46
26100160,"Fish, NS as to type, steamed",Fish,171,23.41,0.0,0.0,0.0,8.11,1.867,2.578,2.064,66
26100180,"Fish, canned",Fish,156,23.19,0.0,0.0,0.0,6.3,1.857,2.225,1.651,79
26100190,"Fish, smoked",Fish,116,25.23,0.0,0.0,0.0,0.96,0.173,0.157,0.321,77
26100270,"Fish, stick",Fish,277,11.01,21.66,1.65,1.5,16.23,3.733,3.193,7.824,28
26101110,"Fish, anchovy",Fish,210,28.89,0.0,0.0,0.0,9.71,2.203,3.77,2.562,85
26105110,"Fish, carp",Fish,213,19.97,7.79,0.14,0.3,10.72,2.387,4.11,2.889,77
26107110,"Fish, catfish, NFS",Fish,255,13.49,11.72,0.2,0.5,16.68,2.658,7.005,5.475,48
26107120,"Fish, catfish, baked or broiled",Fish,189,18.93,0.01,0.01,0.0,11.91,2.813,4.805,2.691,72
26107123,"Fish, catfish, grilled",Fish,171,19.31,0.0,0.0,0.0,9.8,2.254,4.066,2.069,72
26107130,"Fish, catfish, baked or broiled, coated",Fish,205,17.24,7.79,0.14,0.3,11.08,2.625,4.367,2.562,65
26107140,"Fish, catfish, fried",Fish,255,13.49,11.72,0.2,0.5,16.68,2.658,7.005,5.475,48
26107160,"Fish, catfish, steamed",Fish,150,19.24,0.0,0.0,0.0,7.5,1.655,3.25,1.414,69
26109110,"Fish, cod, NFS",Fish,217,13.52,11.72,0.2,0.5,12.48,1.727,5.104,4.749,42
26109120,"Fish, cod, baked or broiled",Fish,126,18.98,0.01,0.01,0.0,5.04,1.292,1.7,1.505,62
26109123,"Fish, cod, grilled",Fish,108,19.36,0.0,0.0,0.0,2.79,0.701,0.897,0.858,61
26109130,"Fish, cod, baked or broiled, coated",Fish,152,17.29,7.79,0.14,0.3,5.28,1.342,1.747,1.561,57
26109140,"Fish, cod, fried",Fish,217,13.52,11.72,0.2,0.5,12.48,1.727,5.104,4.749,42
26109160,"Fish, cod, steamed",Fish,87,19.29,0.0,0.0,0.0,0.52,0.107,0.092,0.207,59
26111110,"Fish, croaker",Fish,189,19.92,7.79,0.14,0.3,8.17,2.393,2.875,1.875,72
26113110,"Fish, eel",Fish,273,20.61,7.79,0.14,0.3,17.07,3.723,9.204,2.381,140
26115110,"Fish, flounder, NFS",Fish,128,15.42,0.01,0.01,0.0,6.93,1.734,2.274,1.766,60
26115120,"Fish, flounder, baked or broiled",Fish,128,15.42,0.01,0.01,0.0,6.93,1.734,2.274,1.766,60
26115123,"Fish, flounder, grilled",Fish,109,15.74,0.0,0.0,0.0,4.72,1.152,1.483,1.125,59
26115130,"Fish, flounder, baked or broiled, coated",Fish,153,14.29,7.79,0.14,0.3,6.87,1.715,2.232,1.781,55
26115140,"Fish, flounder, fried",Fish,217,11.35,11.72,0.2,0.5,13.64,1.998,5.456,4.909,40
26115160,"Fish, flounder, steamed",Fish,88,15.68,0.0,0.0,0.0,2.44,0.557,0.676,0.472,57
26117110,"Fish, haddock, NFS",Fish,217,14.31,11.72,0.2,0.5,12.51,1.733,5.092,4.748,47
26117120,"Fish, haddock, baked or broiled",Fish,126,20.26,0.01,0.01,0.0,5.1,1.302,1.68,1.503,71
26117121,"Fish, haddock, grilled",Fish,108,20.67,0.0,0.0,0.0,2.84,0.711,0.877,0.857,70
26117130,"Fish, haddock, baked or broiled, coated",Fish,152,18.37,7.79,0.14,0.3,5.32,1.35,1.731,1.56,64
26117140,"Fish, haddock, fried",Fish,217,14.31,11.72,0.2,0.5,12.51,1.733,5.092,4.748,47
26117160,"Fish, haddock, steamed",Fish,87,20.59,0.0,0.0,0.0,0.57,0.117,0.072,0.206,68
26118010,"Fish, halibut",Fish,175,20.73,7.79,0.14,0.3,6.24,1.559,2.164,1.693,59
26119110,"Fish, herring",Fish,245,20.1,7.79,0.14,0.3,14.32,3.39,5.585,3.624,71
26119180,"Fish, pickled",Fish,262,14.19,9.64,7.71,0.0,18.0,2.381,11.947,1.679,13
26121110,"Fish, mackerel, NFS",Fish,237,24.94,0.01,0.01,0.0,14.33,3.977,4.874,3.71,62
26121120,"Fish, mackerel, baked or broiled",Fish,237,24.94,0.01,0.01,0.0,14.33,3.977,4.874,3.71,62
26121121,"Fish, mackerel, grilled",Fish,221,25.45,0.0,0.0,0.0,12.27,3.442,4.137,3.11,61
26121131,"Fish, mackerel, baked or broiled, coated",Fish,245,22.32,7.79,0.14,0.3,13.12,3.607,4.426,3.422,57
26121140,"Fish, mackerel, fried",Fish,284,17.17,11.72,0.2,0.5,18.17,3.371,7.047,6.099,42
26121180,"Fish, mackerel, canned",Fish,156,23.19,0.0,0.0,0.0,6.3,1.857,2.225,1.651,79
26123110,"Fish, mullet",Fish,202,21.56,7.79,0.14,0.3,8.82,2.422,2.8,2.138,59
26127110,"Fish, perch, NFS",Fish,224,13.56,11.72,0.2,0.5,13.34,1.87,5.41,4.855,46
26127120,"Fish, perch, baked or broiled",Fish,139,19.03,0.01,0.01,0.0,6.45,1.526,2.199,1.679,68
26127123,"Fish, perch, grilled",Fish,121,19.42,0.0,0.0,0.0,4.22,0.939,1.407,1.036,68
26127130,"Fish, perch, baked or broiled, coated",Fish,163,17.33,7.79,0.14,0.3,6.46,1.539,2.169,1.708,62
26127140,"Fish, perch, fried",Fish,224,13.56,11.72,0.2,0.5,13.34,1.87,5.41,4.855,46
26127160,"Fish, perch, steamed",Fish,115,24.5,0.0,0.0,0.0,1.16,0.234,0.192,0.465,114
26129110,"Fish, pike",Fish,172,21.47,7.79,0.14,0.3,5.58,1.376,1.835,1.601,49
26131110,"Fish, pompano, NFS",Fish,244,22.96,0.01,0.01,0.0,16.3,5.544,4.821,2.713,66
26131120,"Fish, pompano, baked or broiled",Fish,244,22.96,0.01,0.01,0.0,16.3,5.544,4.821,2.713,66
26131121,"Fish, pompano, grilled",Fish,228,23.43,0.0,0.0,0.0,14.27,5.042,4.083,2.092,65
26131130,"Fish, pompano, baked or broiled, coated",Fish,252,20.65,7.79,0.14,0.3,14.77,4.929,4.38,2.58,60
26131140,"Fish, pompano, fried",Fish,289,15.96,11.72,0.2,0.5,19.37,4.33,7.015,5.489,44
26131160,"Fish, pompano, steamed",Fish,207,23.35,0.0,0.0,0.0,11.96,4.433,3.267,1.436,63
26133110,"Fish, snapper",Fish,185,22.78,7.79,0.14,0.3,6.26,1.551,1.934,1.87,47
26137100,"Fish, salmon, raw",Fish,188,20.44,0.0,0.0,0.0,11.16,2.49,3.165,3.117,53
26137110,"Fish, salmon, NFS",Fish,274,25.4,0.01,0.01,0.0,18.4,4.279,5.539,5.172,69
26137120,"Fish, salmon, baked or broiled",Fish,274,25.4,0.01,0.01,0.0,18.4,4.279,5.539,5.172,69
26137123,"Fish, salmon, grilled",Fish,259,25.92,0.0,0.0,0.0,16.48,3.764,4.832,4.622,69
26137130,"Fish, salmon, baked or broiled, coated",Fish,277,22.7,7.79,0.14,0.3,16.58,3.869,4.994,4.665,63
26137140,"Fish, salmon, fried",Fish,307,17.45,11.72,0.2,0.5,20.68,3.562,7.461,7.003,46
26137160,"Fish, salmon, steamed",Fish,237,25.82,0.0,0.0,0.0,14.1,3.146,3.998,3.938,67
26137180,"Fish, salmon, canned",Fish,136,24.62,0.0,0.0,0.0,4.21,0.749,0.971,1.298,83
26137190,"Fish, salmon, smoked",Fish,117,18.28,0.0,0.0,0.0,4.32,0.929,2.023,0.995,23
26139180,"Fish, sardines, canned",Fish,208,24.62,0.0,0.0,0.0,11.45,1.528,3.869,5.148,142
26141110,"Fish, bass, NFS",Fish,161,22.9,0.01,0.01,0.0,7.02,1.821,2.136,2.224,55
26141120,"Fish, bass, baked or broiled",Fish,161,22.9,0.01,0.01,0.0,7.02,1.821,2.136,2.224,55
26141121,"Fish, bass, grilled",Fish,143,23.37,0.0,0.0,0.0,4.8,1.241,1.342,1.592,54
26141130,"Fish, bass, baked or broiled, coated",Fish,182,20.6,7.79,0.14,0.3,6.95,1.788,2.115,2.168,51
26141140,"Fish, bass, fried",Fish,238,15.93,11.72,0.2,0.5,13.69,2.051,5.371,5.189,37
26141160,"Fish, bass, steamed",Fish,123,23.28,0.0,0.0,0.0,2.53,0.646,0.536,0.939,52
26143110,"Fish, shark",Fish,216,23.27,7.79,0.14,0.3,9.58,2.222,3.565,2.641,61
26149110,"Fish, swordfish",Fish,231,21.89,7.79,0.14,0.3,11.82,2.944,4.818,2.593,77
26151110,"Fish, trout, NFS",Fish,271,17.08,11.72,0.2,0.5,16.87,2.714,6.553,5.77,51
26151120,"Fish, trout, baked or broiled",Fish,216,24.78,0.01,0.01,0.0,12.21,2.904,4.067,3.172,77
26151123,"Fish, trout, grilled",Fish,199,25.28,0.0,0.0,0.0,10.1,2.347,3.313,2.561,77
26151130,"Fish, trout, baked or broiled, coated",Fish,228,22.18,7.79,0.14,0.3,11.33,2.702,3.744,2.968,70
26151140,"Fish, trout, fried",Fish,271,17.08,11.72,0.2,0.5,16.87,2.714,6.553,5.77,51
26151160,"Fish, trout, steamed",Fish,178,25.19,0.0,0.0,0.0,7.81,1.747,2.5,1.904,75
26153100,"Fish, tuna, raw",Fish,109,24.4,0.0,0.0,0.0,0.49,0.172,0.116,0.147,39
26153110,"Fish, tuna, NFS",Fish,85,19.0,0.08,0.0,0.0,0.94,0.224,0.114,0.259,36
26153120,"Fish, tuna, cooked",Fish,176,30.31,0.01,0.01,0.0,5.14,1.4,1.754,1.484,52
26155110,"Fish, tuna, canned",Fish,85,19.0,0.08,0.0,0.0,0.94,0.224,0.114,0.259,36
26157110,"Fish, whiting, NFS",Fish,233,15.84,11.72,0.2,0.5,13.17,1.85,5.261,4.945,57
26157120,"Fish, whiting, baked or broiled",Fish,153,22.75,0.01,0.01,0.0,6.16,1.493,1.956,1.825,87
26157123,"Fish, whiting, grilled",Fish,134,23.22,0.0,0.0,0.0,3.93,0.906,1.158,1.185,87
26157130,"Fish, whiting, baked or broiled, coated",Fish,174,20.47,7.79,0.14,0.3,6.22,1.511,1.963,1.831,78
26157140,"Fish, whiting, fried",Fish,233,15.84,11.72,0.2,0.5,13.17,1.85,5.261,4.945,57
26157160,"Fish, whiting, steamed",Fish,114,23.13,0.0,0.0,0.0,1.66,0.312,0.352,0.533,85
26158000,"Fish, tilapia, NFS",Fish,160,24.95,0.01,0.01,0.0,6.65,1.913,2.228,1.752,66
26158010,"Fish, tilapia, baked or broiled",Fish,160,24.95,0.01,0.01,0.0,6.65,1.913,2.228,1.752,66
26158013,"Fish, tilapia, grilled",Fish,142,25.46,0.0,0.0,0.0,4.42,1.335,1.436,1.111,65
26158020,"Fish, tilapia, baked or broiled, coated",Fish,180,22.33,7.79,0.14,0.3,6.63,1.866,2.193,1.77,60
26158030,"Fish, tilapia, fried",Fish,237,17.18,11.72,0.2,0.5,13.46,2.107,5.427,4.9,44
26158050,"Fish, tilapia, steamed",Fish,121,25.37,0.0,0.0,0.0,2.15,0.739,0.629,0.459,63
26158100,"Fish, white, mixed species, NFS",Fish,143,21.96,0.01,0.01,0.0,5.85,1.603,1.964,1.628,64
26158110,"Fish, white, mixed species, baked or broiled",Fish,143,21.96,0.01,0.01,0.0,5.85,1.603,1.964,1.628,64
26158120,"Fish, white, mixed species, baked or broiled, coated",Fish,166,19.77,7.79,0.14,0.3,5.95,1.6,1.967,1.664,59
26158130,"Fish, white, mixed species, fried",Fish,227,15.32,11.72,0.2,0.5,12.96,1.914,5.263,4.823,43
26158140,"Fish, white, mixed species, steamed",Fish,104,22.33,0.0,0.0,0.0,1.33,0.423,0.361,0.333,61
26158150,"Fish, white, mixed species, grilled",Fish,125,22.41,0.0,0.0,0.0,3.6,1.018,1.167,0.985,63
26203110,Frog legs,Shellfish,220,14.38,11.72,0.2,0.5,12.4,1.72,5.089,4.702,44
26205110,Octopus,Shellfish,226,13.25,13.39,0.2,0.5,12.96,1.835,5.172,4.806,43
26211100,Caviar,Fish,264,24.6,4.0,0.0,0.0,17.9,4.06,4.631,7.405,588
26213120,"Calamari, cooked",Shellfish,155,19.36,3.83,0.01,0.0,6.25,1.631,1.742,1.952,293
26213140,"Calamari, fried",Shellfish,234,13.76,14.06,0.2,0.5,13.22,1.935,5.13,5.023,183
26215120,Turtle,Shellfish,157,24.59,0.0,0.0,0.0,5.8,0.849,2.302,2.198,62
26300000,"Shellfish, NFS",Shellfish,146,15.46,4.9,0.07,0.2,6.67,1.234,2.416,2.296,140
26301110,Abalone,Shellfish,177,21.24,7.46,0.0,0.0,6.12,0.877,2.326,2.116,106
26303100,"Clams, raw",Shellfish,86,14.67,3.57,0.0,0.0,0.96,0.187,0.12,0.192,30
26303110,"Clams, NFS",Shellfish,143,16.14,6.74,0.05,0.1,5.2,0.912,1.792,1.686,34
26303120,"Clams, baked or broiled",Shellfish,148,18.23,4.44,0.01,0.0,5.73,1.419,1.758,1.54,41
26303140,"Clams, fried",Shellfish,230,13.07,14.43,0.2,0.5,12.9,1.805,5.14,4.77,29
26303160,"Clams, steamed or boiled",Shellfish,109,18.57,4.52,0.0,0.0,1.22,0.237,0.152,0.243,38
26303180,"Clams, canned",Shellfish,108,18.34,4.46,0.0,0.0,1.2,0.234,0.15,0.24,38
26305160,Crab,Shellfish,83,17.88,0.0,0.0,0.0,0.74,0.201,0.129,0.258,97
26305180,"Crab, canned",Shellfish,83,17.88,0.0,0.0,0.0,0.74,0.201,0.129,0.258,97
26307140,"Crab, soft shell",Shellfish,227,15.51,11.72,0.2,0.5,12.73,1.815,5.147,4.82,80
26309140,"Crayfish, fried",Shellfish,223,14.06,11.72,0.2,0.5,12.89,1.783,5.181,4.847,93
26309160,"Crayfish, cooked",Shellfish,97,20.22,0.0,0.0,0.0,1.2,0.201,0.22,0.371,144
26311110,Lobster,Shellfish,97,20.91,0.0,0.0,0.0,0.95,0.229,0.278,0.375,161
26313110,Mussels,Shellfish,109,15.06,4.67,0.0,0.0,2.84,0.538,0.642,0.767,35
26315100,"Oysters, raw",Shellfish,51,5.71,2.72,0.62,0.0,1.71,0.474,0.253,0.528,40
26315120,"Oysters, baked or broiled",Shellfish,104,7.11,3.39,0.78,0.0,6.66,1.775,1.924,1.957,53
26315130,"Oysters, steamed",Shellfish,65,7.23,3.44,0.78,0.0,2.16,0.6,0.32,0.668,51
26315140,"Oysters, fried",Shellfish,203,6.26,13.79,0.67,0.5,13.47,2.023,5.241,5.026,37
26315180,"Oysters, canned",Shellfish,74,7.67,4.25,0.0,0.0,2.68,0.686,0.272,0.803,60
26317120,"Scallops, baked or broiled",Shellfish,126,14.99,3.96,0.01,0.0,5.14,1.346,1.669,1.463,33
26317121,"Scallops, grilled",Shellfish,108,15.3,4.04,0.0,0.0,2.89,0.756,0.866,0.815,32
26317130,"Scallops, steamed or boiled",Shellfish,87,15.24,4.02,0.0,0.0,0.62,0.162,0.061,0.164,30
26317140,"Scallops, fried",Shellfish,217,11.08,14.14,0.2,0.5,12.54,1.76,5.085,4.723,25
26319110,"Shrimp, NFS",Shellfish,146,15.46,4.9,0.07,0.2,6.67,1.234,2.416,2.296,140
26319120,"Shrimp, baked or broiled",Shellfish,129,16.92,1.14,0.01,0.0,5.79,1.511,1.834,1.667,160
26319123,"Shrimp, grilled",Shellfish,110,17.26,1.16,0.0,0.0,3.55,0.924,1.034,1.024,162
26319130,"Shrimp, steamed or boiled",Shellfish,90,17.19,1.15,0.0,0.0,1.28,0.33,0.229,0.373,159
26319140,"Shrimp, fried",Shellfish,218,12.26,12.41,0.2,0.5,12.94,1.861,5.186,4.848,102
26319160,"Shrimp, baked or broiled, coated",Shellfish,154,15.55,8.74,0.14,0.3,5.91,1.526,1.861,1.698,140
26319170,"Shrimp, dried",Shellfish,250,51.05,0.0,0.0,0.0,3.4,0.47,0.27,1.71,630
26319180,"Shrimp, canned",Shellfish,100,20.42,0.0,0.0,0.0,1.36,0.188,0.108,0.684,252
26321110,Escargot,Shellfish,158,19.99,2.48,0.0,0.0,6.91,1.14,2.514,2.3,62
27100100,"Barbecue meat, NFS",Meat mixed dishes,226,18.14,12.23,9.97,0.3,11.17,4.02,4.934,1.394,65
27111000,Beef with tomato-based sauce,Meat mixed dishes,149,21.72,1.58,1.06,0.4,6.36,2.391,2.686,0.292,63
27111200,Beef burgundy,Meat mixed dishes,148,18.48,4.19,1.45,0.8,6.0,1.77,2.487,0.933,52
27111300,"Guisada, beef",Meat mixed dishes,115,10.85,2.52,0.63,0.5,6.62,2.55,2.927,0.237,36
27111400,"Chili, NFS",Meat mixed dishes,118,9.8,10.25,1.48,3.0,4.33,1.617,1.84,0.282,22
27111405,"Chili with meat, from restaurant",Meat mixed dishes,160,12.04,6.68,1.39,1.9,9.35,2.853,4.041,1.41,34
27111406,Chili with meat and beans,Meat mixed dishes,118,9.8,10.25,1.48,3.0,4.33,1.617,1.84,0.282,22
27111407,"Chili with meat, canned",Meat mixed dishes,106,8.5,10.82,1.43,3.2,3.38,1.244,1.41,0.256,17
27111420,Chili with meat,Meat mixed dishes,139,13.32,2.41,1.37,0.5,8.22,3.164,3.634,0.323,44
27111500,"Sloppy joe, no bun",Meat mixed dishes,140,12.06,5.48,3.81,0.7,7.63,2.91,3.375,0.252,39
27112000,Beef with gravy,Meat mixed dishes,156,21.56,1.58,0.09,0.0,7.05,2.568,2.977,0.377,64
27112010,Salisbury steak with gravy,Meat mixed dishes,149,6.98,6.78,0.26,1.0,10.47,3.982,4.798,1.483,33
27113000,Beef with cream or white sauce,Meat mixed dishes,185,22.5,2.75,1.38,0.0,9.31,3.773,3.437,0.664,70
27113100,Beef stroganoff,Meat mixed dishes,150,10.06,6.21,1.36,0.7,9.33,3.441,2.836,1.944,35
27113200,Creamed chipped or dried beef,Meat mixed dishes,133,7.65,7.57,4.58,0.1,8.05,2.32,3.348,1.857,19
27113300,Swedish meatballs with cream or white sauce,Meat mixed dishes,170,12.48,6.29,2.46,0.2,10.3,4.535,3.965,0.495,64
27114000,Beef with mushroom sauce,Meat mixed dishes,163,21.97,1.83,0.56,0.1,7.54,2.695,2.961,0.84,64
27115000,Beef with soy-based sauce,Stir-fry and soy-based sauce mixtures,187,15.86,3.35,1.05,0.5,12.38,2.736,5.232,3.259,43
27115100,Steak teriyaki,Stir-fry and soy-based sauce mixtures,198,28.86,1.94,1.76,0.0,8.25,3.13,3.517,0.336,82
27116100,Beef curry,Meat mixed dishes,113,7.57,6.53,2.56,1.4,6.57,1.794,2.574,1.809,20
27116110,Beef curry with rice,Meat mixed dishes,119,5.61,15.12,1.56,1.0,4.05,1.107,1.579,1.116,12
27116200,"Barbecue beef, with sauce",Meat mixed dishes,228,19.83,12.23,9.97,0.3,10.79,4.138,4.925,0.431,67
27116210,"Barbecue beef, no sauce","Beef, excludes ground",252,27.97,0.0,0.0,0.0,15.15,5.892,7.001,0.573,95
27116300,Beef with sweet and sour sauce,Stir-fry and soy-based sauce mixtures,211,9.29,14.22,8.42,0.6,12.81,3.075,5.323,3.084,29
27116350,"Stewed seasoned ground beef, Mexican style",Meat mixed dishes,169,14.27,1.28,0.41,0.2,11.38,4.325,4.906,0.343,51
27116400,Steak tartare,Meat mixed dishes,216,17.45,0.34,0.08,0.2,15.6,5.796,6.642,0.8,165
27118110,"Meatballs, Puerto Rican style",Meat mixed dishes,225,14.33,6.9,1.69,0.8,15.31,4.22,6.458,2.876,64
27118120,"Stewed seasoned ground beef, Puerto Rican style",Meat mixed dishes,278,13.75,3.83,1.75,0.9,22.81,6.2,10.886,3.365,49
27118130,"Stewed dried beef, Puerto Rican style",Meat mixed dishes,258,17.69,3.91,2.54,0.8,19.13,3.356,7.271,7.334,45
27120020,Ham or pork with gravy,Meat mixed dishes,160,20.15,1.58,0.09,0.0,7.49,2.636,3.316,0.651,58
27120030,"Barbecue pork, with sauce",Meat mixed dishes,226,17.57,12.23,9.97,0.3,11.3,3.981,4.937,1.715,64
27120040,"Barbecue pork, no sauce",Pork,249,24.75,0.0,0.0,0.0,15.87,5.668,7.017,2.406,91
27120060,Sweet and sour pork,Stir-fry and soy-based sauce mixtures,260,8.88,25.5,10.3,1.0,13.6,2.68,3.49,7.05,24
27120080,Ham stroganoff,Meat mixed dishes,131,7.62,5.19,1.9,0.7,8.85,3.558,2.539,1.818,28
27120090,Ham or pork with mushroom sauce,Meat mixed dishes,167,20.55,1.84,0.57,0.1,7.98,2.763,3.299,1.114,57
27120100,Ham or pork with tomato-based sauce,Meat mixed dishes,153,20.3,1.59,1.06,0.4,6.8,2.458,3.024,0.566,56
27120110,Sausage with tomato-based sauce,Meat mixed dishes,234,13.28,2.58,1.82,0.4,19.09,6.166,8.06,3.602,60
27120120,Sausage gravy,Meat mixed dishes,180,6.78,7.65,3.92,0.1,13.61,5.508,4.363,2.118,36
27120130,"Guisada, pork",Meat mixed dishes,118,10.31,2.52,0.63,0.5,7.09,2.623,3.177,0.841,39
27120150,Pork or ham with soy-based sauce,Stir-fry and soy-based sauce mixtures,190,14.88,3.35,1.05,0.5,12.68,2.782,5.465,3.448,39
27120210,"Chili hot dog, no bun",Meat mixed dishes,202,10.01,7.09,1.35,1.7,14.98,6.028,6.446,0.585,36
27120250,Frankfurters or hot dogs with tomato-based sauce,Meat mixed dishes,223,8.52,3.6,1.94,0.4,19.61,7.96,8.45,0.701,40
27121000,Pork with chili and tomatoes,Meat mixed dishes,95,11.64,2.68,1.63,0.9,3.99,1.4,1.763,0.464,32
27121010,"Stewed pork, Puerto Rican style",Meat mixed dishes,200,17.91,2.75,1.29,0.6,12.69,2.957,7.353,1.296,54
27130010,Lamb or mutton with gravy,Meat mixed dishes,219,17.29,1.58,0.09,0.0,15.37,6.341,6.45,1.173,69
27133010,"Stewed goat, Puerto Rican style",Meat mixed dishes,265,22.32,1.98,0.88,0.5,18.08,3.754,11.204,1.743,63
27135020,Veal scallopini,Meat mixed dishes,241,18.71,1.47,0.57,0.4,17.47,4.796,7.558,3.563,67
27135050,Veal Marsala,Meat mixed dishes,175,17.82,6.74,0.51,0.5,8.54,3.586,3.194,0.485,55
27135110,Veal parmigiana,Meat mixed dishes,204,15.33,8.33,1.68,0.8,11.92,4.107,4.604,1.755,67
27135150,Veal cordon bleu,Meat mixed dishes,219,23.66,9.34,0.63,0.6,9.69,3.854,3.288,1.339,80
27136050,Venison or deer with tomato-based sauce,Meat mixed dishes,140,25.64,1.59,1.06,0.4,2.84,1.573,0.637,0.219,79
27136080,Venison or deer with gravy,Meat mixed dishes,147,25.48,1.58,0.09,0.0,3.53,1.75,0.93,0.304,80
27141000,Chicken or turkey cacciatore,Poultry mixed dishes,174,13.19,6.92,1.6,1.1,10.62,2.573,4.743,2.364,58
27141030,Spaghetti sauce with poultry,"Pasta sauces, tomato-based",75,6.29,6.54,4.47,1.5,2.62,0.495,0.792,0.78,19
27141035,Spaghetti sauce with poultry and added vegetables,"Pasta sauces, tomato-based",71,6.39,6.05,4.03,1.4,2.39,0.476,0.722,0.712,19
27141050,"Stewed chicken with tomato-based sauce, Mexican style",Poultry mixed dishes,120,11.98,2.48,0.97,0.4,7.06,1.522,2.654,2.123,49
27141500,Chili with chicken and beans,Poultry mixed dishes,99,10.2,10.25,1.48,3.0,2.08,0.563,0.778,0.528,31
27141505,Chili with chicken,Poultry mixed dishes,100,14.11,2.41,1.37,0.5,3.71,1.057,1.51,0.816,61
27141510,"Chili, white",Poultry mixed dishes,95,9.92,9.68,0.97,2.4,1.91,0.54,0.737,0.455,29
27142000,Chicken with gravy,Poultry mixed dishes,129,18.88,1.58,0.09,0.0,5.21,1.291,2.193,0.775,80
27142100,Chicken or turkey fricassee,Poultry mixed dishes,121,10.68,3.54,0.26,0.1,7.16,1.979,3.086,1.338,46
27142200,Turkey with gravy,Poultry mixed dishes,125,20.46,1.58,0.09,0.0,3.46,0.98,1.188,0.841,72
27143000,Chicken or turkey with cream sauce,Poultry mixed dishes,157,19.82,2.75,1.38,0.0,7.48,2.497,2.653,1.062,85
27144000,Chicken or turkey with mushroom sauce,Poultry mixed dishes,136,19.29,1.84,0.57,0.1,5.7,1.418,2.176,1.239,79
27145000,Chicken or turkey with teriyaki,Stir-fry and soy-based sauce mixtures,163,25.73,1.62,1.47,0.0,5.96,1.48,2.537,0.878,105
27146011,Barbecue chicken,Poultry mixed dishes,167,19.0,12.23,9.97,0.3,4.64,1.119,1.919,0.686,79
27146100,Sweet and sour chicken or turkey,Stir-fry and soy-based sauce mixtures,250,10.1,23.86,11.47,1.0,12.65,1.933,2.717,6.419,27
27146110,"Sweet and sour chicken or turkey, without vegetables",Stir-fry and soy-based sauce mixtures,250,10.1,23.86,11.47,1.0,12.65,1.933,2.717,6.419,27
27146150,Chicken curry,Poultry mixed dishes,107,6.48,6.54,2.56,1.4,6.48,1.557,2.422,1.906,22
27146155,Chicken curry with rice,Poultry mixed dishes,116,4.96,15.12,1.56,1.0,4.0,0.965,1.488,1.174,13
27146160,Chicken with mole sauce,Poultry mixed dishes,137,18.97,3.22,2.12,0.3,5.58,1.661,2.203,0.756,78
27146200,Chicken or turkey with cheese sauce,Poultry mixed dishes,173,21.77,1.64,0.06,0.0,8.9,3.503,3.303,1.071,90
27146250,Chicken or turkey cordon bleu,Poultry mixed dishes,210,22.64,9.29,0.63,0.6,9.17,3.328,2.909,1.479,85
27146300,Chicken or turkey parmigiana,Poultry mixed dishes,174,16.25,8.3,1.68,0.8,8.34,2.621,2.595,1.759,73
27146350,Orange chicken,Stir-fry and soy-based sauce mixtures,262,14.46,22.46,13.6,0.8,12.68,2.422,3.474,6.086,61
27146360,Sesame chicken,Stir-fry and soy-based sauce mixtures,293,14.33,26.88,15.98,0.7,14.25,2.41,3.546,6.885,59
27146400,Chicken kiev,Poultry mixed dishes,280,21.31,5.45,0.06,0.1,19.21,7.418,7.067,2.11,106
27148010,"Stuffed chicken, drumstick or breast, Puerto Rican style",Poultry mixed dishes,236,28.4,6.51,0.36,0.3,10.54,3.477,3.899,1.587,167
27150010,"Fish with cream or white sauce, not tuna or lobster",Seafood mixed dishes,116,17.05,2.75,1.38,0.0,3.64,1.513,0.853,0.612,45
27150050,Fish timbale or mousse,Seafood mixed dishes,149,10.08,1.96,0.92,0.0,10.95,5.481,2.557,0.819,108
27150110,Shrimp cocktail,Shellfish,99,13.24,7.92,2.96,0.4,1.22,0.247,0.172,0.28,119
27150120,Tuna with cream or white sauce,Seafood mixed dishes,102,14.42,2.81,1.39,0.0,3.71,1.557,0.849,0.591,32
27150130,Seafood thermidor,Seafood mixed dishes,251,10.64,4.66,2.55,0.1,21.16,10.993,5.052,1.087,169
27150140,Seafood sauce,Shellfish,203,8.53,2.51,0.02,0.1,17.45,2.732,11.624,1.716,18
27150151,Spaghetti sauce with seafood,"Pasta sauces, tomato-based",64,5.33,7.09,4.47,1.5,1.48,0.185,0.334,0.503,30
27150155,Spaghetti sauce with seafood and added vegetables,"Pasta sauces, tomato-based",60,5.43,6.6,4.03,1.4,1.25,0.165,0.263,0.435,30
27150160,Shrimp with lobster sauce,Seafood mixed dishes,151,16.78,2.16,0.8,0.0,7.85,1.747,3.036,2.206,192
27150170,Sweet and sour shrimp,Stir-fry and soy-based sauce mixtures,172,5.92,16.19,8.44,0.6,9.22,1.287,3.743,3.479,45
27150210,Fish sauce,Soy-based condiments,35,5.06,3.64,3.64,0.0,0.01,0.003,0.002,0.003,0
27150230,Shrimp scampi,Shellfish,192,15.41,2.27,0.1,0.2,12.98,4.264,5.748,1.117,154
27150310,Fish with tomato-based sauce,Seafood mixed dishes,80,16.28,1.59,1.06,0.4,0.69,0.129,0.1,0.24,38
27150320,Fish curry,Seafood mixed dishes,93,4.94,6.65,2.56,1.4,5.42,1.292,1.923,1.779,23
27150325,Fish curry with rice,Seafood mixed dishes,107,4.03,15.19,1.56,1.0,3.36,0.806,1.189,1.098,14
27150410,Shrimp teriyaki,Stir-fry and soy-based sauce mixtures,120,21.62,3.34,1.76,0.0,1.56,0.478,0.331,0.541,193
27151030,Ceviche,Seafood mixed dishes,63,10.53,3.58,1.34,0.5,0.76,0.159,0.132,0.249,18
27151040,"Crabs in tomato-based sauce, Puerto Rican style",Seafood mixed dishes,144,12.52,2.92,1.16,0.6,8.9,1.443,5.802,0.983,66
27151050,"Shrimp in garlic sauce, Puerto Rican style",Seafood mixed dishes,281,11.56,2.45,0.47,0.2,24.96,4.318,14.453,4.762,104
27151070,"Stew, fish",Seafood mixed dishes,46,7.63,2.75,0.63,0.5,0.42,0.099,0.065,0.134,45
27160100,"Meatballs, NS as to type of meat, with sauce",Meat mixed dishes,186,18.02,0.15,0.07,0.0,12.02,4.556,5.282,0.501,97
27161010,"Meat loaf, Puerto Rican style",Meat mixed dishes,325,19.85,10.7,1.03,0.6,22.0,6.374,9.361,3.448,148
27162010,Meat with tomato-based sauce,Meat mixed dishes,149,21.72,1.58,1.06,0.4,6.36,2.391,2.687,0.292,63
27162040,Spaghetti sauce with meat,"Pasta sauces, tomato-based",90,5.94,6.54,4.47,1.5,4.36,1.348,1.712,0.502,18
27162060,Spaghetti sauce with meat and added vegetables,"Pasta sauces, tomato-based",86,6.03,6.05,4.03,1.4,4.13,1.329,1.641,0.434,18
27162500,"Stewed, seasoned, ground beef and pork, Mexican style",Meat mixed dishes,139,16.7,1.45,0.46,0.2,6.98,2.562,3.064,0.383,53
27163010,"Meat with gravy, NS as to type of meat,",Meat mixed dishes,156,21.56,1.58,0.09,0.0,7.05,2.568,2.977,0.377,64
27211000,"Beef and potatoes, no sauce",Meat mixed dishes,133,7.92,14.52,0.65,1.3,4.93,1.15,2.067,1.226,20
27211190,"Beef and potatoes with cream sauce, white sauce or mushroom sauce",Meat mixed dishes,100,8.04,8.66,1.28,0.7,3.79,1.032,1.051,1.407,18
27211300,"Beef, roast, hash",Meat mixed dishes,140,13.2,10.74,1.46,1.0,5.1,1.301,1.732,1.622,30
27211400,Corned beef hash,Meat mixed dishes,164,8.73,9.27,0.34,1.1,10.24,4.32,5.26,0.3,32
27211500,Beef and potatoes with cheese sauce,Meat mixed dishes,126,8.15,11.1,0.48,0.9,5.6,2.798,1.903,0.472,24
27211550,"Stewed, seasoned, ground beef with potatoes, Mexican style",Meat mixed dishes,137,10.42,5.6,0.71,0.8,7.88,2.994,3.383,0.253,35
27212000,"Beef and noodles, no sauce",Meat mixed dishes,189,11.37,16.24,0.26,0.8,8.41,2.689,3.584,0.976,48
27212050,Beef and macaroni with cheese sauce,Meat mixed dishes,137,9.12,12.26,1.5,0.5,5.42,2.177,2.11,0.314,24
27212100,Beef and noodles with tomato-based sauce,Meat mixed dishes,115,8.74,10.67,2.02,0.4,3.93,1.537,1.553,0.183,23
27212120,Chili with macaroni,Meat mixed dishes,126,8.99,14.35,1.3,2.8,3.65,1.327,1.497,0.291,18
27212200,Beef and noodles with gravy,Meat mixed dishes,139,7.7,15.39,0.32,0.7,5.07,1.21,1.966,1.118,32
27212300,Beef and noodles with cream or white sauce,Meat mixed dishes,140,7.86,15.02,1.56,0.6,5.33,2.081,1.603,0.726,34
27212350,Beef stroganoff with noodles,Meat mixed dishes,129,7.76,8.99,1.01,0.7,6.8,2.442,2.057,1.439,29
27212400,Beef and noodles with mushroom sauce,Meat mixed dishes,136,7.54,14.96,0.8,0.8,5.14,1.258,1.686,1.578,29
27212500,Beef and noodles with soy-based sauce,Stir-fry and soy-based sauce mixtures,173,13.19,7.54,0.86,0.6,10.05,2.217,4.237,2.64,35
27213000,"Beef and rice, no sauce",Meat mixed dishes,146,7.27,17.23,0.03,0.2,5.0,1.099,2.106,1.336,17
27213010,Biryani with meat,Rice mixed dishes,145,8.5,12.19,1.69,1.0,6.79,2.969,2.649,0.48,29
27213100,Beef and rice with tomato-based sauce,Meat mixed dishes,136,6.39,15.88,1.11,0.7,5.15,1.044,2.144,1.493,14
27213120,Porcupine balls with tomato-based sauce,Meat mixed dishes,153,10.36,13.39,3.0,0.6,6.21,2.358,2.737,0.245,31
27213200,Beef and rice with gravy,Meat mixed dishes,137,6.28,15.98,0.12,0.2,5.12,1.132,2.134,1.296,15
27213300,Beef and rice with cream sauce,Meat mixed dishes,139,6.7,15.9,1.33,0.2,5.24,1.97,1.712,0.838,19
27213400,Beef and rice with mushroom sauce,Meat mixed dishes,135,6.25,15.53,0.59,0.4,5.18,1.184,1.856,1.716,13
27213420,Porcupine balls with mushroom sauce,Meat mixed dishes,157,10.34,10.71,0.5,0.5,7.76,2.632,3.087,1.118,31
27213500,Beef and rice with soy-based sauce,Stir-fry and soy-based sauce mixtures,178,13.58,7.96,0.88,0.5,10.26,2.271,4.332,2.702,36
27213600,Beef and rice with cheese sauce,Meat mixed dishes,142,8.08,14.66,0.16,0.4,5.35,2.271,2.107,0.235,24
27214100,Meat loaf made with beef,Meat mixed dishes,199,17.48,7.2,1.84,0.4,10.72,3.957,4.566,0.603,76
27214110,"Meat loaf made with beef, with tomato-based sauce",Meat mixed dishes,159,13.78,6.77,2.23,0.7,8.35,3.067,3.539,0.494,59
27214300,Beef wellington,Meat mixed dishes,368,19.16,10.25,0.12,0.4,27.43,9.564,11.471,2.961,83
27214500,Corned beef patty,Meat mixed dishes,164,8.73,9.27,0.34,1.1,10.24,4.32,5.26,0.3,32
27218210,"Beef stew with potatoes, Puerto Rican style",Meat mixed dishes,220,14.57,6.53,0.93,1.0,14.85,4.209,6.932,2.174,42
27220010,Meat loaf made with ham,Meat mixed dishes,179,20.65,6.16,1.67,0.3,7.52,2.261,2.844,1.755,94
27220020,Ham and noodles with cream or white sauce,Meat mixed dishes,139,6.81,15.32,1.59,0.6,5.44,2.078,1.725,0.897,30
27220030,Ham and rice with mushroom sauce,Meat mixed dishes,136,5.37,16.28,0.62,0.4,5.19,1.164,1.93,1.857,10
27220050,Ham or pork with stuffing,Meat mixed dishes,143,6.26,10.43,1.13,0.4,8.27,1.866,3.911,2.093,13
27220080,Ham croquette,Meat mixed dishes,273,17.97,2.6,0.49,0.2,20.74,4.527,7.523,8.027,87
27220110,Pork and rice with tomato-based sauce,Meat mixed dishes,140,6.42,16.78,1.17,0.7,5.0,1.047,2.116,1.435,13
27220120,Sausage and rice with tomato-based sauce,Meat mixed dishes,134,4.63,16.4,1.3,0.7,5.49,1.557,2.283,1.265,13
27220150,Sausage and rice with mushroom sauce,Meat mixed dishes,142,4.86,16.8,0.8,0.4,6.02,1.774,2.184,1.68,14
27220170,Sausage and rice with cheese sauce,Meat mixed dishes,151,6.32,13.94,0.22,0.2,7.61,3.298,2.794,1.07,21
27220190,Sausage and noodles with cream or white sauce,Meat mixed dishes,153,5.91,14.83,1.67,0.6,7.8,2.8,2.662,1.386,33
27220210,"Ham and noodles, no sauce",Meat mixed dishes,144,7.15,15.88,0.25,0.8,5.54,1.193,2.277,1.585,29
27220310,"Ham or pork and rice, no sauce",Meat mixed dishes,143,6.73,16.8,0.03,0.2,4.99,1.089,2.14,1.373,14
27220510,Ham or pork and potatoes with gravy,Meat mixed dishes,126,5.4,11.68,0.54,0.9,6.33,1.276,2.673,1.808,14
27220520,Ham or pork and potatoes with cheese sauce,Meat mixed dishes,127,7.86,11.11,0.48,0.9,5.69,2.812,1.973,0.529,22
27221100,"Stewed pig's feet, Puerto Rican style",Meat mixed dishes,136,9.99,4.13,0.75,0.5,8.7,2.264,4.084,1.379,44
27221150,"Stew, pork",Meat mixed dishes,109,8.35,6.29,1.57,1.3,5.42,1.981,2.389,0.661,29
27221170,"Stew, pork, with pasta",Meat mixed dishes,133,9.35,10.81,0.92,1.1,5.58,2.015,2.417,0.72,29
27230010,Lamb or mutton loaf,Meat mixed dishes,192,14.05,7.44,4.69,0.3,11.58,4.826,4.7,0.988,85
27231000,Lamb or mutton and potatoes with gravy,Meat mixed dishes,129,5.13,12.53,0.58,1.0,6.46,1.942,2.68,1.23,17
27232000,Lamb or mutton and potatoes with tomato-based sauce,Meat mixed dishes,126,5.26,12.48,1.63,1.5,6.22,1.812,2.579,1.339,16
27233000,Lamb or mutton and noodles with gravy,Meat mixed dishes,141,6.8,15.63,0.32,0.7,5.48,1.904,2.12,0.689,34
27235000,Meat loaf made with venison/deer,Meat mixed dishes,166,19.02,6.31,1.58,0.4,6.73,3.038,1.379,0.599,86
27236000,Venison or deer and noodles with cream or white sauce,Meat mixed dishes,141,8.37,14.48,1.5,0.6,5.37,1.966,1.528,1.048,36
27241000,Chicken or turkey hash,Poultry mixed dishes,110,9.57,8.27,0.94,1.3,4.1,0.742,1.6,1.451,30
27241010,Chicken or turkey and potatoes with gravy,Poultry mixed dishes,122,7.47,9.04,0.57,0.9,6.35,1.014,2.637,2.065,26
27242000,"Chicken or turkey and noodles, no sauce",Poultry mixed dishes,148,7.73,15.47,0.25,0.7,6.14,1.042,2.42,1.929,39
27242200,Chicken or turkey and noodles with gravy,Poultry mixed dishes,140,6.99,15.23,0.31,0.7,5.67,1.045,2.219,1.612,35
27242250,Chicken or turkey and noodles with mushroom sauce,Poultry mixed dishes,136,6.92,14.86,0.8,0.8,5.46,1.077,1.82,1.935,32
27242300,Chicken or turkey and noodles with cream or white sauce,Poultry mixed dishes,140,7.39,15.24,1.58,0.6,5.51,1.903,1.667,1.012,38
27242310,Chicken or turkey and noodles with cheese sauce,Poultry mixed dishes,146,8.95,13.56,0.24,0.6,6.16,2.724,2.018,0.797,41
27242350,Chicken or turkey tetrazzini,Poultry mixed dishes,119,11.96,6.96,0.24,0.5,4.79,1.73,1.277,0.969,38
27242400,Chicken or turkey and noodles with tomato-based sauce,Poultry mixed dishes,137,7.12,15.17,1.36,1.1,5.44,0.92,2.121,1.718,34
27242500,Chicken or turkey and noodles with soy-based sauce,Stir-fry and soy-based sauce mixtures,157,11.61,7.6,0.92,0.6,9.02,1.489,3.787,2.862,44
27243000,"Chicken or turkey and rice, no sauce",Poultry mixed dishes,149,6.46,16.97,0.03,0.2,5.84,0.936,2.457,1.95,20
27243100,Biryani with chicken,Rice mixed dishes,104,7.15,13.55,1.88,1.1,2.38,0.907,0.773,0.254,25
27243300,Chicken or turkey and rice with cream sauce,Poultry mixed dishes,136,8.13,12.78,1.98,0.5,5.86,1.449,2.534,1.369,27
27243400,Chicken or turkey and rice with mushroom sauce,Poultry mixed dishes,135,5.67,15.43,0.59,0.4,5.48,1.013,1.982,2.052,16
27243500,Chicken or turkey and rice with tomato-based sauce,Poultry mixed dishes,142,5.72,15.66,1.09,0.6,6.18,0.955,2.579,2.132,17
27243600,Chicken or turkey and rice with soy-based sauce,Stir-fry and soy-based sauce mixtures,162,11.97,8.01,0.94,0.5,9.21,1.529,3.873,2.928,45
27246100,Chicken or turkey with dumplings,Poultry mixed dishes,144,15.69,8.04,0.45,0.3,5.55,1.422,2.245,1.058,61
27246200,Chicken or turkey with stuffing,Poultry mixed dishes,172,20.04,11.74,1.27,0.5,4.88,1.212,2.083,0.752,77
27246300,"Chicken or turkey cake, patty, or croquette",Poultry mixed dishes,262,20.83,2.59,0.49,0.2,18.75,3.406,6.254,7.653,125
27246400,Chicken or turkey souffle,Poultry mixed dishes,171,11.72,5.59,2.23,0.1,11.33,5.194,3.087,0.947,158
27246500,Meat loaf made with chicken or turkey,Poultry mixed dishes,172,18.77,8.08,2.12,0.6,7.27,1.913,2.376,2.068,84
27246505,"Meat loaf made with chicken or turkey, with tomato-based sauce",Poultry mixed dishes,145,15.46,7.29,2.41,0.8,6.2,1.698,1.985,1.706,67
27250040,"Crab, cake",Seafood mixed dishes,214,14.4,4.48,0.66,0.3,14.97,2.472,4.525,7.199,114
27250050,"Fish, cake or patty",Seafood mixed dishes,212,13.63,10.4,1.01,1.2,12.64,3.944,4.577,3.109,60
27250060,Gefilte fish,Seafood mixed dishes,82,10.39,8.74,0.5,0.4,0.41,0.07,0.055,0.147,28
27250070,"Fish, salmon cake or patty",Seafood mixed dishes,285,16.07,4.46,0.65,0.3,22.1,4.046,6.598,9.148,83
27250120,"Shrimp and noodles, no sauce",Seafood mixed dishes,146,7.3,16.43,0.26,0.8,5.5,0.884,2.074,1.946,59
27250122,Shrimp and noodles with gravy,Seafood mixed dishes,131,6.02,14.7,0.3,0.6,5.18,0.899,1.965,1.673,49
27250124,Shrimp and noodles with mushroom sauce,Seafood mixed dishes,133,6.31,15.05,0.79,0.8,5.24,0.984,1.678,2.067,46
27250126,Shrimp and noodles with cream or white sauce,Seafood mixed dishes,143,7.14,16.25,1.66,0.7,5.32,1.87,1.496,1.11,56
27250128,Shrimp and noodles with soy-based sauce,Stir-fry and soy-based sauce mixtures,141,10.22,8.17,0.87,0.6,7.25,1.092,2.88,2.753,82
27250130,Shrimp and noodles with cheese sauce,Seafood mixed dishes,136,8.18,13.45,0.24,0.6,5.37,2.511,1.643,0.729,54
27250132,Shrimp and noodles with tomato sauce,Seafood mixed dishes,134,6.46,15.39,1.36,1.1,5.22,0.82,1.968,1.865,49
27250160,Tuna cake or patty,Seafood mixed dishes,206,15.33,2.65,0.49,0.2,14.92,2.446,4.415,7.186,71
27250210,Clam cake or patty,Seafood mixed dishes,246,19.02,6.79,0.49,0.2,15.35,2.501,4.469,7.213,80
27250250,Flounder with crab stuffing,Seafood mixed dishes,136,15.07,5.73,0.85,0.3,5.52,1.209,2.125,1.519,73
27250260,"Lobster with bread stuffing, baked",Seafood mixed dishes,177,14.98,9.83,1.21,0.5,8.26,4.168,1.745,0.81,120
27250270,Clams Casino,Seafood mixed dishes,162,11.8,10.3,1.8,1.0,7.9,2.22,3.347,1.801,25
27250400,"Shrimp, cake or patty",Seafood mixed dishes,218,13.93,5.26,0.66,0.3,15.34,2.56,4.593,7.277,156
27250410,Shrimp with crab stuffing,Seafood mixed dishes,174,16.39,6.16,0.33,0.3,9.01,2.186,3.579,2.515,145
27250450,Shrimp toast,Seafood mixed dishes,222,8.46,12.01,1.4,0.8,15.42,2.166,6.306,5.949,57
27250520,Imitation crab meat,Fish,95,7.62,15.0,6.25,0.5,0.46,0.216,0.275,0.143,20
27250550,Seafood souffle,Seafood mixed dishes,153,9.94,5.56,2.21,0.1,9.98,4.833,2.449,0.815,161
27250610,Tuna noodle casserole with cream or white sauce,Seafood mixed dishes,168,10.12,15.41,2.16,0.7,7.3,3.262,1.692,0.947,37
27250630,Tuna noodle casserole with mushroom sauce,Seafood mixed dishes,139,9.02,13.92,1.14,0.8,5.18,1.901,1.122,1.27,28
27250710,Tuna and rice with mushroom sauce,Seafood mixed dishes,128,4.57,15.39,0.59,0.4,5.17,0.883,1.811,2.128,6
27250810,Fish and rice with tomato-based sauce,Seafood mixed dishes,135,5.41,16.53,1.15,0.7,5.12,0.714,2.091,1.946,9
27250820,Fish and rice with cream sauce,Seafood mixed dishes,133,5.54,15.76,1.32,0.2,4.98,1.622,1.572,1.179,14
27250830,Fish and rice with mushroom sauce,Seafood mixed dishes,135,5.34,16.11,0.61,0.4,5.16,0.885,1.796,2.142,9
27250900,Fish and noodles with mushroom sauce,Seafood mixed dishes,131,6.3,14.79,0.79,0.8,5.11,0.93,1.639,2.019,23
27250950,Shellfish and noodles with tomato-based sauce,Seafood mixed dishes,135,6.58,15.74,1.36,1.1,5.04,0.782,1.887,1.781,36
27251010,"Stewed salmon, Puerto Rican style",Seafood mixed dishes,146,12.02,8.47,1.27,1.3,7.02,1.056,2.686,2.199,31
27260010,"Meat loaf, NS as to type of meat",Meat mixed dishes,202,17.49,7.2,1.81,0.4,11.04,4.138,4.634,0.614,78
27260050,"Meatballs, with breading, NS as to type of meat, with gravy",Meat mixed dishes,143,12.22,6.28,1.22,0.4,7.51,2.882,3.184,0.403,48
27260080,Meat loaf made with beef and pork,Meat mixed dishes,196,17.27,7.18,1.8,0.4,10.5,3.888,4.428,0.723,78
27260090,"Meat loaf made with beef, veal and pork",Meat mixed dishes,196,17.27,7.18,1.8,0.4,10.5,3.888,4.428,0.723,78
27260100,"Meat loaf made with beef and pork, with tomato-based sauce",Meat mixed dishes,157,13.63,6.75,2.2,0.7,8.18,3.016,3.434,0.587,60
27260110,"Hash, NS as to type of meat",Meat mixed dishes,164,8.73,9.27,0.34,1.1,10.24,4.32,5.26,0.3,32
27260500,"Vienna sausages stewed with potatoes, Puerto Rican style",Meat mixed dishes,219,5.08,13.06,1.31,1.7,16.36,3.819,7.845,3.64,28
27261500,"Stewed, seasoned, ground beef and pork with potatoes, Mexican style",Meat mixed dishes,143,12.84,4.16,0.49,0.6,8.02,2.96,3.512,0.354,43
27311110,"Beef, potatoes, and vegetables including carrots, broccoli, and/or dark-green leafy; no sauce",Meat mixed dishes,126,6.93,13.46,1.19,1.8,5.15,1.094,2.127,1.439,16
27311120,"Beef, potatoes, and vegetables, excluding carrots, broccoli, and dark-green leafy; no sauce",Meat mixed dishes,131,6.97,14.97,1.12,1.7,5.1,1.088,2.123,1.419,16
27311210,"Corned beef, potatoes, and vegetables including carrots, broccoli, and/or dark-green leafy; no sauce",Meat mixed dishes,127,4.76,13.73,1.21,1.8,6.0,1.502,2.696,1.12,18
27311220,"Corned beef, potatoes, and vegetables excluding carrots, broccoli, and dark-green leafy; no sauce",Meat mixed dishes,127,4.84,15.35,1.14,1.7,5.38,1.423,2.45,0.873,18
27311310,"Stew, beef, canned",Meat mixed dishes,100,5.0,6.54,1.06,1.1,5.96,2.08,2.172,1.13,14
27311410,"Stew, beef",Meat mixed dishes,107,8.76,6.29,1.57,1.3,5.07,1.927,2.202,0.209,27
27311430,"Stew, beef, with pasta",Meat mixed dishes,132,9.76,10.81,0.92,1.1,5.23,1.96,2.23,0.267,27
27311510,Shepherd's pie,Meat mixed dishes,123,7.64,8.72,1.88,1.5,6.3,2.67,2.362,0.479,27
27311600,"Beef, potatoes, and vegetables including carrots, broccoli, and/or dark-green leafy; gravy",Meat mixed dishes,129,5.23,11.17,0.94,1.4,7.16,1.327,2.971,2.201,13
27311605,"Beef, potatoes, and vegetables excluding carrots, broccoli, and dark-green leafy; gravy",Meat mixed dishes,126,5.3,12.36,0.9,1.3,6.34,1.222,2.64,1.885,13
27311610,"Beef, potatoes, and vegetables including carrots, broccoli, and/or dark-green leafy; cream sauce, white sauce, or mushroom sauce",Meat mixed dishes,127,5.28,11.13,1.29,1.4,7.06,1.358,2.672,2.497,12
27311620,"Beef, potatoes, and vegetables excluding carrots, broccoli, and dark-green leafy; cream sauce, white sauce, or mushroom sauce",Meat mixed dishes,128,5.33,12.19,1.25,1.3,6.69,1.31,2.525,2.353,12
27311625,"Beef, potatoes, and vegetables including carrots, broccoli, and/or dark-green leafy; tomato-based sauce",Meat mixed dishes,126,5.33,11.13,1.78,1.7,6.96,1.225,2.889,2.285,12
27311630,"Beef, potatoes, and vegetables excluding carrots, broccoli, and dark-green leafy; tomato-based sauce",Meat mixed dishes,126,5.39,12.28,1.74,1.6,6.56,1.173,2.731,2.129,12
27311635,"Beef, potatoes, and vegetables including carrots, broccoli, and/or dark-green leafy; cheese sauce",Meat mixed dishes,127,8.14,11.82,0.96,1.4,5.43,2.689,1.825,0.487,23
27311640,"Beef, potatoes, and vegetables excluding carrots, broccoli, and dark-green leafy; cheese sauce",Meat mixed dishes,131,8.17,12.97,0.91,1.3,5.43,2.69,1.839,0.488,23
27311645,"Beef, potatoes, and vegetables including carrots, broccoli, and/or dark-green leafy; soy-based sauce",Stir-fry and soy-based sauce mixtures,149,11.75,5.96,1.34,1.1,8.82,1.946,3.704,2.321,31
27311650,"Beef, potatoes, and vegetables excluding carrots, broccoli, and dark-green leafy; soy-based sauce",Stir-fry and soy-based sauce mixtures,148,11.78,5.8,1.4,1.0,8.81,1.944,3.697,2.333,31
27313010,"Beef, noodles, and vegetables including carrots, broccoli, and/or dark-green leafy; no sauce",Meat mixed dishes,148,8.71,16.71,0.91,1.5,5.19,1.182,1.99,1.3,34
27313020,"Beef, noodles, and vegetables excluding carrots, broccoli, and dark-green leafy; no sauce",Meat mixed dishes,151,8.78,18.29,0.84,1.4,4.91,1.147,1.888,1.19,34
27313110,Beef chow mein or chop suey with noodles,Fried rice and lo/chow mein,129,10.78,11.17,1.55,1.5,4.89,1.481,1.891,1.066,22
27313150,"Beef, noodles, and vegetables including carrots, broccoli, and/or dark-green leafy; soy-based sauce",Stir-fry and soy-based sauce mixtures,139,10.31,7.6,1.29,1.2,7.58,1.667,3.168,1.987,26
27313160,"Beef, noodles, and vegetables excluding carrots, broccoli, and dark-green leafy; soy-based sauce",Stir-fry and soy-based sauce mixtures,139,10.4,7.44,1.36,1.0,7.64,1.682,3.195,2.021,26
27313210,"Beef, noodles, and vegetables including carrots, broccoli, and/or dark-green leafy; tomato-based sauce",Meat mixed dishes,126,6.74,13.74,1.62,1.5,5.06,1.037,1.968,1.434,25
27313220,"Beef, noodles, and vegetables excluding carrots, broccoli, and dark-green leafy; tomato-based sauce",Meat mixed dishes,130,6.77,14.86,1.56,1.4,5.07,1.038,1.983,1.435,25
27313310,"Beef, noodles, and vegetables including carrots, broccoli, and/or dark-green leafy; mushroom sauce",Meat mixed dishes,125,6.6,13.58,1.13,1.2,5.06,1.156,1.709,1.62,24
27313320,"Beef, noodles, and vegetables excluding carrots, broccoli, and dark-green leafy; mushroom sauce",Meat mixed dishes,129,6.63,14.63,1.08,1.1,5.03,1.151,1.705,1.605,24
27313410,"Beef, noodles, and vegetables including carrots, broccoli, and/or dark-green leafy; gravy",Meat mixed dishes,127,6.65,13.81,0.75,1.1,5.04,1.114,1.959,1.262,26
27313420,"Beef, noodles, and vegetables excluding carrots, broccoli, and dark-green leafy; gravy",Meat mixed dishes,131,6.68,14.94,0.7,1.0,5.05,1.115,1.974,1.263,26
27315010,"Beef, rice, and vegetables including carrots, broccoli, and/or dark-green leafy; no sauce",Meat mixed dishes,149,7.54,18.38,0.69,1.0,4.86,1.073,2.01,1.304,16
27315020,"Beef, rice, and vegetables excluding carrots, broccoli, and dark-green leafy; no sauce",Meat mixed dishes,149,7.62,20.0,0.62,0.9,4.29,1.0,1.786,1.082,16
27315210,"Beef, rice, and vegetables including carrots, broccoli, and/or dark-green leafy; tomato-based sauce",Meat mixed dishes,131,5.85,14.9,1.45,1.1,5.4,1.034,2.232,1.664,12
27315220,"Beef, rice, and vegetables excluding carrots, broccoli, and/or dark-green leafy; tomato-based sauce",Meat mixed dishes,132,5.91,16.08,1.4,1.0,4.99,0.98,2.069,1.503,12
27315250,Stuffed cabbage rolls with beef and rice,Meat mixed dishes,114,8.3,8.83,3.45,1.3,5.06,1.877,2.169,0.252,39
27315270,Stuffed grape leaves with beef and rice,Meat mixed dishes,228,8.15,11.3,2.48,3.1,17.03,3.659,9.748,1.851,22
27315310,"Beef, rice, and vegetables including carrots, broccoli, and/or dark-green leafy; mushroom sauce",Meat mixed dishes,130,5.78,14.69,0.97,0.9,5.23,1.131,1.891,1.772,12
27315320,"Beef, rice, and vegetables excluding carrots, broccoli, and dark-green leafy; mushroom sauce",Meat mixed dishes,133,5.81,15.73,0.92,0.8,5.23,1.132,1.904,1.773,12
27315330,"Beef, rice, and vegetables including carrots, broccoli, and/or dark-green leafy; cheese sauce",Meat mixed dishes,147,8.58,15.54,0.58,0.8,5.51,2.713,1.864,0.502,23
27315340,"Beef, rice, and vegetables excluding carrots, broccoli, and dark-green leafy; cheese sauce",Meat mixed dishes,143,8.18,15.85,0.5,0.7,5.24,2.576,1.784,0.478,22
27315410,"Beef, rice, and vegetables including carrots, broccoli, and/or dark-green leafy; gravy",Meat mixed dishes,131,5.77,15.01,0.59,0.8,5.18,1.082,2.135,1.413,13
27315420,"Beef, rice, and vegetables excluding carrots, broccoli, and dark-green leafy; gravy",Meat mixed dishes,135,5.8,16.13,0.54,0.7,5.18,1.083,2.149,1.414,13
27315510,"Beef, rice, and vegetables including carrots, broccoli, and/or dark-green leafy; soy-based sauce",Stir-fry and soy-based sauce mixtures,143,10.56,7.9,1.31,1.1,7.7,1.698,3.223,2.023,27
27315520,"Beef, rice, and vegetables excluding carrots, broccoli, and dark-green leafy; soy-based sauce",Stir-fry and soy-based sauce mixtures,145,10.88,7.75,1.36,0.9,7.96,1.757,3.334,2.109,27
27317010,"Pot pie, beef",Meat mixed dishes,271,8.92,23.95,3.33,2.0,15.37,5.454,6.716,1.652,22
27317100,"Beef, dumplings, and vegetables including carrots, broccoli, and/or dark-green leafy; gravy",Meat mixed dishes,127,6.15,11.7,1.12,0.9,6.36,1.452,2.532,1.668,14
27317110,"Beef, dumplings, and vegetables excluding carrots, broccoli, and dark-green leafy; gravy",Meat mixed dishes,130,6.19,12.85,1.07,0.8,6.16,1.427,2.458,1.587,14
27319010,"Stuffed green pepper, Puerto Rican style",Meat mixed dishes,152,8.89,15.63,3.48,1.7,5.84,2.08,2.27,0.534,22
27320025,"Ham or pork, noodles and vegetables excluding carrots, broccoli, and dark-green leafy; no sauce",Meat mixed dishes,151,8.42,18.31,0.84,1.4,4.91,1.149,1.926,1.215,32
27320027,"Ham or pork, noodles, and vegetables including carrots, broccoli, and/or dark-green leafy; no sauce",Meat mixed dishes,148,8.35,16.74,0.91,1.5,5.19,1.185,2.029,1.327,32
27320030,"Ham or pork, noodles and vegetables excluding carrots, broccoli, and dark-green leafy; cheese sauce",Meat mixed dishes,155,9.18,15.32,0.69,1.1,6.42,2.882,2.17,0.774,35
27320040,"Pork, potatoes, and vegetables including carrots, broccoli, and/or dark-green leafy; no sauce",Meat mixed dishes,128,6.55,13.44,1.19,1.8,5.43,1.133,2.285,1.575,14
27320070,"Ham or pork, noodles, and vegetables including carrots, broccoli, and/or dark-green leafy; tomato-based sauce",Meat mixed dishes,125,6.48,13.75,1.62,1.5,5.02,1.033,1.979,1.437,24
27320080,"Sausage, noodles, and vegetables excluding carrots, broccoli, and dark-green leafy; tomato-based sauce",Meat mixed dishes,131,5.26,15.34,1.74,1.4,5.69,1.532,2.242,1.36,25
27320090,"Sausage, noodles, and vegetables including carrots, broccoli, and/or dark-green leafy; tomato-based sauce",Meat mixed dishes,127,5.22,14.19,1.8,1.5,5.69,1.531,2.227,1.359,25
27320100,"Pork, potatoes, and vegetables including carrots, broccoli, and/or dark-green leafy; tomato-based sauce",Meat mixed dishes,128,5.03,11.24,1.78,1.7,7.06,1.24,2.952,2.333,10
27320110,"Pork, potatoes, and vegetables excluding carrots, broccoli, and dark-green leafy; tomato-based sauce",Meat mixed dishes,127,5.12,12.28,1.74,1.6,6.64,1.186,2.795,2.18,11
27320120,"Sausage, potatoes, and vegetables including carrots, broccoli, and/or dark-green leafy; gravy",Meat mixed dishes,128,3.73,11.61,1.11,1.4,7.53,1.78,3.123,2.031,13
27320130,"Sausage, potatoes, and vegetables excluding carrots, broccoli, and dark-green leafy; gravy",Meat mixed dishes,128,3.78,12.78,1.06,1.3,7.12,1.729,2.962,1.87,13
27320140,"Pork, potatoes, and vegetables including carrots, broccoli, and/or dark-green leafy; gravy",Meat mixed dishes,126,4.98,11.22,0.95,1.4,6.84,1.287,2.862,2.095,12
27320150,"Pork, potatoes, and vegetables excluding carrots, broccoli, and dark-green leafy; gravy",Meat mixed dishes,126,5.03,12.37,0.9,1.3,6.43,1.235,2.704,1.937,12
27320210,"Pork, potatoes, and vegetables excluding carrots, broccoli, and dark-green leafy; no sauce",Meat mixed dishes,133,6.59,14.94,1.12,1.7,5.44,1.134,2.305,1.577,14
27320310,Pork chow mein or chop suey with noodles,Fried rice and lo/chow mein,143,10.41,11.17,1.55,1.5,6.38,2.014,2.586,1.199,23
27320320,"Pork, rice, and vegetables including carrots, broccoli, and/or dark-green leafy; soy-based sauce",Stir-fry and soy-based sauce mixtures,144,9.96,7.9,1.31,1.1,7.89,1.726,3.366,2.139,24
27320330,"Pork, rice, and vegetables excluding carrots, broccoli, and dark-green leafy; soy-based sauce",Stir-fry and soy-based sauce mixtures,147,10.25,7.75,1.36,0.9,8.15,1.786,3.481,2.229,25
27320340,"Pork, rice, and vegetables including carrots, broccoli, and/or dark-green leafy; tomato-based sauce",Meat mixed dishes,129,5.61,14.96,1.45,1.1,5.07,0.992,2.118,1.553,11
27320350,"Pork, rice, and vegetables excluding carrots, broccoli, and dark-green leafy; tomato-based sauce",Meat mixed dishes,133,5.64,16.08,1.4,1.0,5.07,0.992,2.133,1.554,11
27320410,"Ham, potatoes, and vegetables excluding carrots, broccoli, and dark-green leafy; no sauce",Meat mixed dishes,126,5.56,15.02,1.12,1.7,5.06,1.031,2.213,1.587,11
27320450,"Ham, potatoes, and vegetables including carrots, broccoli, and/or dark-green leafy; no sauce",Meat mixed dishes,128,5.47,13.4,1.18,1.8,5.9,1.14,2.551,1.914,10
27320500,Sweet and sour pork with rice,Stir-fry and soy-based sauce mixtures,187,9.81,16.46,7.24,0.6,8.83,2.389,3.834,2.047,32
27330050,"Lamb or mutton, rice, and vegetables excluding carrots, broccoli, and dark-green leafy; gravy",Meat mixed dishes,136,5.05,16.34,0.55,0.7,5.51,1.645,2.277,1.07,14
27330060,"Lamb or mutton, rice, and vegetables including carrots, broccoli, and/or dark-green leafy; tomato-based sauce",Meat mixed dishes,130,5.13,15.15,1.47,1.1,5.31,1.537,2.18,1.16,13
27330080,"Lamb or mutton, rice, and vegetables  including carrots, broccoli, and/or dark-green leafy; gravy",Meat mixed dishes,133,5.02,15.2,0.6,0.8,5.5,1.644,2.262,1.069,14
27330170,Stuffed grape leaves with lamb and rice,Meat mixed dishes,271,8.17,11.89,2.39,3.3,21.52,5.562,11.733,2.508,25
27330210,"Stew, lamb",Meat mixed dishes,117,8.19,6.29,1.57,1.3,6.39,2.65,2.638,0.494,29
27335500,"Stewed rabbit, Puerto Rican style,",Meat mixed dishes,214,17.14,6.83,0.92,1.0,12.7,2.615,6.796,1.668,46
27336200,"Venison or deer, potatoes, and vegetables including carrots, broccoli, and/or dark-green leafy; gravy",Meat mixed dishes,127,5.95,11.17,0.94,1.4,6.5,1.174,2.588,2.187,16
27336250,"Venison or deer, potatoes, and vegetables excluding carrots, broccoli, and dark-green leafy; gravy",Meat mixed dishes,127,6.01,12.31,0.9,1.3,6.1,1.122,2.429,2.03,16
27336300,"Venison or deer, noodles, and vegetables including carrots, broccoli, and/or dark-green leafy; tomato-based sauce",Meat mixed dishes,130,7.43,13.64,1.61,1.5,5.11,0.974,1.883,1.697,28
27336310,"Venison or deer, noodles, and vegetables excluding carrots, broccoli, and dark-green leafy; tomato-based sauce",Meat mixed dishes,134,7.47,14.75,1.55,1.4,5.11,0.975,1.897,1.698,28
27341000,"Chicken or turkey, potatoes, corn, and cheese, with gravy",Poultry mixed dishes,123,4.51,13.27,1.0,1.1,6.11,1.461,2.236,1.595,11
27341010,"Chicken or turkey, potatoes, and vegetables including carrots, broccoli, and/or dark-green leafy; no sauce",Poultry mixed dishes,129,6.16,13.29,1.18,1.8,5.97,0.938,2.474,2.041,20
27341020,"Chicken or turkey, potatoes, and vegetables excluding carrots, broccoli, and dark-green leafy; no sauce",Poultry mixed dishes,132,6.21,14.81,1.11,1.7,5.7,0.902,2.375,1.934,20
27341025,"Chicken or turkey, potatoes, and vegetables including carrots, broccoli, and/or dark-green leafy; gravy",Poultry mixed dishes,123,4.72,11.17,0.94,1.4,6.82,1.089,2.824,2.275,16
27341030,"Chicken or turkey, potatoes, and vegetables excluding carrots, broccoli, and dark-green leafy; gravy",Poultry mixed dishes,127,4.75,12.27,0.89,1.3,6.82,1.09,2.839,2.276,16
27341035,"Chicken or turkey, potatoes, and vegetables including carrots, broccoli, and/or dark-green leafy; cream sauce, white sauce, or mushroom sauce",Poultry mixed dishes,126,4.79,11.08,1.29,1.4,7.12,1.185,2.696,2.71,14
27341040,"Chicken or turkey, potatoes, and vegetables excluding carrots, broccoli, and dark-green leafy; cream sauce, white sauce, or mushroom sauce",Poultry mixed dishes,126,4.84,12.14,1.25,1.3,6.75,1.137,2.549,2.567,14
27341045,"Chicken or turkey, potatoes, and vegetables including carrots, broccoli, and/or dark-green leafy; cheese sauce",Poultry mixed dishes,129,7.54,11.71,0.96,1.4,5.93,2.538,2.039,0.908,26
27341050,"Chicken or turkey, potatoes, and vegetables excluding carrots, broccoli, and dark-green leafy; cheese sauce",Poultry mixed dishes,133,7.57,12.86,0.9,1.3,5.93,2.539,2.054,0.909,26
27341055,"Chicken or turkey, potatoes, and vegetables including carrots, broccoli, and/or dark-green leafy; tomato-based sauce",Poultry mixed dishes,124,4.81,11.09,1.78,1.7,7.02,1.041,2.914,2.514,14
27341060,"Chicken or turkey, potatoes, and vegetables excluding carrots, broccoli, and dark-green leafy; tomato-based sauce",Poultry mixed dishes,128,4.84,12.18,1.72,1.6,7.03,1.042,2.928,2.515,14
27341330,"Stew, chicken, with pasta",Poultry mixed dishes,108,10.24,10.81,0.92,1.1,2.49,0.682,0.941,0.566,37
27341520,"Stew, chicken",Poultry mixed dishes,84,9.24,6.29,1.57,1.3,2.34,0.648,0.914,0.507,37
27343010,"Chicken or turkey, noodles, and vegetables including carrots, broccoli, and/or dark-green leafy; no sauce",Poultry mixed dishes,147,7.95,16.59,0.9,1.5,5.46,0.949,2.103,1.691,37
27343020,"Chicken or turkey, noodles, and vegetables excluding carrots, broccoli, and dark-green leafy; no sauce",Poultry mixed dishes,151,8.0,18.11,0.83,1.4,5.41,0.942,2.098,1.67,37
27343410,"Chicken or turkey, noodles, and vegetables including carrots, broccoli, and/or dark-green leafy; gravy",Poultry mixed dishes,129,6.08,13.69,0.75,1.1,5.62,0.99,2.204,1.7,29
27343420,"Chicken or turkey, noodles, and vegetables excluding carrots, broccoli, and dark-green leafy; gravy",Poultry mixed dishes,130,6.13,14.86,0.7,1.0,5.2,0.936,2.039,1.537,29
27343470,"Chicken or turkey, noodles, and vegetables including carrots, broccoli, and/or dark-green leafy; cream sauce, white sauce, or mushroom sauce",Poultry mixed dishes,128,6.06,13.46,1.12,1.2,5.64,1.046,1.954,2.038,26
27343480,"Chicken or turkey, noodles, and vegetables excluding carrots, broccoli, and/or dark-green leafy; cream sauce, white sauce, or mushroom sauce",Poultry mixed dishes,132,6.09,14.49,1.07,1.1,5.64,1.046,1.967,2.038,26
27343510,"Chicken or turkey, noodles, and vegetables including carrots, broccoli, and/or dark-green leafy; tomato-based sauce",Poultry mixed dishes,130,6.16,13.58,1.6,1.5,5.84,0.942,2.299,1.947,28
27343520,"Chicken or turkey, noodles, and vegetables excluding carrots, broccoli, and dark-green leafy; tomato-based sauce",Poultry mixed dishes,134,6.19,14.69,1.55,1.4,5.84,0.943,2.314,1.948,28
27343910,Chicken or turkey chow mein or chop suey with noodles,Fried rice and lo/chow mein,131,9.91,11.15,1.54,1.5,5.43,1.455,2.12,1.25,33
27343950,"Chicken or turkey, noodles, and vegetables including carrots, broccoli, and/or dark-green leafy; cheese sauce",Poultry mixed dishes,145,8.9,14.16,0.74,1.1,5.97,2.617,1.934,0.797,39
27343960,"Chicken or turkey, noodles, and vegetables excluding carrots, broccoli, and dark-green leafy; cheese sauce",Poultry mixed dishes,149,8.93,15.32,0.69,1.1,5.97,2.618,1.949,0.799,39
27345010,"Chicken or turkey, rice, and vegetables including carrots, broccoli, and/or dark-green leafy; no sauce",Poultry mixed dishes,150,6.78,18.2,0.69,1.0,5.47,0.887,2.265,1.823,20
27345020,"Chicken or turkey, rice, and vegetables excluding carrots, broccoli, and dark-green leafy; no sauce",Poultry mixed dishes,151,6.85,19.78,0.62,0.9,4.96,0.821,2.068,1.628,20
27345210,"Chicken or turkey, rice, and vegetables including carrots, broccoli, and/or dark-green leafy; gravy",Poultry mixed dishes,132,5.21,14.89,0.59,0.8,5.66,0.949,2.34,1.813,16
27345220,"Chicken or turkey, rice, and vegetables excluding carrots, broccoli, and dark-green leafy; gravy",Poultry mixed dishes,135,5.25,16.03,0.54,0.7,5.46,0.922,2.266,1.733,16
27345230,"Chicken or turkey, rice, corn, and cheese, with gravy",Poultry mixed dishes,149,5.62,14.43,1.02,0.7,7.85,1.842,3.177,1.796,15
27345310,"Chicken or turkey, rice, and vegetables including carrots, broccoli, and/or dark-green leafy; soy-based sauce",Stir-fry and soy-based sauce mixtures,131,9.36,7.95,1.36,1.1,6.92,1.146,2.882,2.191,33
27345320,"Chicken or turkey, rice, and vegetables excluding carrots, broccoli, and dark-green leafy; soy-based sauce",Stir-fry and soy-based sauce mixtures,133,9.64,7.79,1.41,0.9,7.15,1.186,2.981,2.283,35
27345410,"Chicken or turkey, rice, and vegetables including carrots, broccoli, and/or dark-green leafy; cream sauce, white sauce, or mushroom sauce",Poultry mixed dishes,131,5.26,14.57,0.97,0.8,5.68,1.007,2.083,2.14,14
27345420,"Chicken or turkey, rice, and vegetables excluding carrots, broccoli, and dark-green leafy; cream sauce, white sauce, or mushroom sauce",Poultry mixed dishes,131,5.31,15.67,0.92,0.8,5.29,0.957,1.931,1.993,14
27345440,"Chicken or turkey, rice, and vegetables including carrots, broccoli, and/or dark-green leafy; cheese sauce",Poultry mixed dishes,142,8.05,15.54,0.58,0.8,5.15,2.461,1.709,0.58,26
27345450,"Chicken or turkey, rice, and vegetables excluding carrots, broccoli, and dark-green leafy; cheese sauce",Poultry mixed dishes,146,8.09,16.69,0.53,0.7,5.16,2.462,1.724,0.582,26
27345510,"Chicken or turkey, rice, and vegetables including carrots, broccoli, and/or dark-green leafy; tomato-based sauce",Poultry mixed dishes,130,5.32,14.84,1.44,1.1,5.47,0.847,2.259,1.899,15
27345520,"Chicken or turkey, rice, and vegetables excluding carrots, broccoli, and dark-green leafy; tomato-based sauce",Poultry mixed dishes,133,5.35,15.94,1.39,1.0,5.48,0.848,2.274,1.9,15
27347100,"Pot pie, chicken",Poultry mixed dishes,255,9.24,23.95,3.33,2.0,13.54,4.599,5.853,1.852,29
27347200,"Chicken or turkey, stuffing, and vegetables including carrots, broccoli, and/or dark-green leafy; no sauce",Poultry mixed dishes,159,7.12,13.28,1.95,1.3,8.74,1.746,4.081,2.422,21
27347210,"Chicken or turkey,stuffing, and vegetables excluding carrots, broccoli, and dark green leafy; no sauce",Poultry mixed dishes,165,7.17,14.85,1.88,1.2,8.75,1.747,4.101,2.424,21
27347220,"Chicken or turkey, stuffing, and vegetables including carrots, broccoli, and/or dark-green leafy; gravy",Poultry mixed dishes,131,5.46,11.27,1.52,1.0,7.18,1.466,3.298,1.902,17
27347230,"Chicken or turkey, stuffing, and vegetables excluding carrots, broccoli, and dark-green leafy; gravy",Poultry mixed dishes,128,5.22,11.81,1.4,0.8,6.82,1.394,3.148,1.808,16
27347240,"Chicken or turkey, dumplings, and vegetables including carrots, broccoli, and/or dark green leafy; gravy",Poultry mixed dishes,127,5.59,11.62,1.11,0.9,6.64,1.288,2.647,1.988,17
27347250,"Chicken or turkey, dumplings, and vegetables excluding carrots, broccoli, and dark green leafy; gravy",Poultry mixed dishes,128,5.65,12.8,1.06,0.8,6.22,1.235,2.485,1.827,17
27348100,"Chicken fricassee, Puerto Rican style",Poultry mixed dishes,172,12.13,7.17,1.26,1.2,10.65,1.805,4.718,3.23,44
27350020,Paella with seafood,Rice mixed dishes,143,8.03,16.44,0.92,0.7,4.76,1.005,2.658,0.598,25
27350050,Shrimp chow mein or chop suey with noodles,Fried rice and lo/chow mein,117,9.05,11.37,1.51,1.5,4.03,1.134,1.414,1.137,65
27350060,"Shrimp creole, with rice",Seafood mixed dishes,123,10.12,11.92,0.96,0.8,3.64,0.659,1.465,1.218,108
27350080,"Tuna noodle casserole with vegetables, cream or white sauce",Seafood mixed dishes,149,8.99,14.16,2.37,0.9,6.22,2.764,1.429,0.822,31
27350090,"Fish, noodles, and vegetables including carrots, broccoli, and/or dark green leafy; cheese sauce",Seafood mixed dishes,137,8.35,14.16,0.74,1.1,5.22,2.424,1.581,0.709,31
27350100,"Fish, noodles, and vegetables excluding carrots, broccoli, and dark-green leafy; cheese sauce",Seafood mixed dishes,141,8.39,15.32,0.69,1.1,5.22,2.425,1.596,0.71,31
27350110,"Soup, bouillabaisse",Seafood mixed dishes,67,8.25,1.59,0.71,0.3,3.05,0.448,1.171,1.135,31
27350410,Tuna noodle casserole with vegetables and mushroom sauce,Seafood mixed dishes,124,8.11,12.96,1.49,1.0,4.46,1.626,0.957,1.106,24
27351010,"Codfish with starchy vegetables, Puerto Rican style",Seafood mixed dishes,135,3.53,18.46,2.93,2.7,5.43,0.852,3.577,0.562,6
27351040,"Biscayne codfish, Puerto Rican style",Seafood mixed dishes,190,9.2,11.06,1.85,1.9,12.24,1.901,8.186,1.261,19
27360000,"Stew, NFS",Meat mixed dishes,99,8.93,6.29,1.57,1.3,4.11,1.479,1.751,0.313,30
27360080,"Chow mein or chop suey, NS as to type of meat, with noodles",Fried rice and lo/chow mein,131,9.91,11.15,1.54,1.5,5.43,1.455,2.12,1.25,33
27360090,"Paella, NFS",Rice mixed dishes,169,9.53,15.77,0.67,0.6,7.17,1.888,3.772,0.965,33
27360120,"Chow mein or chop suey, various types of meat, with noodles",Fried rice and lo/chow mein,134,10.36,11.16,1.54,1.5,5.57,1.65,2.199,1.172,26
27362000,"Stewed tripe, with potatoes, Puerto Rican style",Meat mixed dishes,109,8.56,9.49,2.03,1.6,4.05,0.968,1.394,1.185,53
27363000,Gumbo with rice,Seafood mixed dishes,89,8.16,6.55,1.7,0.9,3.43,0.764,1.373,0.793,30
27363100,Jambalaya with meat and rice,Rice mixed dishes,161,13.76,8.65,0.94,0.7,7.97,2.208,3.325,1.582,58
27410210,"Beef and vegetables including carrots, broccoli, and/or dark-green leafy; no potatoes, no sauce",Meat mixed dishes,116,11.41,3.0,1.27,1.4,6.73,1.669,2.792,1.539,31
27410220,"Beef and vegetables excluding carrots, broccoli, and dark-green leafy; no potatoes, no sauce",Meat mixed dishes,121,10.03,5.16,0.99,1.1,7.09,1.619,2.98,1.808,27
27410250,"Beef shish kabob with vegetables, excluding potatoes",Meat mixed dishes,122,14.8,5.06,2.37,0.8,4.88,1.659,2.04,0.491,41
27411100,"Beef with vegetables including carrots, broccoli, and/or dark-green leafy; no potatoes, tomato-based sauce",Meat mixed dishes,110,8.24,4.48,2.51,1.7,6.99,1.452,2.882,1.982,21
27411120,Swiss steak,Meat mixed dishes,115,15.48,3.67,1.19,0.9,4.42,1.124,1.84,0.988,38
27411150,"Beef rolls, stuffed with vegetables or meat mixture, tomato-based sauce",Meat mixed dishes,195,20.56,6.61,1.23,0.7,9.08,3.373,3.845,0.432,56
27411200,"Beef with vegetables excluding carrots, broccoli, and dark-green leafy; no potatoes, tomato-based sauce",Meat mixed dishes,115,7.67,5.96,2.23,1.4,7.18,1.439,2.991,2.109,19
27414100,"Beef with vegetables including carrots, broccoli, and/or dark-green leafy; no potatoes, mushroom sauce",Meat mixed dishes,115,7.8,5.24,1.59,1.1,7.16,1.651,2.513,2.378,20
27414200,"Beef with vegetables excluding carrots, broccoli, and dark-green leafy; no potatoes, mushroom sauce",Meat mixed dishes,121,7.85,6.97,1.51,1.0,7.16,1.651,2.535,2.378,20
27415100,"Beef and vegetables including carrots, broccoli, and/or dark-green leafy; no potatoes, soy-based sauce",Stir-fry and soy-based sauce mixtures,144,11.72,4.65,1.5,1.2,8.81,1.94,3.692,2.314,31
27415110,Beef and broccoli,Stir-fry and soy-based sauce mixtures,160,10.43,5.09,1.23,1.3,10.63,1.88,4.416,3.37,25
27415120,"Beef, tofu, and vegetables including carrots, broccoli, and/or dark-green leafy; no potatoes, soy-based sauce",Stir-fry and soy-based sauce mixtures,115,7.3,4.75,1.6,1.2,7.68,1.368,3.043,2.622,13
27415130,Szechuan beef,Stir-fry and soy-based sauce mixtures,105,7.08,7.29,2.41,1.5,5.3,0.978,1.217,2.13,14
27415140,Hunan beef,Stir-fry and soy-based sauce mixtures,105,7.08,7.29,2.41,1.5,5.3,0.978,1.217,2.13,14
27415150,"Beef chow mein or chop suey, no noodles",Fried rice and lo/chow mein,82,10.76,3.85,1.76,0.8,2.61,0.748,0.908,0.716,25
27415170,Kung Pao beef,Stir-fry and soy-based sauce mixtures,216,17.93,4.55,1.43,1.0,14.44,3.154,6.5,3.275,46
27415200,"Beef and vegetables excluding carrots, broccoli, and dark-green leafy; no potatoes, soy-based sauce",Stir-fry and soy-based sauce mixtures,147,12.13,4.34,1.56,1.0,9.15,2.018,3.838,2.424,32
27415220,"Beef, tofu, and vegetables excluding carrots, broccoli,  and dark-green leafy; no potatoes, soy-based sauce",Stir-fry and soy-based sauce mixtures,117,7.52,4.45,1.66,1.0,7.96,1.421,3.16,2.74,14
27416100,"Beef and vegetables, Hawaiian style",Meat mixed dishes,93,4.79,14.24,5.6,1.8,2.24,0.711,0.947,0.402,10
27416150,Pepper steak,Meat mixed dishes,145,11.88,4.34,1.67,0.7,9.12,2.012,3.835,2.416,32
27416200,"Beef, ground, with egg and onion",Meat mixed dishes,228,21.86,1.05,0.54,0.1,14.54,5.503,6.417,0.532,104
27416250,Beef salad,Meat mixed dishes,261,17.85,2.9,2.1,0.4,19.32,3.85,5.098,9.436,61
27416300,"Beef taco filling: beef, cheese, tomato, taco sauce",Burritos and tacos,181,12.97,6.37,4.06,0.9,11.32,5.26,3.836,0.405,44
27416400,Stir fried beef and vegetables in soy sauce,Stir-fry and soy-based sauce mixtures,102,10.73,4.44,2.58,1.0,4.81,1.84,1.927,0.47,72
27416450,"Beef and vegetables including carrots, broccoli, and/or dark-green leafy; no potatoes, gravy",Meat mixed dishes,115,8.06,4.5,1.0,1.0,7.34,1.636,3.028,1.829,23
27416500,"Beef and vegetables excluding carrots, broccoli, and dark-green leafy; no potatoes, gravy",Meat mixed dishes,122,8.11,6.47,0.91,0.9,7.34,1.637,3.053,1.831,23
27418410,"Beef steak with onions, Puerto Rican style",Meat mixed dishes,321,20.92,3.89,1.55,0.7,24.12,6.257,8.499,6.936,62
27420010,Cabbage with ham hocks,Meat mixed dishes,75,7.75,4.9,2.69,1.7,2.58,0.812,1.082,0.347,20
27420020,Ham or pork salad,Meat mixed dishes,230,13.26,2.83,2.06,0.4,18.09,3.337,4.743,9.418,37
27420040,Frankfurters or hot dogs and sauerkraut,Meat mixed dishes,198,7.56,3.42,1.46,1.1,17.31,7.038,7.461,0.614,36
27420060,"Pork and vegetables including carrots, broccoli, and/or dark-green leafy; no potatoes, no sauce",Meat mixed dishes,123,11.2,3.14,1.33,1.5,7.27,1.78,3.094,1.752,29
27420080,Greens with ham or pork,Other dark green vegetables,47,4.91,4.68,0.84,3.6,1.41,0.277,0.317,0.407,7
27420100,"Pork, tofu, and vegetables including carrots, broccoli, and/or dark-green leafy; no potatoes, soy-base sauce",Stir-fry and soy-based sauce mixtures,116,7.0,4.75,1.6,1.2,7.77,1.382,3.114,2.679,12
27420110,"Pork and vegetables, Hawaiian style",Stir-fry and soy-based sauce mixtures,89,7.43,6.97,2.21,1.9,3.64,0.984,1.328,0.957,18
27420120,Pork and watercress with soy-based sauce,Stir-fry and soy-based sauce mixtures,190,14.88,3.35,1.05,0.5,12.68,2.782,5.465,3.448,39
27420150,Kung Pao pork,Stir-fry and soy-based sauce mixtures,219,16.89,4.55,1.43,1.0,14.76,3.202,6.745,3.474,41
27420160,"Moo Shu pork, without Chinese pancake",Stir-fry and soy-based sauce mixtures,153,10.41,4.01,1.76,0.9,10.7,1.93,4.307,3.605,100
27420170,Pork and onions with soy-based sauce,Stir-fry and soy-based sauce mixtures,149,11.06,5.43,2.17,0.8,9.14,2.001,3.921,2.491,28
27420200,Pork hash,Meat mixed dishes,186,12.94,1.96,0.56,0.5,13.66,4.425,6.014,1.868,56
27420250,"Ham and vegetables including carrots broccoli, and/or dark- green leafy; no potatoes, no sauce",Meat mixed dishes,115,7.45,2.59,1.1,1.2,8.28,1.682,3.635,2.588,18
27420270,"Ham and vegetables excluding carrots, broccoli, and dark-green leafy; no potatoes, no sauce",Meat mixed dishes,120,7.56,5.12,0.98,1.1,7.83,1.625,3.474,2.411,18
27420350,"Pork and vegetables excluding carrots, broccoli, and dark-green leafy; no potatoes, no sauce",Meat mixed dishes,124,10.07,5.52,1.06,1.2,7.03,1.661,3.023,1.771,26
27420370,"Pork, tofu, and vegetables, excluding carrots, broccoli, and dark-green leafy; no potatoes, soy-based sauce",Stir-fry and soy-based sauce mixtures,118,7.21,4.45,1.66,1.0,8.05,1.435,3.233,2.799,12
27420390,"Pork chow mein or chop suey, no noodles",Fried rice and lo/chow mein,98,10.34,3.85,1.76,0.8,4.3,1.354,1.701,0.868,27
27420400,"Pork and vegetables including carrots, broccoli, and/or dark-green leafy; no potatoes, tomato-based sauce",Meat mixed dishes,111,7.76,4.48,2.51,1.7,7.13,1.474,2.994,2.073,19
27420410,"Pork and vegetables excluding  carrots, broccoli, and dark-green leafy; no potatoes, tomato-based sauce",Meat mixed dishes,118,7.81,6.44,2.42,1.5,7.14,1.475,3.019,2.075,19
27420450,"Sausage and vegetables including  carrots, broccoli, and/or dark-green leafy; no potatoes, tomato-based sauce",Meat mixed dishes,113,5.56,4.94,2.83,1.7,8.34,2.352,3.444,1.944,20
27420460,"Sausage and vegetables, excluding carrots, broccoli, and dark-green leafy; no potatoes, tomato-based sauce",Meat mixed dishes,120,5.62,6.94,2.74,1.6,8.34,2.353,3.47,1.946,20
27420470,"Sausage and peppers, no sauce",Meat mixed dishes,247,13.99,3.26,1.88,0.3,19.87,6.929,8.779,3.778,61
27420500,"Pork and vegetables including carrots, broccoli, and/or dark-green leafy; no potatoes, soy-based sauce",Stir-fry and soy-based sauce mixtures,145,11.02,4.65,1.5,1.2,9.03,1.973,3.856,2.447,27
27420510,"Pork and vegetables excluding carrots, broccoli, and dark- green leafy; no potatoes, soy-based sauce",Stir-fry and soy-based sauce mixtures,149,11.4,4.34,1.56,1.0,9.37,2.051,4.008,2.563,29
27420520,"Pork shish kabob with vegetables, excluding potatoes",Meat mixed dishes,124,13.87,5.06,2.37,0.8,5.17,1.702,2.258,0.668,37
27430610,"Lamb shish kabob with vegetables, excluding potatoes",Meat mixed dishes,162,12.02,5.06,2.37,0.8,10.28,4.104,4.29,1.007,44
27440110,"Chicken or turkey and vegetables including carrots, broccoli, and/or dark-green leafy; no potatoes, no sauce",Poultry mixed dishes,118,9.66,2.88,1.22,1.4,7.78,1.288,3.236,2.51,37
27440120,"Chicken or turkey and vegetables excluding carrots, broccoli, and dark-green leafy; no potatoes, no sauce",Poultry mixed dishes,123,8.72,5.08,0.98,1.1,7.96,1.287,3.349,2.629,33
27440130,"Chicken or turkey shish kabob with vegetables, excluding potatoes",Poultry mixed dishes,104,13.04,5.06,2.37,0.8,3.69,0.83,1.529,0.748,51
27441120,"Chicken or turkey creole, without rice",Poultry mixed dishes,103,13.8,2.99,1.83,1.1,4.22,0.931,1.754,0.881,55
27442110,"Chicken or turkey and vegetables including carrots, broccoli, and/or dark-green leafy; no potatoes, gravy",Poultry mixed dishes,112,7.1,4.47,1.0,1.0,7.44,1.302,3.072,2.245,28
27442120,"Chicken or turkey and vegetables excluding carrots, broccoli, and dark-green leafy; no potatoes, gravy",Poultry mixed dishes,119,7.16,6.43,0.9,0.9,7.45,1.303,3.097,2.246,28
27443110,"Chicken or turkey a la king with vegetables including carrots, broccoli, and/or dark-green leafy; no potatoes, cream, white, or soup-based sauce",Poultry mixed dishes,187,9.41,6.76,2.57,0.6,13.8,4.492,5.254,2.516,79
27443120,"Chicken or turkey a la king with vegetables excluding carrorts, broccoli, and dark-green leafy; no potatoes, cream, white, or soup-based sauce",Poultry mixed dishes,181,9.57,6.31,2.46,0.5,13.34,4.228,5.152,2.501,77
27443150,Chicken or turkey divan,Poultry mixed dishes,140,15.51,4.01,0.95,1.3,7.26,2.636,2.546,0.984,71
27445110,"Chicken or turkey and vegetables including carrots, broccoli, and/or dark-green leafy; no potatoes, soy-based sauce",Stir-fry and soy-based sauce mixtures,95,8.18,5.38,2.93,0.9,4.56,0.77,1.087,2.08,21
27445120,"Chicken or turkey and vegetables excluding carrots, broccoli, and dark-green leafy; no potatoes, soy-based sauce",Stir-fry and soy-based sauce mixtures,133,10.7,4.39,1.62,1.0,8.22,1.358,3.43,2.625,40
27445125,"Chicken or turkey and vegetables including carrots, broccoli, and/or dark-green leafy; no potatoes, tomato-based sauce",Poultry mixed dishes,113,7.23,4.42,2.47,1.6,7.8,1.215,3.227,2.669,26
27445130,"Chicken or turkey and vegetables excluding carrots, broccoli, and dark-green leafy; no potatoes, tomato-based sauce",Poultry mixed dishes,120,7.28,6.35,2.38,1.5,7.81,1.216,3.252,2.67,26
27445150,General Tso chicken,Stir-fry and soy-based sauce mixtures,295,12.9,23.99,11.6,0.9,16.36,2.76,3.879,7.501,53
27445180,Moo Goo Gai Pan,Stir-fry and soy-based sauce mixtures,69,7.11,4.87,2.01,1.4,2.44,0.389,0.853,0.771,17
27445220,Kung pao chicken,Stir-fry and soy-based sauce mixtures,129,9.76,6.87,3.03,1.5,6.98,1.352,2.173,3.02,26
27445250,Almond chicken,Stir-fry and soy-based sauce mixtures,195,15.66,4.46,1.42,1.2,13.16,1.919,6.369,3.781,57
27446100,"Chicken or turkey chow mein or chop suey, no noodles",Fried rice and lo/chow mein,83,9.78,3.84,1.76,0.8,3.23,0.719,1.172,0.926,37
27446200,"Chicken or turkey salad, made with mayonnaise",Poultry mixed dishes,235,13.92,2.88,2.1,0.4,18.76,3.233,4.874,9.739,66
27446205,Chicken or turkey salad with nuts and/or fruits,Poultry mixed dishes,235,12.51,6.11,4.26,1.0,17.91,2.819,5.617,8.466,53
27446220,Chicken or turkey salad with egg,Poultry mixed dishes,228,13.81,2.73,2.01,0.4,18.06,3.236,4.806,9.024,92
27446225,"Chicken or turkey salad, made with light mayonnaise",Poultry mixed dishes,146,13.55,4.76,2.73,0.4,8.15,1.562,2.476,3.367,60
27446230,"Chicken or turkey salad, made with mayonnaise-type salad dressing",Poultry mixed dishes,148,13.68,5.95,4.13,0.4,7.95,1.542,2.473,3.147,60
27446235,"Chicken or turkey salad, made with light mayonnaise-type salad dressing",Poultry mixed dishes,146,13.55,4.76,2.73,0.4,8.15,1.562,2.476,3.367,60
27446240,"Chicken or turkey salad, made with creamy dressing",Poultry mixed dishes,188,13.76,4.02,2.98,0.4,13.09,2.34,3.403,6.201,62
27446245,"Chicken or turkey salad, made with light creamy dressing",Poultry mixed dishes,128,13.75,4.28,3.2,0.4,6.36,1.271,2.096,2.287,56
27446250,"Chicken or turkey salad, made with Italian dressing",Poultry mixed dishes,146,13.62,5.37,4.3,0.4,7.84,1.444,2.601,2.834,56
27446255,"Chicken or turkey salad, made with light Italian dressing",Poultry mixed dishes,116,13.56,4.93,3.97,0.4,4.71,0.983,1.748,1.207,56
27446260,"Chicken or turkey salad, made with any type of fat free dressing",Poultry mixed dishes,111,13.32,6.28,4.31,0.9,3.81,0.927,1.786,0.499,57
27446300,"Chicken or turkey garden salad, chicken and/or turkey, tomato and/or carrots, other vegetables, no dressing",Poultry mixed dishes,64,10.1,3.04,1.27,1.0,1.33,0.312,0.493,0.226,29
27446310,"Chicken or turkey garden salad, chicken and/or turkey, other vegetables excluding tomato and carrots, no dressing",Poultry mixed dishes,66,10.85,2.62,0.99,0.8,1.41,0.335,0.526,0.238,31
27446315,"Chicken or turkey garden salad with bacon and cheese, chicken and/or turkey, bacon, cheese, lettuce and/or greens, tomato and/or carrots, other vegetables, no dressing",Poultry mixed dishes,106,10.95,3.0,1.09,0.9,5.61,2.563,1.646,0.514,34
27446320,"Chicken or turkey, breaded, fried, garden salad with bacon and cheese, chicken and/or turkey, bacon, cheese, lettuce and/or greens, tomato and/or carrots, other vegetables, no dressing",Poultry mixed dishes,122,6.78,6.36,1.21,1.2,7.72,2.311,2.675,1.758,21
27446330,"Chicken or turkey garden salad with cheese, chicken and/or turkey, cheese, lettuce and/or greens, tomato and/or carrots, other vegetables, no dressing",Poultry mixed dishes,93,10.26,3.02,1.12,0.9,4.52,2.205,1.138,0.309,32
27446332,"Chicken or turkey, breaded, fried, garden salad with cheese, chicken and/or turkey, cheese, lettuce and/or greens, tomato and/or carrots, other vegetables, no dressing",Poultry mixed dishes,123,6.5,6.47,1.4,1.3,7.9,2.778,2.373,1.526,22
27446350,"Asian chicken or turkey garden salad, chicken and/or turkey, lettuce, fruit, nuts, no dressing",Poultry mixed dishes,130,11.44,9.5,2.99,1.9,5.46,0.946,2.767,1.055,27
27446355,"Asian chicken or turkey garden salad with crispy noodles, chicken and/or turkey, lettuce, fruit, nuts, crispy noodles, no dressing",Poultry mixed dishes,116,10.24,8.11,3.0,1.8,5.26,0.8,2.791,1.17,24
27446360,"Chicken or turkey caesar garden salad, chicken and/or turkey, lettuce, tomato, cheese, no dressing",Poultry mixed dishes,63,8.52,2.99,0.99,1.0,1.94,0.752,0.568,0.237,23
27446362,"Chicken or turkey, breaded, fried, caesar garden salad, chicken and/or turkey, lettuce, tomatoes, cheese, no dressing",Poultry mixed dishes,115,6.31,7.08,0.95,1.2,6.85,1.533,2.423,1.974,18
27446400,"Chicken or turkey and vegetables including carrots, broccoli, and/or dark-green leafy; no potatoes, cheese sauce",Poultry mixed dishes,119,9.83,3.88,0.8,0.9,7.24,3.494,2.403,0.786,37
27446410,"Chicken or turkey and vegetables excluding carrots, broccoli, and dark-green leafy; no potatoes, cheese sauce",Poultry mixed dishes,124,9.87,5.54,0.72,0.7,7.24,3.494,2.424,0.787,37
27448020,"Chicken or turkey fricassee, with sauce, no potatoes, potatoes reported separately, Puerto Rican style",Poultry mixed dishes,183,14.0,2.54,1.19,0.7,13.12,2.357,8.169,1.411,52
27448030,"Chicken or turkey fricassee, no sauce, no potatoes, Puerto Rican style",Poultry mixed dishes,200,25.15,0.0,0.0,0.0,11.01,2.264,5.986,1.357,106
27450010,Crab salad,Seafood mixed dishes,188,9.4,1.27,0.57,0.4,15.89,2.531,3.552,9.382,58
27450020,Lobster salad,Seafood mixed dishes,187,10.29,1.22,0.55,0.4,15.4,2.451,3.493,9.094,85
27450030,Salmon salad,Seafood mixed dishes,213,10.82,2.73,1.98,0.4,17.36,2.762,3.957,9.527,38
27450040,"Shrimp chow mein or chop suey, no noodles",Fried rice and lo/chow mein,69,8.8,4.27,1.72,0.8,1.69,0.372,0.394,0.806,73
27450060,"Tuna salad, made with mayonnaise",Seafood mixed dishes,194,10.07,2.89,2.07,0.4,15.84,2.52,3.52,9.293,27
27450061,"Tuna salad, made with light mayonnaise",Seafood mixed dishes,106,9.78,4.75,2.7,0.4,5.4,0.879,1.173,2.999,22
27450062,"Tuna salad, made with mayonnaise-type salad dressing",Seafood mixed dishes,108,9.88,5.92,4.09,0.4,5.19,0.857,1.165,2.78,22
27450063,"Tuna salad, made with light mayonnaise-type salad dressing",Seafood mixed dishes,106,9.78,4.75,2.7,0.4,5.4,0.879,1.173,2.999,22
27450064,"Tuna salad, made with creamy dressing",Seafood mixed dishes,148,9.98,4.02,2.95,0.4,10.29,1.65,2.091,5.802,24
27450065,"Tuna salad, made with light creamy dressing",Seafood mixed dishes,78,9.82,7.38,3.14,0.4,1.16,0.239,0.225,0.492,18
27450066,"Tuna salad, made with Italian dressing",Seafood mixed dishes,106,9.83,5.35,4.25,0.4,5.08,0.76,1.291,2.47,18
27450067,"Tuna salad, made with light Italian dressing",Seafood mixed dishes,76,9.78,4.91,3.93,0.4,2.0,0.307,0.454,0.863,18
27450068,"Tuna salad, made with any type of fat free dressing",Seafood mixed dishes,72,9.6,6.25,4.26,0.8,1.15,0.261,0.509,0.167,20
27450070,Shrimp salad,Seafood mixed dishes,196,10.68,1.27,0.57,0.4,16.2,2.525,3.542,9.598,136
27450080,Seafood salad,Seafood mixed dishes,190,10.12,1.25,0.56,0.4,15.82,2.501,3.529,9.354,93
27450090,Tuna salad with cheese,Seafood mixed dishes,214,11.33,2.85,1.91,0.4,17.58,4.11,3.894,8.519,34
27450100,Tuna salad with egg,Seafood mixed dishes,190,10.28,2.74,1.99,0.4,15.4,2.583,3.568,8.623,56
27450110,"Shrimp garden salad, shrimp, lettuce, eggs, tomato and/or carrots, other vegetables, no dressing",Seafood mixed dishes,65,8.28,2.77,1.25,0.8,2.04,0.545,0.627,0.453,126
27450120,"Shrimp garden salad, shrimp, lettuce, eggs, vegetables excluding tomato and carrots, no dressing",Seafood mixed dishes,67,8.8,2.39,1.01,0.7,2.14,0.579,0.664,0.477,134
27450130,Crab salad made with imitation crab,Seafood mixed dishes,197,4.07,8.66,3.65,0.6,16.28,2.62,3.744,9.644,19
27450150,"Fish, tofu, and vegetables, tempura",Seafood mixed dishes,177,4.01,4.53,1.56,1.1,16.0,2.389,6.623,5.928,57
27450180,"Seafood garden salad with seafood, lettuce, vegetables excluding tomato and carrots, no dressing",Seafood mixed dishes,47,7.66,2.62,0.99,0.8,0.5,0.095,0.05,0.231,63
27450190,"Seafood garden salad with seafood, lettuce, tomato and/or carrots, other vegetables, no dressing",Seafood mixed dishes,47,7.12,3.04,1.27,1.0,0.49,0.088,0.049,0.22,58
27450200,"Seafood garden salad with seafood, lettuce, eggs, vegetables excluding tomato and carrots, no dressing",Seafood mixed dishes,64,8.41,2.39,1.01,0.7,2.05,0.581,0.667,0.412,110
27450210,"Seafood garden salad with seafood, lettuce, eggs, tomato and/or carrots, other vegetables, no dressing",Seafood mixed dishes,62,7.91,2.77,1.25,0.8,1.95,0.547,0.63,0.392,104
27450250,Oysters Rockefeller,Seafood mixed dishes,134,7.64,9.38,1.23,1.9,7.53,3.191,1.977,1.071,36
27450310,Lomi salmon,Seafood mixed dishes,60,7.55,3.31,1.82,1.0,1.86,0.321,0.439,0.544,19
27450400,"Shrimp and vegetables including carrots, broccoli, and/or dark-green leafy; no potatoes, no sauce",Seafood mixed dishes,118,9.35,3.8,1.37,1.6,7.25,1.086,2.866,2.782,78
27450405,"Shrimp and vegetables excluding carrots, broccoli, and dark-green leafy; no potatoes, no sauce",Seafood mixed dishes,124,9.25,6.78,1.2,1.3,6.87,1.033,2.744,2.635,77
27450410,"Shrimp and vegetables including carrots, broccoli, and/or dark-green leafy; no potatoes, soy-based sauce",Stir-fry and soy-based sauce mixtures,116,9.16,5.15,1.5,1.2,6.4,0.968,2.525,2.401,72
27450420,"Shrimp and vegetables excluding carrots, broccoli, and dark-green leafy; no potatoes, soy-based sauce",Stir-fry and soy-based sauce mixtures,118,9.47,4.86,1.56,1.0,6.64,1.007,2.625,2.514,74
27450430,"Shrimp shish kabob with vegetables, excluding potatoes",Seafood mixed dishes,83,11.23,5.74,2.37,0.8,1.59,0.352,0.471,0.591,95
27450450,"Shrimp creole, no rice",Seafood mixed dishes,124,14.33,4.51,1.32,1.0,5.16,1.086,2.161,1.612,127
27450470,Kung Pao shrimp,Stir-fry and soy-based sauce mixtures,173,13.94,5.32,1.43,1.0,10.74,1.689,4.74,3.388,107
27450510,"Tuna casserole with vegetables and mushroom sauce, no noodles",Seafood mixed dishes,115,9.04,8.39,1.81,0.9,5.12,1.98,1.051,1.257,21
27450600,"Shellfish mixture and vegetables including carrots, broccoli, and/or dark-green leafy; no potatoes, soy-based sauce",Stir-fry and soy-based sauce mixtures,120,9.41,5.89,1.5,1.2,6.38,0.932,2.498,2.355,44
27450610,"Shellfish mixture and vegetables excluding carrots, broccoli, and dark-green leafy; no potatoes, soy-based sauce",Stir-fry and soy-based sauce mixtures,122,9.73,5.63,1.56,1.0,6.62,0.969,2.596,2.466,46
27450650,"Shellfish mixture and vegetables including carrots, broccoli, and/or dark-green leafy; no potatoes, mushroom sauce",Seafood mixed dishes,111,6.25,5.92,1.57,1.1,6.92,1.203,2.333,2.883,28
27450660,"Shellfish mixture and vegetables excluding carrots, broccoli, and dark-green leafy; no potatoes, mushroom sauce",Seafood mixed dishes,117,6.3,7.63,1.49,1.0,6.93,1.204,2.355,2.885,28
27450700,"Fish and vegetables including carrots, broccoli, and/or dark-green leafy; no potatoes, tomato-based sauce",Seafood mixed dishes,106,6.28,4.39,2.46,1.6,7.26,0.987,2.939,2.794,12
27450710,"Fish and vegetables excluding carrots, broccoli, and dark- green leafy; no potatoes, tomato-based sauce",Seafood mixed dishes,112,6.33,6.3,2.36,1.5,7.26,0.988,2.963,2.795,12
27450740,"Fish and vegetables including carrots, broccoli, and/or dark-green leafy; no potatoes, soy-based sauce",Stir-fry and soy-based sauce mixtures,104,7.79,4.64,1.5,1.2,5.99,0.827,2.433,2.269,19
27450750,"Fish and vegetables excluding  carrots, broccoli, and dark-green leafy; no potatoes, soy-based sauce",Stir-fry and soy-based sauce mixtures,106,8.04,4.33,1.56,1.0,6.22,0.86,2.529,2.377,20
27450760,"Fish shish kabob with vegetables, excluding potatoes",Seafood mixed dishes,68,9.41,5.06,2.37,0.8,1.05,0.164,0.348,0.416,26
27451010,"Fried fish with sauce, Puerto Rican style",Seafood mixed dishes,155,11.81,3.42,1.7,0.8,10.3,1.974,6.369,1.1,39
27451030,"Lobster with sauce, Puerto Rican style",Seafood mixed dishes,154,10.75,3.94,2.24,0.9,10.55,1.681,6.966,1.177,77
27451060,"Octopus salad, Puerto Rican style",Seafood mixed dishes,170,9.67,5.56,2.13,1.0,11.95,1.904,7.79,1.242,29
27451070,"Codfish salad, Puerto Rican style, Serenata",Seafood mixed dishes,183,6.61,2.81,1.51,0.7,15.94,2.478,10.759,1.583,15
27460010,"Chow mein or chop suey, NS as to type of meat, no noodles",Fried rice and lo/chow mein,83,9.78,3.84,1.76,0.8,3.23,0.719,1.172,0.926,37
27460100,Lau lau,Seafood mixed dishes,140,15.25,0.0,0.0,0.0,8.32,2.668,3.304,1.045,57
27460510,"Antipasto with ham, fish, cheese, vegetables",Meat mixed dishes,158,11.62,3.75,1.51,1.1,10.7,4.634,3.746,1.078,39
27460710,"Livers, chicken, chopped, with eggs and onion",Poultry mixed dishes,226,12.89,2.87,1.23,0.4,17.69,5.352,7.158,3.84,315
27460750,"Liver, beef or calves, and onions",Meat mixed dishes,129,16.68,6.97,1.78,0.5,3.6,1.681,1.01,0.853,232
27462000,"Stewed chitterlings, Puerto Rican style",Meat mixed dishes,214,8.38,3.83,2.04,0.9,18.5,6.838,8.345,1.346,172
27463000,"Stewed gizzards, Puerto Rican style",Poultry mixed dishes,179,20.26,4.41,1.94,1.1,8.69,1.738,3.651,2.333,237
27464000,"Gumbo, no rice",Seafood mixed dishes,83,8.54,4.03,1.83,0.9,3.68,0.818,1.475,0.849,33
27500050,"Sandwich, NFS",Deli and cured meat sandwiches,287,12.75,33.83,8.88,1.9,12.03,3.357,4.846,2.894,15
27500300,"Sandwich wrap, NFS",Deli and cured meat sandwiches,232,12.77,23.3,2.42,1.5,9.4,4.157,2.216,1.583,34
27500400,"Barbecue sandwich, NFS",Meat and BBQ sandwiches,238,15.34,24.86,9.07,0.8,8.12,2.664,3.238,1.506,44
27510100,"Sloppy joe sandwich, on white bun",Meat and BBQ sandwiches,185,11.32,19.95,4.94,1.1,6.42,2.239,2.523,0.748,26
27510105,"Sloppy joe sandwich, on wheat bun",Meat and BBQ sandwiches,180,11.85,18.43,4.26,2.2,6.44,2.2,2.492,0.678,26
27510130,"Barbecue beef sandwich, on white bun",Meat and BBQ sandwiches,245,16.48,24.86,9.07,0.8,8.5,3.039,3.533,0.881,44
27510135,"Barbecue beef sandwich, on wheat bun",Meat and BBQ sandwiches,240,17.02,23.3,8.38,2.0,8.52,2.999,3.501,0.809,44
27510140,"Cheeseburger slider, from fast food",Burgers,298,16.15,25.02,3.99,0.9,14.29,6.25,4.683,1.265,44
27510155,"Cheeseburger, NFS",Burgers,296,17.87,18.71,2.98,0.6,16.15,6.864,5.858,1.11,54
27510160,"Cheeseburger, from fast food, 1 small patty",Burgers,299,16.42,23.96,3.86,0.8,14.78,6.53,4.838,1.245,46
27510170,Cheeseburger (Burger King),Burgers,265,14.02,23.66,4.66,1.0,12.32,5.179,4.246,1.15,38
27510171,Whopper Jr with cheese (Burger King),Burgers,235,12.02,19.0,4.08,0.9,12.09,4.911,3.807,1.767,34
27510172,Cheeseburger (McDonalds),Burgers,270,13.49,25.46,5.24,1.9,12.9,5.797,5.035,1.363,39
27510190,"Cheeseburger, from school cafeteria",Burgers,250,18.73,23.42,2.68,2.7,8.64,3.417,2.791,1.051,42
27510191,Cheeseburger slider,Burgers,297,18.09,17.9,2.85,0.6,16.41,6.966,6.002,1.091,55
27510195,"Cheeseburger, on white bun, 1 small patty",Burgers,298,17.6,19.61,3.16,0.7,16.05,6.937,5.651,1.138,53
27510196,"Cheeseburger, on wheat bun, 1 small patty",Burgers,292,18.22,17.84,2.38,2.0,16.07,6.891,5.615,1.057,53
27510215,"Cheeseburger, from fast food, 1 medium patty",Burgers,296,17.87,18.71,2.98,0.6,16.15,6.864,5.858,1.11,54
27510229,Quarter Pounder (McDonalds),Burgers,256,15.68,22.14,3.67,1.1,11.6,4.785,5.404,1.179,40
27510231,Whopper with cheese (Burger King),Burgers,268,13.69,17.73,4.5,1.1,15.8,5.746,5.352,2.366,51
27510232,Quarter Pounder with cheese (McDonalds),Burgers,269,15.21,19.72,3.6,1.2,14.4,7.033,5.959,1.264,48
27510241,"Cheeseburger, on white bun, 1 medium patty",Burgers,296,17.87,18.71,2.98,0.6,16.15,6.864,5.858,1.11,54
27510242,"Cheeseburger, on wheat bun, 1 medium patty",Burgers,291,18.46,17.01,2.23,1.9,16.17,6.82,5.823,1.033,54
27510245,"Cheeseburger, on white bun, 1 large patty",Burgers,299,18.74,15.26,2.53,0.5,17.61,7.64,6.387,1.04,60
27510246,"Cheeseburger, on wheat bun, 1 large patty",Burgers,295,19.21,13.9,1.93,1.6,17.62,7.605,6.359,0.978,60
27510254,"Double cheeseburger, on white bun, 2 small patties",Burgers,296,19.31,13.31,2.15,0.5,17.86,7.519,6.823,0.982,63
27510255,"Double cheeseburger, on wheat bun, 2 small patties",Burgers,292,19.72,12.11,1.62,1.4,17.88,7.488,6.798,0.927,63
27510257,"Double cheeseburger, on white bun, 2 medium patties",Burgers,300,19.64,11.79,2.03,0.4,18.84,8.186,6.979,0.962,66
27510258,"Double cheeseburger, on wheat bun, 2 medium patties",Burgers,297,20.0,10.76,1.57,1.2,18.85,8.159,6.958,0.915,66
27510261,"Cheeseburger, from fast food, 1 large patty",Burgers,299,18.74,15.26,2.53,0.5,17.61,7.64,6.387,1.04,60
27510262,"Double cheeseburger, on white bun, 2 large patties",Burgers,299,20.24,9.66,1.66,0.3,19.36,8.29,7.401,0.906,69
27510263,"Double cheeseburger, on wheat bun, 2 large patties",Burgers,296,20.53,8.81,1.29,1.0,19.37,8.268,7.384,0.868,69
27510371,"Double cheeseburger, from fast food, 2 small patties",Burgers,297,18.12,17.68,2.85,0.6,16.6,7.115,6.01,1.09,56
27510386,Double cheeseburger (Burger King),Burgers,278,16.3,16.92,3.62,0.7,15.73,6.882,5.56,1.032,53
27510387,Double cheeseburger (McDonalds),Burgers,282,16.24,17.97,4.16,0.9,16.18,6.96,6.001,1.314,50
27510388,McDouble (McDonalds),Burgers,282,16.24,17.97,4.16,0.9,16.18,6.96,6.001,1.314,50
27510389,Big Mac (McDonalds),Burgers,261,11.94,21.53,3.26,1.4,14.1,5.045,5.088,3.826,36
27510401,"Double cheeseburger, from fast food, 2 medium patties",Burgers,300,19.64,11.79,2.03,0.4,18.84,8.186,6.979,0.962,66
27510405,"Double cheeseburger, from fast food, 2 large patties",Burgers,299,20.24,9.66,1.66,0.3,19.36,8.29,7.401,0.906,69
27510501,"Hamburger slider, from fast food",Burgers,285,15.27,29.18,4.24,1.0,11.35,4.151,4.326,1.309,35
27510521,"Hamburger, NFS",Burgers,288,17.51,20.68,3.0,0.7,14.38,5.495,5.779,1.118,49
27510531,"Hamburger, from fast food, 1 small patty",Burgers,285,15.51,28.27,4.11,1.0,11.68,4.295,4.482,1.289,36
27510551,Hamburger (Burger King),Burgers,254,13.63,25.98,4.66,1.1,10.24,3.717,3.984,1.16,31
27510552,Whopper Jr (Burger King),Burgers,216,10.73,21.14,4.28,1.0,9.58,3.158,3.41,1.877,25
27510553,Hamburger (McDonalds),Burgers,263,13.3,29.57,5.95,1.8,10.18,3.567,3.864,1.385,29
27510565,"Hamburger, from school cafeteria",Burgers,243,17.8,25.67,2.94,3.0,7.36,2.419,2.518,1.068,38
27510573,Hamburger slider,Burgers,288,17.76,19.71,2.86,0.7,14.72,5.649,5.946,1.096,51
27510575,"Hamburger, on white bun, 1 small patty",Burgers,287,17.1,22.22,3.23,0.8,13.83,5.252,5.517,1.153,47
27510576,"Hamburger, on wheat bun, 1 small patty",Burgers,280,17.83,20.14,2.31,2.4,13.86,5.198,5.475,1.058,47
27510601,"Hamburger, from fast food, 1 medium patty",Burgers,288,17.51,20.68,3.0,0.7,14.38,5.495,5.779,1.118,49
27510605,"Hamburger, from fast food, 1 large patty",Burgers,289,18.43,17.12,2.49,0.6,15.63,6.054,6.384,1.038,55
27510615,Whopper (Burger King),Burgers,226,11.34,17.33,4.0,1.5,12.37,3.972,4.67,3.144,33
27510631,"Hamburger, on white bun, 1 medium patty",Burgers,288,17.51,20.68,3.0,0.7,14.38,5.495,5.779,1.118,49
27510632,"Hamburger, on wheat bun, 1 medium patty",Burgers,281,18.18,18.74,2.15,2.2,14.4,5.444,5.74,1.03,49
27510635,"Hamburger, on white bun, 1 large patty",Burgers,289,18.43,17.12,2.49,0.6,15.63,6.054,6.384,1.038,55
27510636,"Hamburger, on wheat bun, 1 large patty",Burgers,283,18.99,15.52,1.78,1.8,15.66,6.012,6.351,0.965,55
27510649,"Double hamburger, on white bun, 2 small patties",Burgers,289,19.18,14.26,2.07,0.5,16.65,6.505,6.872,0.973,60
27510652,"Double hamburger, on wheat bun, 2 small patties",Burgers,285,19.65,12.93,1.48,1.5,16.66,6.47,6.844,0.912,60
27510655,"Double hamburger, on white bun, 2 medium patties",Burgers,290,19.51,13.02,1.89,0.5,17.09,6.701,7.084,0.946,62
27510657,"Double hamburger, on wheat bun, 2 medium patties",Burgers,286,19.93,11.8,1.35,1.4,17.11,6.67,7.059,0.89,62
27510658,"Double hamburger, on white bun, 2 large patties",Burgers,290,20.22,10.33,1.5,0.4,18.05,7.128,7.545,0.885,66
27510659,"Double hamburger, on wheat bun, 2 large patties",Burgers,287,20.56,9.36,1.07,1.1,18.06,7.103,7.526,0.841,66
27510661,"Double hamburger, from fast food, 2 small patties",Burgers,288,17.76,19.68,2.86,0.7,14.73,5.651,5.948,1.095,51
27510671,"Double hamburger, from fast food, 2 medium patties",Burgers,290,19.51,13.02,1.89,0.5,17.09,6.701,7.084,0.946,62
27510675,"Double hamburger, from fast food, 2 large patties",Burgers,290,20.22,10.33,1.5,0.4,18.05,7.128,7.545,0.885,66
27510700,Meatball sandwich or sub,Meat and BBQ sandwiches,207,11.3,21.31,4.65,1.2,8.23,3.423,2.483,1.019,34
27510702,Meatloaf sandwich,Meat and BBQ sandwiches,217,11.75,28.73,5.9,1.3,6.15,2.038,2.248,1.103,32
27510705,"Chiliburger, with or without cheese, on bun",Burgers,232,14.76,17.67,2.52,1.5,11.01,4.196,4.444,0.855,39
27510910,Corned beef sandwich on white,Deli and cured meat sandwiches,259,13.65,25.68,2.76,1.2,11.02,3.485,4.822,1.291,47
27510920,"Corned beef sandwich on white, with cheese",Deli and cured meat sandwiches,274,14.68,22.51,2.77,1.0,13.69,5.457,5.064,1.254,54
27510930,Corned beef sandwich on wheat,Deli and cured meat sandwiches,257,14.67,23.72,2.69,2.8,11.22,3.433,4.788,1.133,47
27510940,"Corned beef sandwich on wheat, with cheese",Deli and cured meat sandwiches,273,15.55,20.86,2.71,2.4,13.86,5.412,5.035,1.121,54
27510950,Reuben sandwich,Deli and cured meat sandwiches,282,10.01,16.42,3.48,2.2,19.43,5.786,6.573,4.678,43
27513010,Roast beef sandwich on white,Deli and cured meat sandwiches,194,13.87,25.76,2.9,1.2,3.64,1.061,1.105,1.098,25
27513050,"Roast beef sandwich on white, with cheese",Deli and cured meat sandwiches,219,14.87,22.58,2.88,1.0,7.44,3.404,1.917,1.091,34
27513055,Roast beef sandwich on wheat,Deli and cured meat sandwiches,192,14.89,23.8,2.83,2.8,3.84,1.009,1.072,0.94,25
27513065,"Roast beef sandwich on wheat, with cheese",Deli and cured meat sandwiches,217,15.73,20.93,2.82,2.4,7.61,3.36,1.888,0.958,34
27513070,French dip sandwich,Deli and cured meat sandwiches,184,13.23,24.47,2.76,1.1,3.47,1.013,1.054,1.044,23
27514010,Steak sandwich or sub on white,Meat and BBQ sandwiches,249,17.91,25.45,2.76,1.2,8.07,2.977,3.185,1.265,40
27514020,Steak sandwich or sub on wheat,Meat and BBQ sandwiches,247,18.93,23.49,2.69,2.8,8.27,2.925,3.151,1.107,40
27514030,Cheese steak sandwich or sub on white,Meat and BBQ sandwiches,270,18.39,21.48,2.77,1.0,12.03,5.577,3.81,1.224,49
27514040,Cheese steak sandwich or sub on wheat,Meat and BBQ sandwiches,268,19.22,19.9,2.71,2.2,12.2,5.535,3.783,1.097,49
27516010,Gyro sandwich,Meat and BBQ sandwiches,184,11.24,18.78,1.74,1.0,6.76,2.519,2.836,0.548,29
27517000,"Hamburger wrap sandwich, from fast food",Burgers,299,16.86,20.38,1.53,1.4,16.06,6.354,6.193,1.328,49
27520210,Ham sandwich on white,Deli and cured meat sandwiches,187,12.94,25.58,2.76,1.2,3.66,0.965,1.081,1.23,20
27520220,"Ham sandwich on white, with cheese",Deli and cured meat sandwiches,213,14.08,22.43,2.77,1.0,7.46,3.323,1.896,1.203,30
27520230,Ham sandwich on wheat,Deli and cured meat sandwiches,185,13.96,23.62,2.69,2.8,3.86,0.913,1.047,1.073,20
27520240,"Ham sandwich on wheat, with cheese",Deli and cured meat sandwiches,212,14.94,20.78,2.71,2.4,7.62,3.279,1.867,1.07,30
27520255,"Ham sandwich or sub, restaurant",Deli and cured meat sandwiches,178,13.34,22.85,2.46,1.1,3.66,0.982,1.122,1.156,22
27520260,"Ham sandwich or sub, with cheese, restaurant",Deli and cured meat sandwiches,210,14.59,19.7,2.52,0.9,8.06,3.705,2.058,1.138,34
27520270,Ham sandwich wrap,Deli and cured meat sandwiches,230,13.54,22.51,2.05,1.5,9.38,4.244,2.349,1.387,30
27520340,Ham salad sandwich on white,Deli and cured meat sandwiches,242,11.98,18.29,3.15,1.0,13.26,2.498,3.401,6.902,25
27520345,Ham salad sandwich on wheat,Deli and cured meat sandwiches,241,12.64,17.03,3.11,2.1,13.38,2.465,3.379,6.801,25
27520410,Cuban sandwich,Meat and BBQ sandwiches,228,15.86,16.3,2.46,0.8,10.69,4.376,3.735,1.508,44
27520500,Barbecue rib sandwich,Meat and BBQ sandwiches,223,13.66,26.5,9.05,0.9,6.47,2.183,2.586,1.201,37
27520510,"Barbecue pork sandwich, on white bun",Meat and BBQ sandwiches,243,14.97,24.86,9.07,0.8,8.83,2.935,3.541,1.737,43
27520515,"Barbecue pork sandwich, on wheat bun",Meat and BBQ sandwiches,238,15.52,23.3,8.38,2.0,8.86,2.894,3.509,1.665,43
27520520,Pork sandwich,Meat and BBQ sandwiches,226,17.73,25.45,2.76,1.2,5.47,1.566,1.803,1.358,38
27520525,"Pork sandwich, with cheese",Meat and BBQ sandwiches,246,18.14,22.32,2.77,1.0,8.99,3.831,2.508,1.311,46
27520610,"Bacon, lettuce, tomato sandwich on white",Deli and cured meat sandwiches,231,10.89,29.71,3.67,1.7,7.54,2.322,2.809,2.043,15
27520620,"Bacon, lettuce, tomato sandwich on wheat",Deli and cured meat sandwiches,229,12.02,27.53,3.59,3.4,7.76,2.263,2.772,1.868,15
27540010,Turkey sandwich on white,Deli and cured meat sandwiches,189,12.03,26.51,3.2,1.2,3.68,0.862,0.924,1.462,24
27540020,"Turkey sandwich on white, with cheese",Deli and cured meat sandwiches,215,13.31,23.22,3.14,1.0,7.47,3.235,1.763,1.399,34
27540030,Turkey sandwich on wheat,Deli and cured meat sandwiches,187,13.05,24.56,3.13,2.8,3.88,0.81,0.89,1.304,24
27540040,"Turkey sandwich on wheat, with cheese",Deli and cured meat sandwiches,214,14.17,21.56,3.08,2.4,7.64,3.191,1.735,1.266,34
27540050,"Turkey sandwich or sub, restaurant",Deli and cured meat sandwiches,180,12.33,23.89,2.96,1.1,3.69,0.867,0.947,1.414,26
27540060,"Turkey sandwich or sub, with cheese, restaurant",Deli and cured meat sandwiches,212,13.76,20.55,2.92,0.9,8.07,3.61,1.914,1.351,37
27540070,Turkey sandwich wrap,Deli and cured meat sandwiches,232,12.77,23.3,2.42,1.5,9.4,4.157,2.216,1.583,34
27540080,"Chicken deli sandwich or sub, restaurant",Deli and cured meat sandwiches,176,13.72,24.28,2.87,1.1,2.66,0.683,0.729,1.106,27
27540090,"Chicken deli sandwich or sub, with cheese, restaurant",Deli and cured meat sandwiches,208,14.9,20.87,2.86,0.9,7.23,3.458,1.734,1.097,38
27540120,Chicken salad sandwich on white,Chicken fillet sandwiches,246,12.42,18.32,3.18,1.0,13.7,2.429,3.488,7.116,44
27540121,Chicken salad sandwich on wheat,Chicken fillet sandwiches,245,13.08,17.06,3.13,2.1,13.83,2.395,3.467,7.015,44
27540122,Chicken salad sandwich wrap,Chicken fillet sandwiches,269,12.89,16.99,2.65,1.3,16.56,4.511,4.101,6.608,48
27540123,Club sandwich on white,Deli and cured meat sandwiches,222,15.08,23.09,2.62,1.0,7.48,2.253,2.763,1.923,31
27540124,"Club sandwich on white, with cheese",Deli and cured meat sandwiches,241,15.81,20.62,2.64,0.9,10.35,4.187,3.262,1.804,39
27540125,Club sandwich on wheat,Deli and cured meat sandwiches,220,15.98,21.38,2.56,2.4,7.65,2.207,2.733,1.785,31
27540126,"Club sandwich on wheat, with cheese",Deli and cured meat sandwiches,239,16.58,19.13,2.59,2.1,10.5,4.148,3.237,1.685,39
27540127,"Club sandwich or sub, restaurant",Deli and cured meat sandwiches,234,15.99,18.43,2.47,0.8,10.55,4.421,3.231,1.692,41
27540130,"Barbecue chicken sandwich, on white bun",Meat and BBQ sandwiches,204,15.92,24.86,9.07,0.8,4.4,1.027,1.529,1.051,52
27540131,"Barbecue chicken sandwich, on wheat bun",Meat and BBQ sandwiches,199,16.47,23.3,8.38,2.0,4.42,0.986,1.497,0.979,52
27540132,"Chicken fillet sandwich, NFS",Chicken fillet sandwiches,281,12.17,27.48,3.07,1.7,13.46,3.072,3.928,5.596,21
27540139,"Chicken fillet sandwich, from school cafeteria",Chicken fillet sandwiches,251,14.62,29.8,2.73,4.4,8.06,1.562,2.259,3.777,16
27540145,"Chicken fillet biscuit, from fast food",Chicken fillet sandwiches,320,10.78,26.41,1.98,2.0,19.09,7.622,4.387,5.423,20
27540146,"Chicken fillet sandwich, fried, from fast food",Chicken fillet sandwiches,281,12.17,27.48,3.07,1.7,13.46,3.072,3.928,5.596,21
27540147,"Chicken fillet sandwich, fried, from fast food, with cheese",Chicken fillet sandwiches,291,13.2,24.66,3.03,1.5,15.34,4.739,4.238,5.026,29
27540152,"Chicken fillet sandwich, grilled, from fast food",Chicken fillet sandwiches,226,21.5,19.4,2.82,0.7,6.18,1.389,1.777,1.93,57
27540153,"Chicken fillet sandwich, grilled, from fast food, with cheese",Chicken fillet sandwiches,243,21.36,17.55,2.81,0.6,9.05,3.315,2.372,1.818,61
27540160,"Chicken fillet sandwich, NS as to fried or grilled, from fast food",Chicken fillet sandwiches,281,12.17,27.48,3.07,1.7,13.46,3.072,3.928,5.596,21
27540175,"Chicken fillet sandwich, fried, on white bun",Chicken fillet sandwiches,269,12.45,28.11,3.14,1.7,11.67,2.458,3.366,5.058,21
27540176,"Chicken fillet sandwich, fried, on white bun; with cheese",Chicken fillet sandwiches,280,13.46,25.16,3.09,1.5,13.82,4.236,3.754,4.545,30
27540185,"Chicken fillet sandwich, fried, on wheat bun",Chicken fillet sandwiches,263,13.08,26.3,2.34,3.1,11.7,2.411,3.329,4.976,21
27540186,"Chicken fillet sandwich, fried, on wheat bun, with cheese",Chicken fillet sandwiches,275,14.01,23.58,2.4,2.7,13.84,4.195,3.722,4.474,30
27540195,"Chicken fillet sandwich, grilled, on white bun",Chicken fillet sandwiches,216,21.82,19.69,2.86,0.7,4.84,0.943,1.359,1.505,58
27540196,"Chicken fillet sandwich, grilled, on white bun, with cheese",Chicken fillet sandwiches,235,21.64,17.78,2.85,0.6,7.92,2.952,2.017,1.446,62
27540205,"Chicken fillet sandwich, grilled, on wheat bun",Chicken fillet sandwiches,210,22.46,17.84,2.04,2.1,4.87,0.895,1.322,1.421,58
27540206,"Chicken fillet sandwich, grilled, on wheat bun, with cheese",Chicken fillet sandwiches,230,22.19,16.17,2.14,1.8,7.94,2.91,1.984,1.373,62
27540210,"Chicken fillet wrap sandwich, fried, from fast food",Chicken fillet sandwiches,299,12.68,24.42,1.86,2.0,16.68,5.423,4.568,5.194,29
27540300,"Chicken fillet wrap sandwich, grilled, from fast food",Chicken fillet sandwiches,252,20.83,17.3,1.61,1.2,10.42,4.017,2.71,1.99,61
27545100,"Turkey or chicken burger, on white bun",Burgers,234,20.03,20.68,3.0,0.7,7.69,1.908,2.33,2.44,54
27545110,"Turkey or chicken burger, on wheat bun",Burgers,227,20.7,18.74,2.15,2.2,7.72,1.857,2.291,2.351,54
27550000,"Fish sandwich, fried, from fast food",Seafood sandwiches,235,14.46,25.7,3.13,0.9,8.15,2.426,2.268,2.822,34
27550100,"Fish sandwich, fried, from fast food, with cheese",Seafood sandwiches,252,15.27,22.85,3.08,0.8,10.95,4.344,2.837,2.578,42
27550110,Crab cake sandwich,Seafood sandwiches,231,12.74,19.39,2.22,1.0,11.18,1.922,3.256,5.423,76
27550120,Salmon cake sandwich,Seafood sandwiches,279,13.86,19.37,2.22,1.0,15.93,2.971,4.638,6.722,56
27550150,Fried seafood sandwich,Seafood sandwiches,234,11.32,24.67,1.91,1.1,9.82,1.514,3.696,3.855,68
27550200,"Fish sandwich, from school cafeteria",Seafood sandwiches,209,15.0,27.4,2.51,3.5,4.34,1.007,1.112,1.588,29
27550300,"Fish sandwich, NFS",Seafood sandwiches,252,15.27,22.85,3.08,0.8,10.95,4.344,2.837,2.578,42
27550400,"Fish sandwich, fried, on white bun",Seafood sandwiches,236,14.48,25.74,3.13,0.9,8.16,2.43,2.271,2.826,34
27550405,"Fish sandwich, fried, on white bun, with cheese",Seafood sandwiches,252,15.29,22.88,3.08,0.8,10.96,4.35,2.841,2.581,42
27550410,"Fish sandwich, fried, on wheat bun",Seafood sandwiches,229,15.16,23.77,2.26,2.4,8.19,2.379,2.231,2.736,34
27550415,"Fish sandwich, fried, on wheat bun, with cheese",Seafood sandwiches,247,15.88,21.18,2.33,2.1,10.98,4.306,2.806,2.504,42
27550420,"Fish sandwich, grilled",Seafood sandwiches,180,16.06,21.21,3.08,0.8,3.29,0.766,0.822,1.248,41
27550425,Fish wrap sandwich,Seafood sandwiches,262,14.73,22.61,1.79,1.4,12.44,5.103,3.203,2.766,42
27550510,Sardine sandwich,Seafood sandwiches,234,17.87,21.87,2.37,1.0,7.96,1.214,2.468,3.691,79
27550720,Tuna salad sandwich on white,Seafood sandwiches,218,9.86,18.33,3.16,1.0,11.76,1.954,2.586,6.819,18
27550730,"Tuna salad sandwich on white, with cheese",Seafood sandwiches,233,10.96,16.94,3.12,0.9,13.5,3.457,2.984,6.216,25
27550735,Tuna salad sandwich on wheat,Seafood sandwiches,217,10.52,17.07,3.12,2.1,11.89,1.92,2.564,6.717,18
27550737,"Tuna salad sandwich on wheat, with cheese",Seafood sandwiches,232,11.55,15.81,3.08,1.9,13.62,3.427,2.965,6.126,25
27550755,Tuna salad sandwich wrap,Seafood sandwiches,244,10.59,16.99,2.64,1.3,14.82,4.085,3.293,6.342,25
27550800,Seafood salad sandwich,Seafood sandwiches,216,9.89,17.24,2.15,1.0,11.75,1.941,2.592,6.859,62
27560130,Bologna sandwich on white,Deli and cured meat sandwiches,274,9.87,28.49,3.71,1.2,13.33,3.992,5.328,3.183,44
27560140,"Bologna sandwich on white, with cheese",Deli and cured meat sandwiches,287,11.48,24.9,3.57,1.0,15.65,5.885,5.493,2.857,51
27560150,Bologna sandwich on wheat,Deli and cured meat sandwiches,272,10.89,26.54,3.64,2.8,13.53,3.94,5.295,3.026,44
27560160,"Bologna sandwich on wheat, with cheese",Deli and cured meat sandwiches,285,12.34,23.24,3.51,2.4,15.82,5.841,5.464,2.724,51
27560300,Corn dog,Frankfurter sandwiches,250,8.57,26.96,7.54,1.0,12.02,3.466,4.732,3.354,44
27560350,Pig in a blanket,Frankfurter sandwiches,310,11.42,19.22,2.68,0.7,20.85,8.07,8.706,1.471,40
27560520,Salami sandwich on white,Deli and cured meat sandwiches,321,15.05,25.8,2.89,1.2,17.14,5.937,7.476,3.33,52
27560530,"Salami sandwich on white, with cheese",Deli and cured meat sandwiches,326,15.87,22.61,2.87,1.0,18.87,7.532,7.311,2.981,58
27560540,Salami sandwich on wheat,Deli and cured meat sandwiches,319,16.07,23.84,2.82,2.8,17.34,5.885,7.442,3.173,52
27560550,"Salami sandwich on wheat, with cheese",Deli and cured meat sandwiches,325,16.73,20.96,2.81,2.4,19.04,7.488,7.282,2.848,58
27560610,Italian sandwich on white,Deli and cured meat sandwiches,309,15.7,18.9,2.34,0.8,18.78,7.512,7.347,2.494,53
27560620,Italian sandwich on wheat,Deli and cured meat sandwiches,308,16.42,17.53,2.29,2.0,18.92,7.475,7.323,2.383,53
27560630,"Italian sandwich or sub, restaurant",Deli and cured meat sandwiches,313,16.23,16.42,2.11,0.7,20.05,8.112,7.853,2.529,57
27560710,Italian sausage sandwich on white,Frankfurter sandwiches,300,14.45,23.47,4.05,0.8,16.29,5.458,6.777,3.547,44
27560715,Italian sausage sandwich on wheat,Deli and cured meat sandwiches,293,15.18,21.38,3.12,2.4,16.32,5.403,6.734,3.452,44
27560920,Spam sandwich,Deli and cured meat sandwiches,266,10.03,27.64,5.13,1.1,12.83,4.577,6.012,1.699,30
27564000,"Hot dog sandwich, NFS, on white bun",Frankfurter sandwiches,296,10.85,23.73,3.92,0.8,17.37,6.742,7.092,1.318,32
27564001,"Hot dog sandwich, NFS, on wheat bun",Frankfurter sandwiches,290,11.57,21.65,3.0,2.4,17.4,6.688,7.049,1.224,32
27564010,"Hot dog sandwich, NFS, on white bread",Frankfurter sandwiches,295,10.92,18.86,2.67,0.8,19.58,7.752,8.175,1.27,38
27564020,"Hot dog sandwich, NFS, on wheat bread",Frankfurter sandwiches,294,11.6,17.56,2.62,1.9,19.72,7.717,8.152,1.165,38
27564060,"Hot dog sandwich, beef, on white bun",Frankfurter sandwiches,296,10.85,23.73,3.92,0.8,17.37,6.742,7.092,1.318,32
27564061,"Hot dog sandwich, beef, on wheat bun",Frankfurter sandwiches,290,11.57,21.65,3.0,2.4,17.4,6.688,7.049,1.224,32
27564070,"Hot dog sandwich, beef, on white bread",Frankfurter sandwiches,295,10.92,18.86,2.67,0.8,19.58,7.752,8.175,1.27,38
27564080,"Hot dog sandwich, beef, on wheat bread",Frankfurter sandwiches,294,11.6,17.56,2.62,1.9,19.72,7.717,8.152,1.165,38
27564180,"Hot dog sandwich, meat and poultry, on white bun",Frankfurter sandwiches,278,9.74,24.92,4.75,0.8,15.24,4.609,5.879,3.795,44
27564181,"Hot dog sandwich, meat and poultry, on wheat bun",Frankfurter sandwiches,271,10.46,22.84,3.83,2.4,15.27,4.555,5.836,3.701,44
27564190,"Hot dog sandwich, meat and poultry, on white bread",Frankfurter sandwiches,274,9.62,20.25,3.64,0.8,17.08,5.251,6.752,4.174,51
27564200,"Hot dog sandwich, meat and poultry, on wheat bread",Frankfurter sandwiches,272,10.3,18.95,3.6,1.9,17.21,5.216,6.73,4.069,51
27564240,"Hot dog sandwich, turkey, on white bun",Frankfurter sandwiches,248,11.14,24.24,3.89,0.8,11.39,2.622,3.535,2.992,43
27564241,"Hot dog sandwich, turkey, on wheat bun",Frankfurter sandwiches,241,11.86,22.17,2.97,2.4,11.42,2.569,3.493,2.898,43
27564250,"Hot dog sandwich, turkey, on white bread",Frankfurter sandwiches,238,11.26,19.46,2.63,0.8,12.57,2.922,4.005,3.232,50
27564260,"Hot dog sandwich, turkey, on wheat bread",Frankfurter sandwiches,237,11.94,18.16,2.59,1.9,12.7,2.887,3.983,3.127,50
27564300,"Hot dog sandwich, reduced fat, on white bun",Frankfurter sandwiches,244,11.99,24.96,3.21,0.8,10.47,4.006,4.464,1.271,29
27564301,"Hot dog sandwich, reduced fat, on wheat bun",Frankfurter sandwiches,237,12.71,22.89,2.3,2.4,10.5,3.952,4.422,1.177,29
27564310,"Hot dog sandwich, reduced fat, on white bread",Frankfurter sandwiches,234,12.26,20.31,1.84,0.8,11.5,4.544,5.094,1.215,34
27564320,"Hot dog sandwich, reduced fat, on wheat bread",Frankfurter sandwiches,233,12.94,19.0,1.79,1.9,11.63,4.51,5.072,1.11,34
27564420,"Hot dog sandwich, vegetarian, on bun",Frankfurter sandwiches,251,15.76,24.3,2.85,3.1,9.89,1.336,1.839,3.993,0
27564430,"Hot dog sandwich, vegetarian, on bread",Frankfurter sandwiches,243,16.56,20.15,1.6,3.4,10.69,1.403,1.993,4.352,0
27564440,"Chili hot dog sandwich, on white bun",Frankfurter sandwiches,223,9.94,18.75,2.96,1.7,11.98,4.622,4.901,0.909,26
27564441,"Chili hot dog sandwich, on wheat bun",Frankfurter sandwiches,219,10.39,17.48,2.39,2.7,11.99,4.589,4.875,0.851,26
27564450,"Chili hot dog sandwich, on white bread",Frankfurter sandwiches,215,9.89,15.45,2.14,1.8,12.71,4.994,5.308,0.84,29
27564460,"Chili hot dog sandwich, on wheat bread",Frankfurter sandwiches,215,10.29,14.7,2.11,2.4,12.79,4.974,5.295,0.78,29
27580010,Multiple meat sandwich on white,Deli and cured meat sandwiches,190,12.87,21.66,2.62,1.0,5.62,1.583,1.953,1.557,31
27580020,"Multiple meat sandwich on white, with cheese",Deli and cured meat sandwiches,211,13.83,19.54,2.64,0.8,8.53,3.462,2.519,1.493,39
27580030,Multiple meat sandwich on wheat,Deli and cured meat sandwiches,189,13.69,20.08,2.56,2.2,5.78,1.54,1.926,1.43,31
27580040,"Multiple meat sandwich on wheat, with cheese",Deli and cured meat sandwiches,210,14.54,18.17,2.59,2.0,8.67,3.425,2.496,1.382,39
27580050,"Multiple meat sandwich or sub, restaurant",Deli and cured meat sandwiches,183,13.18,19.25,2.38,0.8,5.76,1.635,2.043,1.523,34
27580060,"Multiple meat sandwich or sub, with cheese, restaurant",Deli and cured meat sandwiches,208,14.23,17.18,2.44,0.7,9.07,3.781,2.678,1.454,42
27580070,Multiple meat sandwich wrap,Deli and cured meat sandwiches,226,13.38,19.61,2.05,1.3,10.13,4.226,2.895,1.645,39
27580110,Turkey and ham sandwich on white,Deli and cured meat sandwiches,172,13.12,21.22,2.49,1.0,3.68,0.933,1.061,1.237,26
27580120,"Turkey and ham sandwich on white, with cheese",Deli and cured meat sandwiches,195,14.04,19.16,2.53,0.8,6.83,2.895,1.741,1.213,34
27580130,Turkey and ham sandwich on wheat,Deli and cured meat sandwiches,170,13.94,19.65,2.43,2.2,3.84,0.891,1.034,1.11,26
27580140,"Turkey and ham sandwich on wheat, with cheese",Deli and cured meat sandwiches,194,14.76,17.79,2.48,2.0,6.97,2.858,1.717,1.103,34
27580150,"Turkey and ham sandwich or sub, restaurant",Deli and cured meat sandwiches,163,13.47,18.57,2.22,0.8,3.69,0.944,1.094,1.177,29
27580160,"Turkey and ham sandwich or sub, with cheese, restaurant",Deli and cured meat sandwiches,191,14.47,16.62,2.3,0.7,7.26,3.167,1.86,1.159,37
28101000,"Frozen dinner, NFS",Meat mixed dishes,146,6.82,10.94,1.35,1.2,8.4,3.878,2.733,0.338,41
28110000,"Beef dinner, NFS, frozen meal",Meat mixed dishes,146,6.82,10.94,1.35,1.2,8.4,3.878,2.733,0.338,41
28110150,"Beef with vegetable, diet frozen meal",Meat mixed dishes,125,10.64,4.69,2.81,0.8,6.95,2.63,3.111,0.224,34
28110300,"Salisbury steak dinner, NFS, frozen meal",Meat mixed dishes,146,6.82,10.94,1.35,1.2,8.4,3.878,2.733,0.338,41
28110310,"Salisbury steak with gravy, potatoes, vegetable, frozen meal",Meat mixed dishes,146,6.82,10.94,1.35,1.2,8.4,3.878,2.733,0.338,41
28110330,"Salisbury steak with gravy, whipped potatoes, vegetable, dessert, frozen meal",Meat mixed dishes,141,7.65,12.62,2.23,1.0,6.66,2.468,2.61,0.8,25
28110380,"Salisbury steak with gravy, macaroni and cheese, frozen meal",Meat mixed dishes,202,10.41,20.36,1.77,1.3,8.51,3.213,3.019,1.115,23
28110510,"Beef, sliced, with gravy, potatoes, vegetable, frozen meal",Meat mixed dishes,125,8.12,6.59,0.8,0.7,7.28,2.013,3.206,1.262,21
28110660,"Meatballs, Swedish, in gravy, with noodles, diet frozen meal",Meat mixed dishes,112,9.88,10.31,1.18,0.8,3.35,1.175,1.347,0.299,14
28113140,"Beef with spaetzle or rice, vegetable, frozen meal",Meat mixed dishes,118,6.92,12.23,1.23,0.6,4.37,1.231,1.895,0.708,16
28140100,"Chicken dinner, NFS, frozen meal",Poultry mixed dishes,124,8.48,10.73,1.58,0.9,5.18,2.019,1.539,0.73,39
28140710,"Chicken, fried, with potatoes, vegetable, frozen meal",Poultry mixed dishes,157,10.26,10.63,1.29,1.7,8.13,2.663,3.288,1.427,46
28140720,"Chicken patty, or nuggets, boneless, breaded, potatoes, vegetable, frozen meal",Poultry mixed dishes,175,10.68,16.0,1.0,1.4,8.1,1.956,3.474,1.702,42
28141010,"Chicken, fried, with potatoes, vegetable, dessert, frozen meal, large meat portion",Poultry mixed dishes,201,10.88,18.05,6.03,1.3,9.93,2.477,4.249,2.164,49
28141201,"Teriyaki chicken with rice and vegetable, diet frozen meal",Stir-fry and soy-based sauce mixtures,126,5.65,22.46,4.07,0.7,1.56,0.327,0.503,0.415,16
28141250,"Chicken with rice and vegetable, diet frozen meal",Poultry mixed dishes,111,9.81,10.99,1.86,0.8,3.03,0.607,0.923,1.128,26
28141650,"Chicken and vegetables au gratin with rice, diet frozen entree",Poultry mixed dishes,120,10.67,7.24,0.88,0.8,5.41,2.78,1.437,0.354,35
28143020,"Chicken and vegetable entree with rice, diet frozen meal",Poultry mixed dishes,171,10.45,19.65,6.42,0.7,5.57,1.011,2.284,1.69,37
28143080,"Chicken with noodles and cheese sauce, diet frozen meal",Poultry mixed dishes,114,10.07,11.66,0.31,0.7,2.86,0.558,1.078,0.803,24
28143150,"Chicken and vegetable entree with noodles, diet frozen meal",Poultry mixed dishes,85,7.58,9.78,2.27,1.6,1.89,0.491,0.645,0.36,23
28143200,"Chicken in soy-based sauce, rice and vegetables, frozen meal",Stir-fry and soy-based sauce mixtures,109,6.56,18.06,1.42,1.0,0.91,0.239,0.303,0.159,16
28144100,"Chicken and vegetable entree with noodles and cream sauce, frozen meal",Poultry mixed dishes,124,8.48,10.73,1.58,0.9,5.18,2.019,1.539,0.73,39
28145110,"Turkey with vegetable, stuffing, diet frozen meal",Poultry mixed dishes,96,9.3,10.66,3.79,1.5,1.82,0.509,0.703,0.395,23
28145210,"Turkey with gravy, dressing, potatoes, vegetable, frozen meal",Poultry mixed dishes,128,6.97,16.32,4.82,1.3,3.89,0.877,1.235,1.087,14
28150510,"Fish in lemon-butter sauce with starch item, vegetable, frozen meal",Seafood mixed dishes,101,5.46,10.98,1.07,1.1,3.78,1.362,0.712,1.279,15
28154010,"Shrimp and vegetables in sauce with noodles, diet frozen meal",Seafood mixed dishes,91,5.29,13.45,1.87,1.5,1.72,0.491,0.321,0.545,37
28160300,"Meat loaf dinner, NFS, frozen meal",Meat mixed dishes,134,6.66,10.13,3.02,1.2,7.4,2.202,3.081,1.418,19
28160310,"Meat loaf with potatoes, vegetable, frozen meal",Meat mixed dishes,134,6.66,10.13,3.02,1.2,7.4,2.202,3.081,1.418,19
28310230,"Soup, meatball","Soups, broth-based",52,2.65,5.53,1.45,0.9,2.17,0.765,0.876,0.203,7
28310330,"Soup, pho, with meat",Ramen and Asian broth-based soups,77,5.81,5.6,0.46,0.4,3.33,1.278,1.465,0.118,18
28310335,"Soup, pho, no meat",Ramen and Asian broth-based soups,37,1.42,5.9,0.64,0.5,0.93,0.13,0.298,0.412,0
28311010,"Soup, pepperpot","Soups, cream-based",91,3.06,6.79,1.46,0.9,5.75,2.88,1.486,0.461,23
28315050,"Soup, beef, canned","Soups, broth-based",37,1.94,4.86,1.23,0.9,1.17,0.366,0.478,0.151,4
28315140,"Soup, sopa or caldo de res","Soups, broth-based",71,5.91,4.04,1.1,0.8,3.4,1.29,1.474,0.146,18
28315150,"Soup, pozole","Soups, broth-based",43,3.38,4.59,0.98,0.9,1.23,0.279,0.469,0.349,12
28315160,"Soup, Italian wedding","Soups, broth-based",66,3.57,7.38,0.69,0.9,2.4,0.804,0.912,0.29,7
28320160,"Soup, pork or ham","Soups, broth-based",48,3.14,4.04,1.1,0.8,2.17,0.711,0.93,0.356,10
28340120,"Soup, broth","Soups, broth-based",6,0.89,0.24,0.22,0.0,0.22,0.062,0.054,0.01,1
28340600,"Soup, chicken, canned","Soups, broth-based",33,2.02,4.86,1.23,0.9,0.72,0.154,0.263,0.201,6
28340660,"Soup, chicken","Soups, broth-based",40,3.44,4.04,1.1,0.8,1.14,0.268,0.439,0.305,12
28340670,"Soup, sopa or caldo de pollo","Soups, broth-based",55,6.23,4.04,1.1,0.8,1.58,0.438,0.615,0.345,25
28340750,"Soup, hot and sour",Ramen and Asian broth-based soups,39,2.58,4.35,0.42,0.5,1.21,0.229,0.288,0.311,21
28345110,"Soup, cream of chicken","Soups, cream-based",91,4.0,6.79,1.46,0.9,5.42,2.699,1.315,0.504,25
28350220,"Soup, Manhattan clam chowder","Soups, broth-based",35,2.48,5.26,1.22,0.8,0.51,0.075,0.148,0.163,4
28355110,"Soup, New England clam chowder","Soups, cream-based",93,3.12,9.25,0.95,1.0,4.8,2.506,1.019,0.356,16
28355250,"Soup, bisque","Soups, cream-based",75,2.28,5.9,1.9,0.9,4.81,2.529,1.041,0.393,22
28355260,Lobster gumbo,Seafood mixed dishes,59,6.19,4.63,1.78,0.9,1.78,0.787,0.368,0.271,37
28355440,Shrimp gumbo,Seafood mixed dishes,61,6.52,4.63,1.78,0.9,1.89,0.782,0.335,0.351,62
28355480,"Soup, fish or shrimp","Soups, broth-based",30,2.58,4.04,1.1,0.8,0.47,0.072,0.146,0.172,7
28500000,"Gravy, poultry","Dips, gravies, other sauces",48,0.71,5.29,0.3,0.1,2.62,0.639,1.027,0.407,5
28500040,"Gravy, beef","Dips, gravies, other sauces",53,3.75,4.81,0.21,0.4,2.36,1.153,0.962,0.08,3
28501010,"Gravy, beef, fat free","Dips, gravies, other sauces",53,3.75,4.81,0.21,0.4,2.36,1.153,0.962,0.08,3
28501110,"Gravy, poultry, fat free","Dips, gravies, other sauces",48,0.71,5.29,0.3,0.1,2.62,0.639,1.027,0.407,5
28520000,"Gravy, made with soy sauce","Dips, gravies, other sauces",46,0.82,9.82,3.81,0.1,0.29,0.127,0.108,0.022,0
28520010,"Gravy, NFS","Dips, gravies, other sauces",53,3.75,4.81,0.21,0.4,2.36,1.153,0.962,0.08,3
28520100,Oyster sauce,Soy-based condiments,51,1.35,10.92,0.0,0.3,0.25,0.043,0.073,0.066,0
28522000,Mole sauce,"Dips, gravies, other sauces",75,0.98,10.77,7.1,1.0,3.82,1.875,1.058,0.345,0
31101010,"Egg, whole, raw",Eggs and omelets,143,12.4,0.96,0.2,0.0,9.96,3.2,3.63,1.82,411
31102000,"Egg, whole, cooked, NS as to cooking method",Eggs and omelets,176,11.84,0.92,0.19,0.0,13.86,3.636,5.309,3.408,392
31103010,"Egg, whole, boiled or poached",Eggs and omelets,143,12.4,0.96,0.2,0.0,9.96,3.2,3.63,1.82,411
31105005,"Egg, whole, fried, NS as to fat",Eggs and omelets,185,11.58,0.91,0.2,0.0,15.0,4.479,5.412,3.337,388
31105010,"Egg, whole, fried no added fat",Eggs and omelets,143,12.36,0.96,0.2,0.0,9.93,3.19,3.619,1.815,410
31105020,"Egg, whole, fried with margarine",Eggs and omelets,171,11.57,0.95,0.19,0.0,13.52,3.821,4.964,3.388,383
31105030,"Egg, whole, fried with oil",Eggs and omelets,192,11.56,0.9,0.19,0.0,15.81,3.854,6.148,4.202,383
31105040,"Egg, whole, fried with butter",Eggs and omelets,182,11.61,0.9,0.22,0.0,14.64,5.957,4.486,1.861,398
31105060,"Egg, whole, fried with animal fat or meat drippings",Eggs and omelets,188,11.7,0.9,0.19,0.0,15.3,5.303,6.074,2.352,389
31105080,"Egg, whole, fried with cooking spray",Eggs and omelets,149,12.24,1.15,0.2,0.0,10.61,3.209,4.075,2.015,406
31105085,"Egg, whole, fried, NS as to fat type",Eggs and omelets,185,11.58,0.91,0.2,0.0,15.0,4.479,5.412,3.337,388
31105090,"Egg, whole, fried, from fast food / restaurant",Eggs and omelets,192,11.56,0.9,0.19,0.0,15.81,3.854,6.148,4.202,383
31106000,"Egg, whole, baked, NS as to fat",Eggs and omelets,185,11.58,0.91,0.2,0.0,15.0,4.479,5.412,3.337,388
31106010,"Egg, whole, baked, no added fat",Eggs and omelets,143,12.36,0.96,0.2,0.0,9.93,3.19,3.619,1.815,410
31106020,"Egg, whole, baked, fat added",Eggs and omelets,185,11.58,0.91,0.2,0.0,15.0,4.479,5.412,3.337,388
31107000,"Egg, whole, pickled",Eggs and omelets,154,12.49,1.11,1.11,0.0,10.54,3.244,4.049,1.404,370
31108010,"Egg, white only, raw",Eggs and omelets,52,10.7,2.36,0.71,0.0,0.0,0.0,0.0,0.0,0
31108100,"Egg, white, cooked, NS as to fat",Eggs and omelets,100,9.99,2.21,0.67,0.0,5.72,1.496,2.029,1.64,5
31108110,"Egg, white, cooked, no added fat",Eggs and omelets,52,10.67,2.35,0.71,0.0,0.0,0.0,0.0,0.0,0
31108120,"Egg, white, cooked, fat added",Eggs and omelets,100,9.99,2.21,0.67,0.0,5.72,1.496,2.029,1.64,5
31110010,"Egg, yolk only, raw",Eggs and omelets,328,16.2,1.02,0.56,0.0,28.8,9.551,11.738,4.204,1085
31111000,"Egg, yolk only, cooked, NS as to fat",Eggs and omelets,357,15.12,0.96,0.53,0.0,32.56,10.398,12.969,5.558,1016
31111010,"Egg, yolk only, cooked, no added fat",Eggs and omelets,327,16.15,1.02,0.56,0.0,28.71,9.522,11.703,4.191,1082
31111020,"Egg, yolk only, cooked, fat added",Eggs and omelets,357,15.12,0.96,0.53,0.0,32.56,10.398,12.969,5.558,1016
31201000,"Duck egg, cooked",Eggs and omelets,224,11.96,1.36,0.88,0.0,18.55,4.927,8.11,2.78,828
31202000,"Goose egg, cooked",Eggs and omelets,224,12.94,1.27,0.89,0.0,18.09,4.847,7.385,3.199,799
31203000,"Quail egg, canned",Eggs and omelets,158,13.01,0.41,0.4,0.0,11.06,3.546,4.311,1.32,841
32101000,"Egg, creamed",Eggs and omelets,148,7.79,5.52,3.02,0.1,10.35,4.023,3.243,1.385,182
32101500,"Egg, Benedict",Eggs and omelets,288,13.81,8.48,1.17,0.6,22.1,10.251,6.146,2.036,271
32102000,"Egg, deviled",Eggs and omelets,198,11.52,1.07,1.07,0.0,15.9,3.948,5.114,5.014,343
32103000,"Egg salad, made with mayonnaise",Eggs and omelets,257,10.26,1.01,1.01,0.0,23.14,4.904,6.558,9.874,307
32103015,"Egg salad, made with light mayonnaise",Eggs and omelets,172,9.97,2.82,1.63,0.0,13.0,3.292,4.257,3.836,297
32103020,"Egg salad, made with mayonnaise-type salad dressing",Eggs and omelets,174,10.07,3.93,2.95,0.0,12.83,3.281,4.262,3.63,299
32103025,"Egg salad, made with light mayonnaise-type salad dressing",Eggs and omelets,172,9.97,2.82,1.63,0.0,13.0,3.292,4.257,3.836,297
32103030,"Egg salad, made with creamy dressing",Eggs and omelets,212,10.17,2.12,1.86,0.0,17.68,4.029,5.136,6.521,299
32103035,"Egg salad, made with light creamy dressing",Eggs and omelets,155,10.17,2.37,2.08,0.0,11.29,3.009,3.89,2.811,292
32103040,"Egg salad, made with Italian dressing",Eggs and omelets,172,10.02,3.38,3.11,0.0,12.74,3.188,4.383,3.333,295
32103045,"Egg salad, made with light Italian dressing",Eggs and omelets,143,9.98,2.98,2.8,0.0,9.74,2.744,3.568,1.79,293
32103050,"Egg Salad, made with any type of fat free dressing",Eggs and omelets,139,9.8,4.29,3.14,0.4,8.82,2.666,3.578,1.111,291
32105180,Huevos rancheros,Eggs and omelets,121,6.68,8.85,2.26,1.7,6.65,1.691,2.475,1.735,175
32105190,"Egg casserole with bread, cheese, milk and meat",Eggs and omelets,175,11.43,10.22,2.77,0.4,9.75,3.901,3.199,1.489,114
32105200,"Egg foo yung, NFS",Stir-fry and soy-based sauce mixtures,125,11.69,5.2,3.07,0.3,6.16,1.712,2.248,1.476,234
32105210,Chicken egg foo yung,Stir-fry and soy-based sauce mixtures,137,12.79,4.78,3.05,0.3,7.38,1.986,2.861,1.564,207
32105220,Pork egg foo yung,Stir-fry and soy-based sauce mixtures,149,13.29,4.78,3.06,0.3,8.25,2.502,3.293,1.518,199
32105230,Shrimp egg foo yung,Stir-fry and soy-based sauce mixtures,125,11.69,5.2,3.07,0.3,6.16,1.712,2.248,1.476,234
32105240,Beef egg foo yung,Stir-fry and soy-based sauce mixtures,147,13.82,4.78,3.05,0.3,8.08,2.473,3.161,1.412,201
32129990,"Egg omelet or scrambled egg, NS as to fat",Eggs and omelets,185,11.58,0.91,0.2,0.0,15.0,4.479,5.412,3.337,388
32130000,"Egg omelet or scrambled egg, made with margarine",Eggs and omelets,171,11.57,0.95,0.19,0.0,13.52,3.821,4.964,3.388,383
32130010,"Egg omelet or scrambled egg, made with oil",Eggs and omelets,192,11.56,0.9,0.19,0.0,15.81,3.854,6.148,4.202,383
32130020,"Egg omelet or scrambled egg, made with butter",Eggs and omelets,182,11.61,0.9,0.22,0.0,14.64,5.957,4.486,1.861,398
32130040,"Egg omelet or scrambled egg, made with animal fat or meat drippings",Eggs and omelets,188,11.7,0.9,0.19,0.0,15.3,5.303,6.074,2.352,389
32130060,"Egg omelet or scrambled egg, made with cooking spray",Eggs and omelets,149,12.24,1.15,0.2,0.0,10.61,3.209,4.075,2.015,406
32130065,"Egg omelet or scrambled egg, NS as to fat type",Eggs and omelets,185,11.58,0.91,0.2,0.0,15.0,4.479,5.412,3.337,388
32130070,"Egg omelet or scrambled egg, no added fat",Eggs and omelets,143,12.36,0.96,0.2,0.0,9.93,3.19,3.619,1.815,410
32130080,"Egg omelet or scrambled egg, from fast food / restaurant",Eggs and omelets,192,11.56,0.9,0.19,0.0,15.81,3.854,6.148,4.202,383
32130100,"Egg omelet or scrambled egg, with cheese, made with margarine",Eggs and omelets,194,12.65,1.45,0.51,0.0,15.35,5.358,5.14,3.102,347
32130110,"Egg omelet or scrambled egg, with cheese, made with oil",Eggs and omelets,212,12.64,1.4,0.51,0.0,17.36,5.386,6.179,3.816,347
32130120,"Egg omelet or scrambled egg, with cheese, made with butter",Eggs and omelets,203,12.69,1.41,0.54,0.0,16.34,7.231,4.72,1.762,360
32130140,"Egg omelet or scrambled egg, with cheese, made with animal fat or meat drippings",Eggs and omelets,209,12.77,1.4,0.51,0.0,16.91,6.658,6.114,2.193,352
32130160,"Egg omelet or scrambled egg, with cheese, made with cooking spray",Eggs and omelets,176,13.29,1.65,0.53,0.0,12.91,4.903,4.375,1.891,365
32130170,"Egg omelet or scrambled egg, with cheese, no added fat",Eggs and omelets,171,13.41,1.49,0.54,0.0,12.34,4.902,3.981,1.716,368
32130190,"Egg omelet or scrambled egg, with meat, NS as to fat",Eggs and omelets,193,12.71,0.99,0.28,0.0,15.35,4.642,5.673,3.327,350
32130200,"Egg omelet or scrambled egg, with meat, made with margarine",Eggs and omelets,181,12.7,1.03,0.27,0.0,14.06,4.066,5.28,3.372,346
32130210,"Egg omelet or scrambled egg, with meat, made with oil",Eggs and omelets,199,12.69,0.98,0.27,0.0,16.06,4.094,6.318,4.086,346
32130220,"Egg omelet or scrambled egg, with meat, made with butter",Eggs and omelets,190,12.74,0.99,0.31,0.0,15.04,5.939,4.86,2.032,359
32130240,"Egg omelet or scrambled egg, with meat, made with animal fat or meat drippings",Eggs and omelets,196,12.82,0.98,0.27,0.0,15.61,5.366,6.254,2.463,351
32130260,"Egg omelet or scrambled egg, with meat, made with cooking spray",Eggs and omelets,162,13.35,1.21,0.29,0.0,11.54,3.544,4.522,2.175,363
32130265,"Egg omelet or scrambled egg, with meat, NS as to fat type",Eggs and omelets,193,12.71,0.99,0.28,0.0,15.35,4.642,5.673,3.327,350
32130270,"Egg omelet or scrambled egg, with meat, no added fat",Eggs and omelets,157,13.46,1.04,0.29,0.0,10.96,3.532,4.129,2.002,367
32130290,"Egg omelet or scrambled egg, with cheese and meat, NS as to fat",Eggs and omelets,209,13.27,1.43,0.55,0.0,16.74,5.925,5.685,3.072,330
32130300,"Egg omelet or scrambled egg, with cheese and meat, made with margarine",Eggs and omelets,198,13.27,1.46,0.54,0.0,15.54,5.392,5.321,3.113,327
32130310,"Egg omelet or scrambled egg, with cheese and meat, made with oil",Eggs and omelets,215,13.26,1.42,0.54,0.0,17.39,5.419,6.282,3.773,327
32130320,"Egg omelet or scrambled egg, with cheese and meat, made with butter",Eggs and omelets,207,13.3,1.42,0.57,0.0,16.45,7.124,4.933,1.875,339
32130340,"Egg omelet or scrambled egg, with cheese and meat, made with animal fat or meat drippings",Eggs and omelets,212,13.38,1.42,0.54,0.0,16.98,6.594,6.222,2.273,331
32130360,"Egg omelet or scrambled egg, with cheese and meat, made with cooking spray",Eggs and omelets,182,13.89,1.65,0.56,0.0,13.3,4.975,4.625,1.999,342
32130365,"Egg omelet or scrambled egg, with cheese and meat, NS as to fat type",Eggs and omelets,209,13.27,1.43,0.55,0.0,16.74,5.925,5.685,3.072,330
32130370,"Egg omelet or scrambled egg, with cheese and meat, no added fat",Eggs and omelets,177,14.0,1.5,0.57,0.0,12.78,4.975,4.265,1.839,345
32130400,"Egg omelet or scrambled egg, with tomatoes, fat added",Eggs and omelets,165,10.29,1.47,0.59,0.2,13.19,3.934,4.753,2.939,340
32130410,"Egg omelet or scrambled egg, with tomatoes, no added fat",Eggs and omelets,127,10.9,1.55,0.62,0.2,8.67,2.78,3.153,1.591,356
32130420,"Egg omelet or scrambled egg, with tomatoes, NS as to fat",Eggs and omelets,165,10.29,1.47,0.59,0.2,13.19,3.934,4.753,2.939,340
32130430,"Egg omelet or scrambled egg, with dark-green vegetables, fat added",Eggs and omelets,166,10.52,1.35,0.32,0.2,13.23,3.937,4.75,2.945,340
32130440,"Egg omelet or scrambled egg, with dark-green vegetables, no added fat",Eggs and omelets,129,11.14,1.42,0.33,0.3,8.71,2.784,3.15,1.597,356
32130450,"Egg omelet or scrambled egg, with dark-green vegetables, NS as to fat",Eggs and omelets,166,10.52,1.35,0.32,0.2,13.23,3.937,4.75,2.945,340
32130460,"Egg omelet or scrambled egg, with tomatoes and dark-green vegetables, fat added",Eggs and omelets,165,10.34,1.44,0.47,0.2,13.11,3.904,4.713,2.919,337
32130470,"Egg omelet or scrambled egg, with tomatoes and dark-green vegetables, no fat added",Eggs and omelets,127,10.94,1.51,0.49,0.2,8.62,2.759,3.124,1.581,353
32130480,"Egg omelet or scrambled egg, with tomatoes and dark-green vegetables, NS as to fat",Eggs and omelets,165,10.34,1.44,0.47,0.2,13.11,3.904,4.713,2.919,337
32130490,"Egg omelet or scrambled egg, with vegetables other than dark green and/or tomatoes, fat added",Eggs and omelets,167,10.55,1.5,0.51,0.3,13.21,3.937,4.749,2.949,340
32130500,"Egg omelet or scrambled egg, with vegetables other than dark green and/or tomatoes, no added fat",Eggs and omelets,129,11.18,1.58,0.53,0.3,8.69,2.783,3.149,1.601,356
32130510,"Egg omelet or scrambled egg, with vegetables other than dark green and/or tomatoes, NS as to fat",Eggs and omelets,167,10.55,1.5,0.51,0.3,13.21,3.937,4.749,2.949,340
32130600,"Egg omelet or scrambled egg, with cheese and tomatoes, fat added",Eggs and omelets,186,11.39,1.86,0.83,0.2,14.86,5.29,4.933,2.733,313
32130610,"Egg omelet or scrambled egg, with cheese and tomatoes, no added fat",Eggs and omelets,154,11.99,1.95,0.87,0.2,10.94,4.342,3.527,1.529,326
32130620,"Egg omelet or scrambled egg, with cheese and tomatoes, NS as to fat",Eggs and omelets,186,11.39,1.86,0.83,0.2,14.86,5.29,4.933,2.733,313
32130630,"Egg omelet or scrambled egg, with cheese and dark-green vegetables, fat added",Eggs and omelets,187,11.6,1.75,0.59,0.2,14.89,5.293,4.93,2.738,313
32130640,"Egg omelet or scrambled egg, with cheese and dark-green vegetables, no added fat",Eggs and omelets,155,12.2,1.84,0.61,0.2,10.98,4.345,3.524,1.535,326
32130650,"Egg omelet or scrambled egg, with cheese and dark-green vegetables, NS as to fat",Eggs and omelets,187,11.6,1.75,0.59,0.2,14.89,5.293,4.93,2.738,313
32130660,"Egg omelet or scrambled egg, with cheese, tomatoes, and dark-green vegetables, fat added",Eggs and omelets,186,11.43,1.83,0.72,0.2,14.77,5.254,4.896,2.717,310
32130670,"Egg omelet or scrambled egg, with cheese, tomatoes, and dark-green vegetables, no added fat",Eggs and omelets,153,12.02,1.92,0.75,0.2,10.88,4.311,3.499,1.521,323
32130680,"Egg omelet or scrambled egg, with cheese, tomatoes, and dark-green vegetables, NS as to fat",Eggs and omelets,186,11.43,1.83,0.72,0.2,14.77,5.254,4.896,2.717,310
32130690,"Egg omelet or scrambled egg, with cheese and vegetables other than dark green and/or tomatoes, fat added",Eggs and omelets,188,11.63,1.89,0.76,0.2,14.87,5.292,4.929,2.742,313
32130700,"Egg omelet or scrambled egg, with cheese and vegetables other than dark green and/or tomatoes, no added fat",Eggs and omelets,155,12.24,1.98,0.79,0.2,10.96,4.345,3.523,1.538,326
32130710,"Egg omelet or scrambled egg, with cheese and vegetables other than dark green and/or tomatoes, NS as to fat",Eggs and omelets,188,11.63,1.89,0.76,0.2,14.87,5.292,4.929,2.742,313
32130800,"Egg omelet or scrambled egg, with meat and tomatoes, fat added",Eggs and omelets,172,11.09,1.48,0.62,0.2,13.54,4.076,4.963,2.963,320
32130810,"Egg omelet or scrambled egg, with meat and tomatoes, no added fat",Eggs and omelets,137,11.69,1.55,0.64,0.2,9.4,3.022,3.503,1.724,334
32130820,"Egg omelet or scrambled egg, with meat and tomatoes, NS as to fat",Eggs and omelets,172,11.09,1.48,0.62,0.2,13.54,4.076,4.963,2.963,320
32130830,"Egg omelet or scrambled egg, with meat and dark-green vegetables, fat added",Eggs and omelets,173,11.3,1.37,0.36,0.2,13.58,4.079,4.961,2.969,320
32130840,"Egg omelet or scrambled egg, with meat and dark-green vegetables, no added fat",Eggs and omelets,138,11.91,1.44,0.37,0.2,9.44,3.026,3.5,1.73,334
32130850,"Egg omelet or scrambled egg, with meat and dark-green vegetables, NS as to fat",Eggs and omelets,173,11.3,1.37,0.36,0.2,13.58,4.079,4.961,2.969,320
32130860,"Egg omelet or scrambled egg, with meat, tomatoes, and dark-green vegetables, fat added",Eggs and omelets,174,11.47,1.46,0.52,0.2,13.62,4.111,5.02,2.956,309
32130870,"Egg omelet or scrambled egg, with meat, tomatoes, and dark-green vegetables, no added fat",Eggs and omelets,141,12.07,1.52,0.54,0.2,9.68,3.108,3.629,1.773,322
32130880,"Egg omelet or scrambled egg, with meat, tomatoes, and dark-green vegetables, NS as to fat",Eggs and omelets,174,11.47,1.46,0.52,0.2,13.62,4.111,5.02,2.956,309
32130890,"Egg omelet or scrambled egg, with meat and vegetables other than dark-green and/or tomatoes, fat added",Eggs and omelets,173,11.33,1.51,0.54,0.2,13.56,4.079,4.96,2.972,320
32130900,"Egg omelet or scrambled egg, with meat and vegetables other than dark-green and/or tomatoes, no added fat",Eggs and omelets,139,11.95,1.58,0.56,0.2,9.42,3.025,3.499,1.733,334
32130910,"Egg omelet or scrambled egg, with meat and vegetables other than dark-green and/or tomatoes, NS as to fat",Eggs and omelets,173,11.33,1.51,0.54,0.2,13.56,4.079,4.96,2.972,320
32131000,"Egg omelet or scrambled egg, with cheese, meat, and tomatoes, fat added",Eggs and omelets,199,12.58,1.66,0.71,0.1,15.8,5.589,5.363,2.902,311
32131010,"Egg omelet or scrambled egg, with cheese, meat, and tomatoes, no added fat",Eggs and omelets,168,13.22,1.74,0.74,0.1,12.03,4.678,4.011,1.734,324
32131020,"Egg omelet or scrambled egg, with cheese, meat, and tomatoes, NS as to fat",Eggs and omelets,199,12.58,1.66,0.71,0.1,15.8,5.589,5.363,2.902,311
32131030,"Egg omelet or scrambled egg, with cheese, meat, and dark-green vegetables, fat added",Eggs and omelets,199,12.68,1.6,0.58,0.1,15.82,5.591,5.362,2.905,311
32131040,"Egg omelet or scrambled egg, with cheese, meat, and dark-green vegetables, no added fat",Eggs and omelets,169,13.34,1.68,0.6,0.1,12.05,4.68,4.01,1.737,324
32131050,"Egg omelet or scrambled egg, with cheese, meat, and dark-green vegetables, NS as to fat",Eggs and omelets,199,12.68,1.6,0.58,0.1,15.82,5.591,5.362,2.905,311
32131060,"Egg omelet or scrambled egg, with cheese, meat, tomatoes, and dark-green vegetables, fat added",Eggs and omelets,190,12.06,1.81,0.74,0.2,14.98,5.291,5.074,2.753,295
32131070,"Egg omelet or scrambled egg, with cheese, meat, tomatoes, and dark-green vegetables, no added fat",Eggs and omelets,160,12.64,1.89,0.76,0.2,11.38,4.417,3.785,1.644,306
32131080,"Egg omelet or scrambled egg, with cheese, meat, tomatoes, and dark-green vegetables, NS as to fat",Eggs and omelets,190,12.06,1.81,0.74,0.2,14.98,5.291,5.074,2.753,295
32131090,"Egg omelet or scrambled egg, with cheese, meat, and vegetables other than dark-green and/or tomatoes, fat added",Eggs and omelets,200,12.7,1.67,0.67,0.1,15.81,5.591,5.361,2.907,311
32131100,"Egg omelet or scrambled egg, with cheese, meat, and vegetables other than dark-green and/or tomatoes, no added fat",Eggs and omelets,169,13.35,1.75,0.7,0.1,12.04,4.68,4.009,1.739,324
32131110,"Egg omelet or scrambled egg, with cheese, meat, and vegetables other than dark-green and/or tomatoes, NS as to fat",Eggs and omelets,200,12.7,1.67,0.67,0.1,15.81,5.591,5.361,2.907,311
32131200,"Egg omelet or scrambled egg, with potatoes and/or onions, fat added",Eggs and omelets,172,10.41,2.97,0.47,0.3,13.18,3.934,4.749,2.933,340
32131210,"Egg omelet or scrambled egg, with potatoes and/or onions, no added fat",Eggs and omelets,134,11.03,3.14,0.49,0.3,8.65,2.78,3.149,1.584,356
32131220,"Egg omelet or scrambled egg, with potatoes and/or onions, NS as to fat",Eggs and omelets,172,10.41,2.97,0.47,0.3,13.18,3.934,4.749,2.933,340
32203010,Egg salad sandwich on white,Egg/breakfast sandwiches,260,9.98,17.07,2.45,0.8,16.62,3.543,4.611,7.206,205
32203020,Egg salad sandwich on wheat,Egg/breakfast sandwiches,259,10.64,15.81,2.41,1.8,16.75,3.509,4.589,7.105,205
32300100,"Soup, egg drop",Ramen and Asian broth-based soups,27,1.16,4.29,0.09,0.4,0.61,0.166,0.191,0.129,23
32400055,"Egg white omelet, scrambled, or fried, NS as to fat",Eggs and omelets,100,9.99,2.21,0.67,0.0,5.72,1.496,2.029,1.64,5
32400060,"Egg white omelet, scrambled, or fried, made with margarine",Eggs and omelets,86,9.98,2.25,0.66,0.0,4.24,0.839,1.581,1.692,0
32400065,"Egg white omelet, scrambled, or fried, made with oil",Eggs and omelets,107,9.97,2.2,0.66,0.0,6.52,0.872,2.765,2.506,0
32400070,"Egg white omelet, scrambled, or fried, made with butter",Eggs and omelets,97,10.03,2.2,0.7,0.0,5.36,2.975,1.103,0.164,15
32400075,"Egg white omelet, scrambled, or fried, made with cooking spray",Eggs and omelets,59,10.56,2.53,0.7,0.0,0.78,0.05,0.492,0.219,0
32400078,"Egg white omelet, scrambled, or fried, NS as to fat type",Eggs and omelets,100,9.99,2.21,0.67,0.0,5.72,1.496,2.029,1.64,5
32400080,"Egg white omelet, scrambled, or fried, no added fat",Eggs and omelets,52,10.67,2.35,0.71,0.0,0.0,0.0,0.0,0.0,0
32400100,"Egg white, omelet, scrambled, or fried, with cheese",Eggs and omelets,132,11.27,2.56,0.93,0.0,8.51,3.318,2.565,1.569,15
32400200,"Egg white, omelet, scrambled, or fried, with meat",Eggs and omelets,119,11.32,2.14,0.7,0.0,7.21,2.026,2.705,1.839,14
32400300,"Egg white, omelet, scrambled, or fried, with vegetables",Eggs and omelets,92,9.13,2.49,0.74,0.2,5.09,1.321,1.782,1.457,4
32400400,"Egg white, omelet, scrambled, or fried, with cheese and meat",Eggs and omelets,141,11.99,2.49,0.93,0.0,9.21,3.506,2.941,1.696,20
32400500,"Egg white, omelet, scrambled, or fried, with cheese and vegetables",Eggs and omelets,121,10.36,2.77,0.96,0.2,7.64,2.962,2.286,1.413,13
32400600,"Egg white, omelet, scrambled, or fried, with meat and vegetables",Eggs and omelets,104,10.01,2.43,0.75,0.2,6.05,1.66,2.217,1.593,10
32400700,"Egg white, omelet, scrambled, or fried, with cheese, meat, and vegetables",Eggs and omelets,135,11.47,2.6,0.94,0.1,8.72,3.31,2.774,1.608,18
32401000,Meringues,Pudding,324,7.17,75.34,73.06,0.0,0.04,0.0,0.0,0.0,0
33001010,"Egg substitute, omelet, scrambled, or fried, fat added",Eggs and omelets,96,9.34,1.88,1.88,0.0,5.72,1.496,2.029,1.64,5
33001050,"Egg substitute, omelet, scrambled, or fried, no added fat",Eggs and omelets,48,9.97,1.99,1.99,0.0,0.0,0.0,0.0,0.0,0
33401000,"Egg substitute, omelet, scrambled, or fried, with cheese",Eggs and omelets,128,10.69,2.26,1.99,0.0,8.51,3.318,2.565,1.569,15
33401100,"Egg substitute, omelet, scrambled, or fried, with meat",Eggs and omelets,115,10.75,1.84,1.76,0.0,7.21,2.026,2.705,1.839,14
33401200,"Egg substitute, omelet, scrambled, or fried, with vegetables",Eggs and omelets,89,8.56,2.2,1.79,0.2,5.09,1.321,1.782,1.457,4
33401300,"Egg substitute, omelet, scrambled, or fried, with cheese and meat",Eggs and omelets,138,11.46,2.21,1.9,0.0,9.21,3.506,2.941,1.696,20
33401400,"Egg substitute, omelet, scrambled, or fried, with cheese and vegetables",Eggs and omelets,118,9.85,2.51,1.9,0.2,7.64,2.962,2.286,1.413,13
33401500,"Egg substitute, omelet, scrambled, or fried, with meat and vegetables",Eggs and omelets,101,9.48,2.15,1.72,0.2,6.05,1.66,2.217,1.593,10
33401600,"Egg substitute, omelet, scrambled, or fried, with cheese, meat, and vegetables",Eggs and omelets,132,10.97,2.35,1.86,0.1,8.72,3.31,2.774,1.608,18
34001100,Egg sandwich on white bread,Egg/breakfast sandwiches,228,10.46,26.1,2.88,1.2,9.05,2.57,2.962,2.572,185
34001110,"Egg sandwich on white bread, with cheese",Egg/breakfast sandwiches,248,11.99,22.85,2.87,1.0,12.04,4.698,3.493,2.337,170
34001120,"Egg sandwich on white bread, with meat",Egg/breakfast sandwiches,267,12.1,19.44,2.35,0.9,15.65,4.914,6.035,3.538,158
34001130,"Egg sandwich on white bread, with meat and cheese",Egg/breakfast sandwiches,278,13.08,17.74,2.4,0.8,17.16,6.263,6.078,3.245,150
34001200,Egg sandwich on wheat bread,Egg/breakfast sandwiches,226,11.48,24.13,2.81,2.8,9.25,2.518,2.929,2.413,185
34001210,"Egg sandwich on wheat bread, with cheese",Egg/breakfast sandwiches,246,12.86,21.18,2.81,2.4,12.21,4.653,3.465,2.203,170
34001220,"Egg sandwich on wheat bread, with meat",Egg/breakfast sandwiches,266,12.86,17.99,2.3,2.1,15.8,4.875,6.01,3.422,158
34001230,"Egg sandwich on wheat bread, with meat and cheese",Egg/breakfast sandwiches,277,13.75,16.46,2.36,1.8,17.29,6.229,6.056,3.143,150
34001300,Egg sandwich on English muffin,Egg/breakfast sandwiches,230,11.74,20.63,2.07,1.5,11.2,4.659,3.346,1.732,170
34001310,"Egg sandwich on English muffin, with sausage",Egg/breakfast sandwiches,264,12.89,16.04,1.8,1.2,16.52,6.233,5.966,2.783,150
34001320,"Egg sandwich on English muffin, with bacon",Egg/breakfast sandwiches,255,14.08,18.64,1.85,1.4,13.72,5.428,4.628,2.193,163
34001330,"Egg sandwich on English muffin, with ham",Egg/breakfast sandwiches,222,12.17,19.32,2.03,1.4,10.74,4.437,3.253,1.65,162
34001400,Egg sandwich on croissant,Egg/breakfast sandwiches,309,11.45,21.35,5.48,1.1,19.72,9.479,5.614,1.995,200
34001410,"Egg sandwich on croissant, with sausage",Egg/breakfast sandwiches,325,12.67,16.59,4.4,0.9,23.03,9.916,7.699,2.984,173
34001420,"Egg sandwich on croissant, with bacon",Egg/breakfast sandwiches,326,13.81,19.28,4.9,1.0,21.34,9.741,6.658,2.428,189
34001430,"Egg sandwich on croissant, with ham",Egg/breakfast sandwiches,284,12.29,18.81,4.98,1.0,17.76,8.446,5.149,1.809,181
34001500,Egg sandwich on biscuit,Egg/breakfast sandwiches,298,10.69,21.6,2.34,1.2,18.81,9.697,4.152,2.463,160
34001510,"Egg sandwich on biscuit, with sausage",Egg/breakfast sandwiches,310,10.96,18.55,1.92,1.0,21.35,9.272,6.459,3.576,150
34001520,"Egg sandwich on biscuit, with sausage and cheese",Egg/breakfast sandwiches,316,12.01,17.04,2.02,0.9,22.14,10.062,6.452,3.295,143
34001530,"Egg sandwich on biscuit, with bacon",Egg/breakfast sandwiches,309,11.88,21.8,2.0,1.2,19.23,8.964,5.108,3.087,163
34001540,"Egg sandwich on biscuit, with bacon and cheese",Egg/breakfast sandwiches,315,12.98,19.63,2.1,1.1,20.42,9.921,5.275,2.823,154
34001600,Egg sandwich on bagel,Egg/breakfast sandwiches,251,11.97,31.81,5.36,0.9,8.43,3.383,2.554,1.417,125
34001610,"Egg sandwich on bagel, with sausage",Egg/breakfast sandwiches,274,12.83,26.17,4.54,0.8,13.09,4.847,4.745,2.295,117
34001620,"Egg sandwich on bagel, with bacon",Egg/breakfast sandwiches,268,13.71,29.43,4.93,0.9,10.54,4.063,3.581,1.789,123
34001630,"Egg sandwich on bagel, with ham",Egg/breakfast sandwiches,238,12.55,28.88,4.99,0.9,8.04,3.193,2.498,1.332,118
34001700,Egg sandwich on griddle/pancake,Egg/breakfast sandwiches,242,8.32,22.81,8.22,0.8,13.21,3.472,4.84,3.496,210
34001710,"Egg sandwich on griddle/pancake, with meat",Egg/breakfast sandwiches,287,11.69,15.62,5.86,0.5,19.84,6.84,7.287,3.842,166
34002000,Egg white sandwich,Egg/breakfast sandwiches,166,9.41,24.1,2.16,1.8,3.62,1.098,1.17,1.044,2
34002010,"Egg white sandwich, with cheese",Egg/breakfast sandwiches,196,11.1,21.16,2.26,1.5,7.45,3.452,1.978,1.046,16
34002020,"Egg white sandwich, with meat",Egg/breakfast sandwiches,195,12.85,17.05,1.8,1.2,8.43,3.355,2.312,1.59,31
34002110,Bacon biscuit sandwich,Egg/breakfast sandwiches,382,13.71,29.26,3.09,1.6,23.2,12.719,5.205,2.559,33
34002120,Ham biscuit sandwich,Egg/breakfast sandwiches,322,11.56,28.24,3.26,1.6,18.1,10.792,3.136,1.684,28
34002130,Sausage biscuit sandwich,Egg/breakfast sandwiches,372,10.66,27.21,2.77,1.6,24.47,11.626,6.973,3.694,33
34002140,"Sausage biscuit sandwich, with cheese",Egg/breakfast sandwiches,370,12.19,23.71,2.77,1.3,25.1,12.371,6.882,3.277,42
34002150,Sausage English muffin sandwich,Egg/breakfast sandwiches,300,13.48,22.81,2.51,1.7,17.2,7.017,6.213,2.535,44
34002160,Sausage griddle/pancake sandwich,Egg/breakfast sandwiches,278,10.53,17.04,6.27,0.6,18.69,5.57,7.405,4.214,177
34003100,Egg burrito,Egg/breakfast sandwiches,249,10.91,20.06,1.75,1.4,13.71,4.429,4.457,3.223,212
34003120,"Egg burrito, with sausage",Egg/breakfast sandwiches,257,11.27,18.88,1.7,1.3,14.96,4.86,5.081,3.408,204
34003130,"Egg burrito, with bacon",Egg/breakfast sandwiches,260,12.12,19.09,1.66,1.3,14.84,4.825,5.04,3.375,206
34003140,"Egg burrito, with ham",Egg/breakfast sandwiches,242,11.29,19.09,1.74,1.3,13.22,4.27,4.327,3.081,204
41100990,"Beans, NFS","Beans, peas, legumes",189,8.34,23.78,0.31,8.3,7.08,0.997,2.861,2.716,0
41101010,"Beans, from dried, NS as to type, fat added","Beans, peas, legumes",189,8.34,23.78,0.31,8.3,7.08,0.997,2.861,2.716,0
41101020,"Beans, from dried, NS as to type, no added fat","Beans, peas, legumes",139,8.92,25.44,0.33,8.9,0.62,0.136,0.111,0.233,0
41101060,"Beans, from canned, NS as to type, fat added","Beans, peas, legumes",185,7.66,24.1,1.31,8.0,6.83,0.975,2.71,2.612,0
41101070,"Beans, from canned, NS as to type, no added fat","Beans, peas, legumes",136,7.96,25.04,1.36,8.3,0.81,0.172,0.152,0.3,0
41101080,"Beans, from fast food / restaurant, NS as to type","Beans, peas, legumes",206,8.77,22.6,0.31,5.7,9.32,1.286,3.846,3.597,0
41101090,"White beans, NFS","Beans, peas, legumes",188,9.04,23.32,0.32,5.9,6.83,0.954,2.786,2.64,0
41101110,"White beans, from dried, fat added","Beans, peas, legumes",188,9.04,23.32,0.32,5.9,6.83,0.954,2.786,2.64,0
41101120,"White beans, from dried, no added fat","Beans, peas, legumes",138,9.67,24.94,0.34,6.3,0.35,0.09,0.031,0.151,0
41101140,"White beans, from canned, fat added","Beans, peas, legumes",211,10.43,29.76,2.0,6.9,6.06,0.906,2.358,2.342,0
41101180,"White beans, from canned, no added fat","Beans, peas, legumes",168,10.84,30.91,2.07,7.2,0.57,0.176,0.026,0.237,0
41101210,"White beans, from canned, reduced sodium","Beans, peas, legumes",211,10.43,29.76,2.0,6.9,6.06,0.906,2.358,2.342,0
41101990,"Black beans, NFS","Beans, peas, legumes",181,8.23,22.04,0.3,8.1,7.01,0.999,2.801,2.713,0
41102010,"Black beans, from dried, fat added","Beans, peas, legumes",181,8.23,22.04,0.3,8.1,7.01,0.999,2.801,2.713,0
41102020,"Black beans, from dried, no added fat","Beans, peas, legumes",131,8.81,23.57,0.32,8.6,0.54,0.138,0.047,0.23,0
41102040,"Black beans, from canned, fat added","Beans, peas, legumes",178,8.54,23.43,0.33,9.8,5.92,0.842,2.368,2.291,0
41102080,"Black beans, from canned, no added fat","Beans, peas, legumes",134,8.87,24.34,0.34,10.1,0.43,0.11,0.037,0.184,0
41102110,"Black beans, from canned, reduced sodium","Beans, peas, legumes",178,8.54,23.43,0.33,9.8,5.92,0.842,2.368,2.291,0
41102150,"Black beans, from fast food / restaurant","Beans, peas, legumes",200,7.98,21.36,0.29,7.8,9.49,1.329,3.86,3.668,0
41102170,Black beans with meat,"Beans, peas, legumes",177,10.61,19.06,0.36,7.0,6.81,1.155,2.793,2.403,11
41102210,"Fava beans, cooked","Beans, peas, legumes",161,7.06,18.26,1.69,5.0,6.88,0.931,2.83,2.651,0
41102990,"Lima beans, NFS","Beans, peas, legumes",165,7.25,19.4,2.7,6.5,6.86,0.952,2.789,2.658,0
41103010,"Lima beans, from dried","Beans, peas, legumes",165,7.25,19.4,2.7,6.5,6.86,0.952,2.789,2.658,0
41103070,"Pink beans, cooked","Beans, peas, legumes",197,8.42,25.94,0.34,4.9,6.96,0.987,2.796,2.694,0
41103990,"Pinto beans, NFS","Beans, peas, legumes",191,8.37,24.37,0.32,8.4,7.11,0.996,2.881,2.717,0
41104010,"Pinto beans, from dried, fat added","Beans, peas, legumes",191,8.37,24.37,0.32,8.4,7.11,0.996,2.881,2.717,0
41104020,"Pinto beans, from dried, no added fat","Beans, peas, legumes",142,8.96,26.06,0.34,8.9,0.65,0.135,0.132,0.234,0
41104040,"Pinto beans, from canned, fat added","Beans, peas, legumes",188,7.37,24.33,1.64,7.4,7.13,1.019,2.824,2.719,0
41104080,"Pinto beans, from canned, no added fat","Beans, peas, legumes",137,7.66,25.27,1.7,7.7,0.93,0.193,0.19,0.338,0
41104110,"Pinto beans, from canned, reduced sodium","Beans, peas, legumes",188,7.38,24.35,1.64,7.4,7.14,1.02,2.827,2.722,0
41104200,"Pinto beans, from fast food / restaurant","Beans, peas, legumes",210,8.12,23.62,0.31,8.1,9.6,1.327,3.938,3.672,0
41104250,Pinto beans with meat,"Beans, peas, legumes",186,10.73,21.07,0.38,7.2,6.9,1.152,2.861,2.406,11
41105990,"Kidney beans, NFS","Beans, peas, legumes",177,8.06,21.19,0.3,6.9,6.97,0.936,2.793,2.754,0
41106010,"Kidney beans, from dried, fat added","Beans, peas, legumes",177,8.06,21.19,0.3,6.9,6.97,0.936,2.793,2.754,0
41106020,"Kidney beans, from dried, no added fat","Beans, peas, legumes",126,8.62,22.66,0.32,7.4,0.5,0.072,0.039,0.273,0
41106040,"Kidney beans, from canned, fat added","Beans, peas, legumes",186,8.37,23.79,2.97,7.7,6.82,1.034,2.88,2.675,0
41106080,"Kidney beans, from canned, no added fat","Beans, peas, legumes",135,8.7,24.72,3.08,8.0,0.6,0.208,0.245,0.29,0
41106110,"Kidney beans, from canned, reduced sodium","Beans, peas, legumes",186,8.37,23.79,2.97,8.5,6.82,1.034,2.88,2.675,0
41106150,"Kidney beans, from fast food / restaurant","Beans, peas, legumes",195,7.81,20.54,0.29,6.7,9.46,1.269,3.853,3.708,0
41106170,Kidney beans with meat,"Beans, peas, legumes",173,10.46,18.33,0.36,5.9,6.78,1.101,2.786,2.438,11
41106510,"Peruvian beans, from dried","Beans, peas, legumes",192,8.51,23.49,0.32,9.7,7.51,1.129,2.844,2.932,0
41107010,"Soybeans, cooked","Beans, peas, legumes",218,16.92,7.77,2.79,5.6,14.84,2.075,4.598,7.205,0
41108010,"Mung beans, cooked","Beans, peas, legumes",156,6.52,17.8,1.86,7.1,6.86,0.977,2.807,2.618,0
41201010,Baked beans,"Beans, peas, legumes",105,4.52,21.57,8.23,4.4,0.89,0.231,0.222,0.4,7
41201020,"Baked beans, vegetarian","Beans, peas, legumes",94,4.75,21.14,7.96,4.1,0.37,0.071,0.095,0.121,0
41201050,Baked beans from fast food / restaurant,"Beans, peas, legumes",116,4.38,23.29,10.38,4.3,1.35,0.288,0.42,0.573,7
41202505,"Beans and tomatoes, no added fat","Beans, peas, legumes",101,6.37,18.76,1.39,6.4,0.51,0.104,0.088,0.196,0
41202510,"Beans and tomatoes, fat added","Beans, peas, legumes",142,6.05,17.84,1.32,6.1,5.58,0.779,2.241,2.141,0
41203030,Black bean salad,"Bean, pea, legume dishes",94,3.08,12.61,3.53,3.4,3.85,0.567,1.011,1.927,0
41205010,Refried beans,"Beans, peas, legumes",90,4.98,13.55,0.54,3.7,2.01,0.631,0.601,0.543,0
41205017,"Refried beans, from fast food / restaurant","Beans, peas, legumes",177,6.7,16.28,0.76,7.8,9.48,2.174,3.012,3.391,5
41205030,Refried beans with meat,"Beans, peas, legumes",99,7.81,11.76,0.57,3.2,2.51,0.838,0.901,0.536,11
41205040,"Refried beans, from canned, reduced sodium","Beans, peas, legumes",89,4.98,13.55,0.54,3.7,2.01,0.631,0.601,0.543,0
41205050,"Bean dip, made with refried beans","Dips, gravies, other sauces",119,5.44,15.89,0.99,4.9,3.7,0.529,0.859,1.957,0
41205055,Layer dip,"Dips, gravies, other sauces",146,5.41,6.67,1.71,2.1,11.33,5.103,3.954,0.726,23
41205070,"Hummus, plain","Dips, gravies, other sauces",243,7.35,14.9,0.34,5.4,17.1,2.22,6.37,7.48,0
41205075,"Hummus, flavored","Dips, gravies, other sauces",241,7.22,14.63,0.49,5.3,17.1,2.182,6.303,7.526,0
41205100,Black bean sauce,"Dips, gravies, other sauces",168,6.28,17.36,9.26,2.6,8.45,1.263,1.824,4.797,0
41206030,Beans and franks,"Beans, peas, legumes",138,6.74,17.29,6.17,3.3,5.22,2.076,2.326,0.543,19
41208030,Pork and beans,"Beans, peas, legumes",105,4.52,21.57,8.23,4.4,0.89,0.231,0.222,0.4,7
41208100,"Beans with meat, NS as to type","Beans, peas, legumes",184,10.7,20.56,0.38,7.1,6.88,1.153,2.844,2.405,11
41209000,Falafel,"Bean, pea, legume dishes",514,8.28,28.96,4.52,4.8,41.19,5.427,17.014,15.928,0
41210000,Bean cake,"Bean, pea, legume dishes",414,5.8,49.88,20.37,3.0,21.41,2.842,8.834,8.176,0
41221000,"Baked beans, reduced sodium","Beans, peas, legumes",104,4.77,20.35,7.73,5.5,0.4,0.102,0.035,0.171,0
41221020,"Chili, vegetarian","Bean, pea, legume dishes",119,6.28,18.89,1.57,6.0,2.42,0.348,0.894,0.963,0
41300990,"Blackeyed peas, NFS","Beans, peas, legumes",166,7.18,19.29,3.07,6.0,7.0,0.998,2.798,2.708,0
41301010,"Blackeyed peas, from dried","Beans, peas, legumes",166,7.18,19.29,3.07,6.0,7.0,0.998,2.798,2.708,0
41301990,"Chickpeas, NFS","Beans, peas, legumes",211,8.23,25.48,4.46,7.1,8.91,1.12,3.299,3.573,0
41302010,"Chickpeas, from dried, fat added","Beans, peas, legumes",211,8.23,25.48,4.46,7.1,8.91,1.12,3.299,3.573,0
41302020,"Chickpeas, from dried, no added fat","Beans, peas, legumes",163,8.81,27.26,4.77,7.6,2.58,0.267,0.58,1.149,0
41302040,"Chickpeas, from canned, fat added","Beans, peas, legumes",197,7.88,21.61,4.15,7.0,9.35,1.159,3.351,3.803,0
41302080,"Chickpeas, from canned, no added fat","Beans, peas, legumes",146,8.19,22.45,4.31,7.3,3.24,0.339,0.739,1.466,0
41302110,"Chickpeas, from canned, reduced sodium","Beans, peas, legumes",197,7.89,21.64,4.16,7.1,9.37,1.161,3.356,3.81,0
41303000,"Split peas, from dried, no added fat","Beans, peas, legumes",117,8.29,20.97,2.88,8.2,0.39,0.054,0.081,0.164,0
41303010,"Split peas, from dried, fat added","Beans, peas, legumes",168,7.75,19.61,2.7,7.7,6.87,0.92,2.832,2.652,0
41304000,Wasabi peas,"Beans, peas, legumes",432,14.11,62.2,14.11,3.8,14.11,5.29,5.792,1.951,0
41304970,"Lentils, NFS","Beans, peas, legumes",166,8.38,18.71,1.67,7.3,6.86,0.919,2.817,2.661,0
41304990,"Lentils, from dried, fat added","Beans, peas, legumes",166,8.38,18.71,1.67,7.3,6.86,0.919,2.817,2.661,0
41305000,"Lentils, from dried, no added fat","Beans, peas, legumes",115,8.97,20.01,1.79,7.9,0.38,0.053,0.064,0.174,0
41305020,"Lentils, from canned","Beans, peas, legumes",166,8.36,18.66,1.67,7.3,6.84,0.916,2.809,2.654,0
41305050,Dal,"Beans, peas, legumes",145,8.6,19.17,1.71,7.5,4.31,2.508,1.201,0.313,10
41310900,Bean chips,"Tortilla, corn, other chips",448,14.6,53.12,1.08,9.7,21.58,2.964,5.876,11.317,0
41311000,"Papad, grilled or broiled","Beans, peas, legumes",371,25.56,59.87,0.0,18.6,3.25,1.084,0.532,1.148,4
41311020,"Sambar, vegetable stew",Vegetable dishes,86,4.33,11.77,1.97,4.0,2.71,0.367,1.102,1.046,0
41311030,Lentil curry,"Bean, pea, legume dishes",111,3.68,12.33,3.21,3.4,5.65,1.288,1.983,1.908,0
41311040,Lentil curry with rice,"Bean, pea, legume dishes",118,3.28,18.6,1.95,2.2,3.5,0.804,1.225,1.175,0
41410010,Soy nuts,"Beans, peas, legumes",469,38.55,30.22,4.2,17.7,25.4,3.674,5.61,14.339,0
41410015,Soy chips,"Tortilla, corn, other chips",385,26.5,53.15,1.8,3.5,7.35,1.102,1.661,4.018,0
41420010,Soybean curd,Soy and meat-alternative products,61,7.17,1.18,0.7,0.2,3.69,0.533,0.814,2.081,0
41420020,"Edamame, cooked","Beans, peas, legumes",140,11.54,8.63,2.12,5.0,7.58,1.266,2.144,2.817,2
41420050,Soybean curd cheese,Soy and meat-alternative products,151,12.5,6.9,1.6,0.0,8.1,1.172,1.789,4.572,0
41420100,Miso sauce,Soy-based condiments,429,3.43,13.99,12.79,1.2,41.0,5.631,10.766,22.734,0
41420110,Miso,Soy-based condiments,198,12.79,25.37,6.2,5.4,6.01,1.025,1.118,2.884,0
41420200,Natto,Soy-based condiments,211,19.4,12.68,4.89,5.4,11.0,1.591,2.43,6.21,0
41420250,Hoisin sauce,Soy-based condiments,220,3.31,44.08,27.26,2.8,3.39,0.568,0.963,1.698,3
41420300,Soy sauce,Soy-based condiments,53,8.14,4.93,0.4,0.8,0.57,0.073,0.088,0.263,0
41420350,"Soy sauce, reduced sodium",Soy-based condiments,57,9.05,5.59,0.5,0.7,0.3,0.035,0.042,0.138,0
41420380,"Yogurt, soy",Plant-based yogurt,90,4.83,12.27,8.04,0.9,2.63,0.386,0.547,1.447,0
41420400,Teriyaki sauce,Soy-based condiments,89,5.93,15.56,14.1,0.1,0.02,0.0,0.0,0.0,0
41420410,"Teriyaki sauce, reduced sodium",Soy-based condiments,89,5.93,15.58,14.1,0.1,0.02,0.0,0.0,0.0,0
41420450,Worcestershire sauce,Mustard and other condiments,77,0.0,19.17,10.03,0.0,0.0,0.0,0.0,0.0,0
41421010,"Soybean curd, deep fried",Soy and meat-alternative products,270,18.82,8.86,2.72,3.9,20.18,2.918,4.456,11.39,0
41421020,"Soybean curd, breaded, fried",Soy and meat-alternative products,150,8.39,8.71,1.29,0.7,9.62,2.08,3.189,3.644,20
41425010,"Vermicelli, made from soybeans",Soy and meat-alternative products,126,0.04,31.42,6.66,1.5,0.04,0.005,0.005,0.016,0
41440000,"Textured vegetable protein, dry",Soy and meat-alternative products,366,51.1,32.9,16.42,17.5,3.33,0.136,0.208,0.533,0
41480020,"Frozen dessert, non-dairy",Soy and meat-alternative products,159,0.87,18.24,17.51,0.1,9.27,7.041,1.049,0.503,0
41601010,"Soup, bean","Soups, broth-based",67,3.76,11.62,1.14,4.0,0.76,0.132,0.233,0.296,0
41601030,"Soup, bean, canned","Soups, broth-based",47,2.44,8.1,1.09,2.7,0.68,0.111,0.226,0.261,0
41601070,"Soup, miso or tofu",Ramen and Asian broth-based soups,24,2.21,2.3,0.77,0.6,0.85,0.154,0.181,0.367,1
41601160,"Soup, bean, canned, reduced sodium","Soups, broth-based",47,2.45,8.12,1.09,2.7,0.68,0.112,0.226,0.262,0
41601180,"Soup, bean, with meat","Soups, broth-based",84,5.88,10.0,0.92,3.5,2.35,0.756,0.957,0.336,9
41602030,"Soup, split pea, with meat","Soups, broth-based",80,5.57,9.1,1.81,3.3,2.42,0.745,1.031,0.463,10
41602050,"Soup, split pea","Soups, broth-based",61,3.55,10.59,2.16,3.8,0.7,0.098,0.246,0.27,0
41603000,"Soup, lentil, canned","Soups, broth-based",43,2.48,7.22,1.46,2.5,0.64,0.09,0.23,0.247,0
41603005,"Soup, lentil, canned, reduced sodium","Soups, broth-based",43,2.49,7.23,1.46,2.5,0.64,0.09,0.23,0.248,0
41603010,"Soup, lentil","Soups, broth-based",60,3.82,10.2,1.72,3.7,0.69,0.098,0.24,0.274,0
41603020,"Soup, lentil, with meat","Soups, broth-based",78,5.94,8.76,1.43,3.2,2.3,0.726,0.963,0.317,9
41603030,"Soup, mulligatawany","Soups, broth-based",48,1.68,7.0,2.27,1.8,1.67,0.432,0.547,0.527,0
41810200,"Bacon strip, meatless",Soy and meat-alternative products,309,11.69,5.31,0.0,2.6,29.52,4.622,7.095,15.441,0
41810250,Bacon bits,Bacon,476,32.0,28.6,0.0,10.2,25.9,4.055,6.225,13.548,0
41810400,"Breakfast link, pattie, or slice, meatless",Soy and meat-alternative products,255,20.28,8.09,0.0,2.8,18.16,2.926,4.498,9.279,0
41810600,"Chicken, meatless, NFS",Soy and meat-alternative products,224,23.64,3.64,0.0,3.6,12.73,1.534,2.355,5.022,0
41810610,"Chicken, meatless, breaded, fried",Soy and meat-alternative products,234,21.28,8.51,0.0,4.3,12.77,1.13,3.226,4.581,0
41811400,"Hot dog, vegetarian",Soy and meat-alternative products,233,19.61,7.7,0.0,3.9,13.73,1.653,2.54,5.415,0
41811600,"Luncheon slice, meatless-beef, chicken, salami or turkey",Soy and meat-alternative products,189,17.78,4.44,2.22,1.1,11.11,1.338,2.055,4.383,0
41811800,"Meatball, meatless",Soy and meat-alternative products,197,21.0,8.0,1.25,4.6,9.0,1.425,2.188,4.666,0
41811890,"Veggie burger patty, no bun",Soy and meat-alternative products,177,15.7,14.27,1.07,4.9,6.3,1.44,1.778,2.023,5
41811950,"Swiss steak, with gravy, meatless","Bean, pea, legume dishes",180,12.69,14.13,0.95,4.0,8.09,1.548,2.254,3.239,4
41812400,"Pot pie, no meat","Bean, pea, legume dishes",242,5.44,27.96,3.69,3.5,12.15,4.189,5.261,1.576,5
41812500,"Tofu and vegetables including carrots, broccoli, and/or dark-green leafy; no potatoes, with soy-based sauce",Stir-fry and soy-based sauce mixtures,92,4.11,4.68,1.64,1.2,6.71,0.923,2.49,2.827,0
41812510,"Tofu and vegetables excluding carrots, broccoli, and dark-green leafy; no potatoes, with soy-based sauce",Stir-fry and soy-based sauce mixtures,93,4.21,4.4,1.7,0.9,6.94,0.957,2.579,2.945,0
41812600,"Vegetarian, fillet",Soy and meat-alternative products,290,23.0,9.0,0.8,6.1,18.0,2.849,4.376,9.332,0
41812800,Vegetarian stew,Vegetable dishes,33,0.67,3.12,1.61,1.1,2.15,1.153,0.438,0.106,6
41812850,Vegetarian stroganoff,"Bean, pea, legume dishes",167,7.69,11.78,1.79,2.6,10.03,3.353,2.818,2.659,13
41901010,"Veggie burger, on bun",Vegetable sandwiches/burgers,224,12.96,30.82,3.94,3.5,5.2,1.164,1.303,1.911,3
41901020,"Veggie burger, on bun, with cheese",Vegetable sandwiches/burgers,243,14.0,27.23,3.78,3.0,8.43,3.275,2.012,1.792,15
41901030,Falafel sandwich,Vegetable sandwiches/burgers,265,6.22,27.04,2.98,2.5,14.76,2.105,6.035,5.485,1
42100050,"Nuts, NFS",Nuts and seeds,610,19.59,20.9,4.53,7.4,53.82,7.591,28.311,13.555,0
42100100,"Almonds, NFS",Nuts and seeds,598,20.96,21.01,4.86,10.9,52.54,4.092,33.076,12.955,0
42101000,"Almonds, unroasted",Nuts and seeds,626,21.45,20.03,4.35,10.8,51.09,3.78,31.3,11.2,0
42101110,"Almonds, salted",Nuts and seeds,601,20.13,20.18,4.67,10.5,53.43,4.327,33.025,13.583,0
42101120,"Almonds, lightly salted",Nuts and seeds,604,20.23,20.28,4.69,10.5,53.7,4.348,33.189,13.65,0
42101130,"Almonds, unsalted",Nuts and seeds,607,20.33,20.38,4.71,10.6,53.96,4.37,33.355,13.719,0
42101300,"Almonds, flavored",Nuts and seeds,599,20.07,20.12,4.65,10.4,53.27,4.314,32.927,13.543,0
42101350,"Almonds, honey roasted",Nuts and seeds,579,14.11,35.84,25.01,7.3,45.34,4.078,26.465,12.525,0
42102000,Brazil nuts,Nuts and seeds,659,14.32,11.74,2.33,7.5,67.1,16.134,23.879,24.399,0
42104000,"Cashews, NFS",Nuts and seeds,574,15.31,32.69,5.01,3.0,46.35,9.157,27.317,7.836,0
42104050,"Cashews, unroasted",Nuts and seeds,574,15.31,32.69,5.01,3.0,46.35,9.157,27.317,7.836,0
42104100,"Cashews, salted",Nuts and seeds,578,14.7,31.4,4.81,2.9,47.48,9.191,27.494,8.666,0
42104105,"Cashews, lightly salted",Nuts and seeds,581,14.78,31.55,4.84,2.9,47.72,9.237,27.631,8.71,0
42104110,"Cashews, unsalted",Nuts and seeds,584,14.85,31.71,4.86,2.9,47.96,9.283,27.769,8.753,0
42104500,"Cashews, honey roasted",Nuts and seeds,563,10.31,43.7,25.11,2.0,41.18,7.488,22.588,9.078,0
42105000,Chestnuts,Nuts and seeds,245,3.17,52.96,10.6,5.1,2.2,0.414,0.759,0.869,0
42106000,"Coconut, fresh",Nuts and seeds,354,3.33,15.23,6.23,9.0,33.49,29.698,1.425,0.366,0
42106020,"Coconut, packaged",Nuts and seeds,456,3.13,51.85,36.75,9.9,27.99,26.396,1.377,0.222,0
42107000,Hazelnuts,Nuts and seeds,628,14.95,16.7,4.34,9.7,60.75,4.464,45.652,7.92,0
42109100,Macadamia nuts,Nuts and seeds,716,7.79,12.83,4.14,8.0,76.08,11.947,59.275,1.498,0
42110000,"Mixed nuts, NFS",Nuts and seeds,610,19.59,20.9,4.53,7.4,53.82,7.591,28.311,13.555,0
42110050,"Mixed nuts, unroasted",Nuts and seeds,616,16.97,22.88,4.66,7.2,54.56,7.039,29.607,15.25,0
42110100,"Mixed nuts, with peanuts, salted",Nuts and seeds,610,19.59,20.9,4.53,7.4,53.82,7.591,28.311,13.555,0
42110110,"Mixed nuts, with peanuts, lightly salted",Nuts and seeds,612,19.67,20.99,4.55,7.4,54.04,7.622,28.424,13.609,0
42110120,"Mixed nuts, with peanuts, unsalted",Nuts and seeds,615,19.75,21.07,4.57,7.5,54.25,7.652,28.537,13.663,0
42110150,"Mixed nuts, without peanuts, salted",Nuts and seeds,620,16.32,22.0,4.48,6.9,55.5,7.174,29.755,15.83,0
42110160,"Mixed nuts, without peanuts, unsalted",Nuts and seeds,625,16.45,22.18,4.52,7.0,55.95,7.233,29.998,15.959,0
42110300,"Mixed nuts, honey roasted",Nuts and seeds,586,15.35,33.11,20.34,5.8,46.72,6.553,24.074,12.343,0
42111000,"Peanuts, NFS",Nuts and seeds,587,24.35,21.26,4.9,8.4,49.66,7.723,26.181,9.773,0
42111030,"Peanuts, boiled",Nuts and seeds,318,13.5,21.26,2.47,8.8,22.01,3.055,10.921,6.956,0
42111040,"Peanuts, unroasted",Nuts and seeds,567,25.8,16.13,4.72,8.5,49.24,6.279,24.426,15.558,0
42111100,"Peanuts, roasted, salted",Nuts and seeds,599,28.03,15.26,4.18,9.4,52.5,8.655,25.995,15.303,0
42111110,"Peanuts, roasted, unsalted",Nuts and seeds,599,28.03,15.26,4.18,9.4,52.5,8.686,25.976,15.292,0
42111200,"Peanuts, dry roasted, salted",Nuts and seeds,587,24.35,21.26,4.9,8.4,49.66,7.723,26.181,9.773,0
42111205,"Peanuts, dry roasted, lightly salted",Nuts and seeds,584,24.23,21.15,4.88,8.4,49.41,7.685,26.051,9.724,0
42111210,"Peanuts, dry roasted, unsalted",Nuts and seeds,587,24.35,21.26,4.9,8.4,49.66,7.723,26.181,9.773,0
42111500,"Peanuts, honey roasted",Nuts and seeds,574,20.7,30.02,16.14,7.1,45.25,6.966,23.525,9.459,0
42112000,"Pecans, NFS",Nuts and seeds,750,9.96,12.7,3.97,5.8,73.28,6.46,39.3,22.9,0
42112100,"Pecans, unroasted",Nuts and seeds,750,9.96,12.7,3.97,5.8,73.28,6.46,39.3,22.9,0
42112200,"Pecans, salted",Nuts and seeds,747,9.57,12.2,3.81,5.6,73.35,6.601,39.002,23.134,0
42112210,"Pecans, unsalted",Nuts and seeds,754,9.66,12.32,3.85,5.6,74.08,6.667,39.392,23.365,0
42112300,"Pecans, honey roasted",Nuts and seeds,681,6.71,30.25,24.41,3.9,59.31,5.673,30.655,19.22,0
42113000,Pine nuts,Nuts and seeds,673,13.69,13.08,3.59,3.7,68.37,4.899,18.764,34.071,0
42114130,"Pistachio nuts, NFS",Nuts and seeds,572,21.05,28.28,7.74,10.3,45.82,5.645,24.534,13.346,0
42114140,"Pistachio nuts, salted",Nuts and seeds,576,20.22,27.16,7.43,9.9,46.98,5.818,24.821,13.958,0
42114142,"Pistachio nuts, lightly salted",Nuts and seeds,579,20.32,27.3,7.47,9.9,47.21,5.847,24.945,14.028,0
42114145,"Pistachio nuts, unsalted",Nuts and seeds,582,20.42,27.43,7.51,10.0,47.44,5.877,25.069,14.098,0
42116000,"Walnuts, excluding honey roasted",Nuts and seeds,730,14.56,10.91,2.61,5.2,69.74,6.05,9.62,49.3,0
42116100,"Walnuts, honey roasted",Nuts and seeds,668,9.8,29.04,23.5,3.5,56.92,5.397,10.673,36.995,0
42200500,Almond butter,Nuts and seeds,641,20.67,21.11,4.4,9.6,52.72,4.225,34.493,12.525,0
42200510,"Almond butter, lower sodium",Nuts and seeds,645,20.79,21.24,4.43,9.7,53.04,4.25,34.7,12.6,0
42200600,Almond paste,Nuts and seeds,458,9.0,47.81,36.25,4.8,27.74,2.629,18.012,5.821,0
42201000,Cashew butter,Nuts and seeds,609,12.12,30.3,9.09,3.0,53.03,10.606,26.709,13.371,0
42202000,Peanut butter,Nuts and seeds,598,22.21,22.31,10.49,5.0,51.36,10.325,25.941,12.535,0
42202010,"Peanut butter, lower sodium",Nuts and seeds,598,22.21,22.31,10.49,5.0,51.36,10.325,25.941,12.535,0
42202100,"Peanut butter, lower sodium and lower sugar",Nuts and seeds,624,23.5,18.27,8.42,6.4,53.12,10.272,26.469,14.4,0
42202130,"Peanut butter, lower sugar",Nuts and seeds,650,24.8,14.23,6.35,7.8,54.89,10.22,26.997,16.266,0
42202150,"Peanut butter, reduced fat",Nuts and seeds,520,25.9,35.65,9.28,5.2,34.0,5.76,16.156,9.182,0
42202200,"Peanut butter, vitamin and mineral fortified",Nuts and seeds,591,25.72,18.75,10.47,5.6,50.81,10.125,24.832,13.847,0
42203000,Peanut butter and jelly,Nuts and seeds,432,11.18,46.13,30.86,3.0,25.69,5.165,12.971,6.27,0
42203100,Peanut butter and chocolate spread,Nuts and seeds,498,11.66,42.76,34.1,3.0,34.48,7.926,17.48,7.38,0
42203200,Soy nut butter,Soy and meat-alternative products,613,23.02,23.0,7.47,10.6,50.01,7.382,11.046,28.62,0
42204050,Peanut sauce,"Dips, gravies, other sauces",257,6.31,22.02,17.07,1.8,16.02,2.907,6.986,4.786,0
42204060,"Soup, peanut","Soups, cream-based",88,3.24,8.36,2.61,1.7,5.29,1.056,2.598,1.303,0
42204100,"Gravy, vegetarian","Dips, gravies, other sauces",144,3.84,9.21,4.63,0.2,10.2,4.678,2.569,1.369,23
42301010,"Peanut butter sandwich, NFS",Peanut butter and jelly sandwiches,382,13.88,39.85,7.13,3.2,20.21,4.127,9.491,5.58,0
42301015,"Peanut butter sandwich, with regular peanut butter, on white bread",Peanut butter and jelly sandwiches,382,13.88,39.85,7.13,3.2,20.21,4.127,9.491,5.58,0
42301020,"Peanut butter sandwich, with regular peanut butter, on wheat bread",Peanut butter and jelly sandwiches,380,15.16,37.38,7.04,5.3,20.46,4.061,9.448,5.381,0
42301115,"Peanut butter sandwich, with reduced fat peanut butter, on white bread",Peanut butter and jelly sandwiches,355,15.16,44.49,6.71,3.3,14.17,2.539,6.087,4.413,0
42301120,"Peanut butter sandwich, with reduced fat peanut butter, on wheat bread",Peanut butter and jelly sandwiches,353,16.44,42.02,6.62,5.3,14.42,2.473,6.045,4.215,0
42302010,"Peanut butter and jelly sandwich, NFS",Peanut butter and jelly sandwiches,361,11.42,45.22,15.0,2.8,16.6,3.391,7.796,4.584,0
42302015,"Peanut butter and jelly sandwich, with regular peanut butter, regular jelly, on white bread",Peanut butter and jelly sandwiches,361,11.42,45.22,15.0,2.8,16.6,3.391,7.796,4.584,0
42302020,"Peanut butter and jelly sandwich, with regular peanut butter, regular jelly, on wheat bread",Peanut butter and jelly sandwiches,360,12.48,43.2,14.93,4.5,16.81,3.337,7.761,4.421,0
42302055,"Peanut butter and jelly sandwich, with reduced fat peanut butter, on white bread",Peanut butter and jelly sandwiches,339,12.48,49.03,14.66,2.9,11.64,2.086,5.0,3.626,0
42302060,"Peanut butter and jelly sandwich, with reduced fat peanut butter, on wheat bread",Peanut butter and jelly sandwiches,337,13.53,47.01,14.59,4.6,11.85,2.032,4.965,3.463,0
42302105,"Peanut butter and jelly sandwich, with regular peanut butter, reduced sugar jelly, on white bread",Peanut butter and jelly sandwiches,341,11.4,39.45,11.11,2.9,16.61,3.391,7.798,4.592,0
42302110,"Peanut butter and jelly sandwich, with regular peanut butter, reduced sugar jelly, on wheat bread",Peanut butter and jelly sandwiches,339,12.45,37.42,11.04,4.6,16.82,3.337,7.764,4.429,0
42303100,"Peanut butter and jelly sandwich, frozen commercial product without crusts",Peanut butter and jelly sandwiches,361,11.42,45.22,15.0,2.8,16.6,3.391,7.796,4.584,0
42304010,"Almond butter sandwich, on white bread",Peanut butter and jelly sandwiches,397,13.34,39.43,5.01,4.9,20.68,2.005,12.465,5.576,0
42304020,"Almond butter sandwich, on wheat bread",Peanut butter and jelly sandwiches,395,14.62,36.97,4.93,6.9,20.93,1.939,12.423,5.378,0
42304030,"Almond butter and jelly sandwich, on white bread",Peanut butter and jelly sandwiches,374,10.98,44.88,13.26,4.2,16.99,1.648,10.239,4.581,0
42304040,"Almond butter and jelly sandwich, on wheat bread",Peanut butter and jelly sandwiches,372,12.04,42.86,13.19,5.8,17.2,1.594,10.205,4.418,0
42305010,Nutella sandwich on white bread,Peanut butter and jelly sandwiches,362,8.03,53.78,22.28,3.4,12.68,10.422,0.468,1.22,0
42305020,Nutella sandwich on wheat bread,Peanut butter and jelly sandwiches,359,9.32,51.31,22.19,5.4,12.93,10.356,0.425,1.021,0
42401010,"Coconut milk, used in cooking",Plant-based milk,230,2.29,5.54,3.34,2.2,23.84,21.14,1.014,0.261,0
42401100,"Yogurt, coconut milk",Plant-based yogurt,108,2.37,12.91,8.88,1.2,5.61,5.094,0.189,0.077,0
42401200,"Yogurt, almond milk",Plant-based yogurt,128,3.03,12.98,7.8,1.5,7.03,0.531,4.294,1.545,0
42402010,"Coconut cream, canned, sweetened",Plant-based milk,357,1.17,53.21,51.5,0.2,16.31,15.472,0.679,0.159,0
42403010,"Coconut water, unsweetened",Fruit drinks,18,0.22,4.24,3.92,0.0,0.0,0.0,0.0,0.0,0
42404010,"Coconut water, sweetened",Fruit drinks,37,0.21,9.07,8.78,0.0,0.02,0.0,0.0,0.0,0
42500000,"Trail mix, NFS",Nuts and seeds,454,10.9,51.06,36.48,6.4,26.83,3.687,12.511,8.443,0
42500100,Trail mix with nuts,Nuts and seeds,604,20.06,21.07,4.1,7.9,52.98,7.283,24.861,16.769,0
42501000,Trail mix with nuts and fruit,Nuts and seeds,454,10.9,51.06,36.48,6.4,26.83,3.687,12.511,8.443,0
42501500,Trail mix with chocolate,Nuts and seeds,503,11.65,48.27,34.85,5.9,32.26,7.003,13.904,8.73,4
42502100,"Trail mix with pretzels, cereal, or granola",Nuts and seeds,476,13.09,50.59,19.32,6.0,27.66,3.799,12.779,8.824,0
43101050,"Pumpkin seeds, NFS",Nuts and seeds,574,29.84,14.71,1.29,6.5,49.05,8.544,15.734,19.856,0
43101100,"Pumpkin seeds, salted",Nuts and seeds,567,29.49,14.54,1.27,6.4,48.47,8.443,15.547,19.621,0
43101150,"Pumpkin seeds, unsalted",Nuts and seeds,574,29.84,14.71,1.29,6.5,49.05,8.544,15.734,19.856,0
43102000,"Sunflower seeds, plain, unsalted",Nuts and seeds,582,19.33,24.07,2.73,11.1,49.8,5.219,9.505,32.884,0
43102100,"Sunflower seeds, plain, salted",Nuts and seeds,575,19.1,23.78,2.7,11.0,49.21,5.157,9.392,32.494,0
43102300,"Sunflower seeds, flavored",Nuts and seeds,567,18.45,25.92,5.55,10.6,47.56,4.983,9.075,31.395,0
43102400,"Sunflower seeds, NFS",Nuts and seeds,582,19.33,24.07,2.73,11.1,49.8,5.219,9.505,32.884,0
43103000,Sesame seeds,Nuts and seeds,631,20.45,11.73,0.48,11.6,61.21,9.055,23.924,25.491,0
43103300,Tahini,Nuts and seeds,697,19.71,14.18,0.49,8.4,62.4,8.97,22.6,26.4,0
43104000,Flax seeds,Nuts and seeds,545,18.04,34.36,1.55,23.1,37.28,3.28,5.94,24.7,0
43107000,Mixed seeds,Nuts and seeds,580,21.96,21.73,2.37,10.0,49.61,6.05,11.062,29.627,0
43108010,Chia seeds,Nuts and seeds,486,16.54,42.12,1.55,34.4,30.74,3.33,2.309,23.665,0
51000100,"Bread, NS as to major flour",Yeast breads,267,9.43,49.2,5.34,2.3,3.59,0.821,0.717,1.87,0
51000110,"Bread, NS as to major flour, toasted",Yeast breads,293,10.36,54.07,5.87,2.5,3.94,0.902,0.788,2.055,0
51000180,"Bread, made from home recipe or purchased at a bakery, NS as to major flour",Yeast breads,272,10.13,50.26,3.11,1.7,3.44,1.159,0.805,0.796,4
51000190,"Bread, made from home recipe or purchased at a bakery, toasted, NS as to major flour",Yeast breads,299,11.14,55.23,3.42,1.9,3.78,1.274,0.885,0.875,5
51000200,"Roll, NS as to major flour",Rolls and buns,279,9.77,50.12,7.28,1.8,3.91,0.842,0.748,1.78,0
51000300,"Roll, hard, NS as to major flour",Rolls and buns,293,9.9,52.7,1.77,2.3,4.3,0.606,1.133,1.719,0
51000400,"Roll, bran, NS as to type of bran",Rolls and buns,263,9.6,44.6,6.25,3.8,6.0,1.39,2.839,1.153,0
51101000,"Bread, white",Yeast breads,267,9.43,49.2,5.34,2.3,3.59,0.821,0.717,1.87,0
51101010,"Bread, white, toasted",Yeast breads,293,10.36,54.07,5.87,2.5,3.94,0.902,0.788,2.055,0
51101050,"Bread, white, made from home recipe or purchased at a bakery",Yeast breads,272,10.13,50.26,3.11,1.7,3.44,1.159,0.805,0.796,4
51101060,"Bread, white, made from home recipe or purchased at a bakery, toasted",Yeast breads,299,11.14,55.23,3.42,1.9,3.78,1.274,0.885,0.875,5
51102010,"Bread, white with whole wheat swirl",Yeast breads,260,10.86,46.15,4.88,4.2,3.57,0.776,0.666,1.74,0
51102020,"Bread, white with whole wheat swirl, toasted",Yeast breads,301,12.45,53.39,5.65,4.7,4.12,0.898,0.771,2.014,0
51105010,"Bread, Cuban",Yeast breads,272,10.75,51.88,4.62,2.2,2.42,0.529,0.362,0.855,0
51105040,"Bread, Cuban, toasted",Yeast breads,299,11.81,57.01,5.08,2.4,2.66,0.581,0.398,0.94,0
51106010,"Bread, native, water, Puerto Rican style",Yeast breads,279,10.39,52.16,1.79,1.8,3.25,0.708,1.317,0.752,0
51106020,"Bread, native, water, toasted, Puerto Rican style",Yeast breads,306,11.41,57.32,1.96,2.0,3.58,0.778,1.447,0.826,0
51106200,"Bread, lard, Puerto Rican style",Yeast breads,282,7.33,56.1,7.05,2.0,3.26,0.98,1.105,0.51,2
51106210,"Bread, lard, toasted, Puerto Rican style",Yeast breads,314,8.14,62.34,7.83,2.2,3.62,1.089,1.228,0.566,2
51107010,"Bread, French or Vienna",Yeast breads,272,10.75,51.88,4.62,2.2,2.42,0.529,0.362,0.855,0
51107040,"Bread, French or Vienna, toasted",Yeast breads,299,11.81,57.01,5.08,2.4,2.66,0.581,0.398,0.94,0
51108010,"Focaccia, Italian, plain",Yeast breads,249,8.77,35.82,1.75,1.8,7.89,0.877,5.67,0.994,0
51108100,"Bread, naan",Yeast breads,311,11.09,50.23,3.7,5.2,7.28,3.16,2.115,1.367,1
51109010,"Bread, Italian, Grecian, Armenian",Yeast breads,259,9.49,48.11,4.69,2.1,2.73,0.544,0.493,1.312,0
51109040,"Bread, Italian, Grecian, Armenian, toasted",Yeast breads,285,10.43,52.87,5.15,2.3,3.0,0.598,0.542,1.442,0
51109100,"Bread, pita",Yeast breads,275,9.1,55.7,1.3,2.2,1.2,0.166,0.105,0.535,0
51109150,"Bread, pita with fruit",Yeast breads,279,8.16,59.51,11.61,2.6,1.05,0.154,0.092,0.457,0
51111010,"Bread, cheese",Yeast breads,408,10.42,44.83,2.08,2.1,20.83,6.25,4.339,9.203,10
51111040,"Bread, cheese, toasted",Yeast breads,448,11.45,49.26,2.29,2.3,22.89,6.868,4.768,10.113,11
51113010,"Bread, cinnamon",Yeast breads,253,7.05,44.38,14.11,3.5,5.29,0.0,0.0,3.527,0
51113100,"Bread, cinnamon, toasted",Yeast breads,293,10.36,54.07,5.87,2.5,3.94,0.902,0.788,2.055,0
51115010,"Bread, cornmeal and molasses",Yeast breads,285,7.91,55.25,14.95,1.6,3.82,1.716,0.713,0.5,8
51115020,"Bread, cornmeal and molasses, toasted",Yeast breads,313,8.69,60.72,16.43,1.8,4.2,1.886,0.784,0.549,9
51119010,"Bread, egg, Challah",Yeast breads,287,9.5,47.8,1.78,2.3,6.0,1.593,2.302,1.106,51
51119040,"Bread, egg, Challah, toasted",Yeast breads,315,10.44,52.53,1.96,2.5,6.59,1.751,2.53,1.215,56
51121015,"Garlic bread, NFS",Yeast breads,349,8.34,41.64,3.68,2.5,16.58,5.27,4.66,5.426,0
51121025,"Garlic bread, from fast food / restaurant",Yeast breads,349,8.34,41.64,3.68,2.5,16.58,5.27,4.66,5.426,0
51121035,"Garlic bread, from frozen",Yeast breads,350,8.36,41.72,3.69,2.5,16.61,5.281,4.669,5.437,0
51121045,"Garlic bread, with parmesan cheese, from fast food / restaurant",Yeast breads,351,8.76,41.06,3.61,2.4,16.8,5.471,4.694,5.343,2
51121055,"Garlic bread, with parmesan cheese, from frozen",Yeast breads,351,8.78,41.14,3.62,2.5,16.83,5.481,4.703,5.354,2
51121065,"Garlic bread, with melted cheese, from fast food / restaurant",Yeast breads,339,11.41,34.21,3.31,2.0,17.34,6.554,4.658,4.491,13
51121075,"Garlic bread, with melted cheese, from frozen",Yeast breads,343,10.36,36.86,3.44,2.2,17.1,6.118,4.667,4.825,8
51121110,"Bread, onion",Yeast breads,238,8.81,44.32,3.33,1.7,2.95,0.994,0.687,0.681,4
51121120,"Bread, onion, toasted",Yeast breads,262,9.68,48.7,3.66,1.9,3.24,1.092,0.755,0.748,4
51122000,"Bread, reduced calorie and/or high fiber, white or NFS",Yeast breads,207,8.7,44.3,4.76,9.7,2.5,0.549,1.077,0.559,0
51122010,"Bread, reduced calorie and/or high fiber, white or NFS, toasted",Yeast breads,227,9.56,48.68,5.23,10.7,2.75,0.603,1.184,0.614,0
51122100,"Bread, reduced calorie and/or high fiber, white or NFS, with fruit and/or nuts",Yeast breads,222,7.83,49.95,14.51,8.9,2.14,0.476,0.907,0.477,0
51122110,"Bread, reduced calorie and/or high fiber, white or NFS, with fruit and/or nuts, toasted",Yeast breads,244,8.6,54.89,15.94,9.7,2.35,0.523,0.997,0.524,0
51122300,"Bread, white, special formula, added fiber",Yeast breads,238,10.66,43.91,5.0,9.2,2.15,0.63,0.393,0.973,0
51122310,"Bread, white, special formula, added fiber, toasted",Yeast breads,262,11.71,48.25,5.5,10.1,2.36,0.692,0.432,1.069,0
51123020,"Bread, high protein, toasted",Yeast breads,269,13.3,48.13,1.58,3.3,2.42,0.365,0.201,1.109,0
51127010,"Bread, potato",Yeast breads,266,12.5,47.07,9.38,6.3,3.13,0.0,0.0,0.0,0
51127020,"Bread, potato, toasted",Yeast breads,292,13.74,51.72,10.31,6.9,3.44,0.0,0.0,0.0,0
51129010,"Bread, raisin",Yeast breads,270,8.82,52.21,11.32,2.5,3.26,0.748,0.648,1.688,0
51129020,"Bread, raisin, toasted",Yeast breads,297,9.69,57.38,12.44,2.8,3.58,0.822,0.712,1.855,0
51133010,"Bread, sour dough",Yeast breads,272,10.75,51.88,4.62,2.2,2.42,0.529,0.362,0.855,0
51133020,"Bread, sour dough, toasted",Yeast breads,299,11.81,57.01,5.08,2.4,2.66,0.581,0.398,0.94,0
51134000,"Bread, sweet potato",Yeast breads,241,8.64,45.38,3.53,1.7,2.87,0.96,0.662,0.67,4
51134010,"Bread, sweet potato, toasted",Yeast breads,265,9.5,49.87,3.88,1.9,3.15,1.055,0.727,0.736,4
51135000,"Bread, vegetable",Yeast breads,259,9.67,47.98,3.54,1.8,3.26,1.089,0.756,0.762,4
51135010,"Bread, vegetable, toasted",Yeast breads,284,10.62,52.72,3.9,2.0,3.58,1.197,0.831,0.837,4
51136000,Bruschetta,Vegetable sandwiches/burgers,171,4.29,21.32,3.34,1.5,7.61,1.227,4.603,1.175,0
51140100,"Bread, dough, fried",Yeast breads,384,9.36,44.97,3.55,1.5,18.84,4.848,7.312,5.257,3
51150000,"Roll, white, soft",Rolls and buns,279,9.77,50.12,7.28,1.8,3.91,0.842,0.748,1.78,0
51153000,"Roll, white, hard",Rolls and buns,293,9.9,52.7,1.77,2.3,4.3,0.606,1.133,1.719,0
51154010,"Roll, white, hot dog bun",Rolls and buns,267,9.43,49.2,5.34,2.3,3.59,0.821,0.717,1.87,0
51154100,"Roll, white, hamburger bun",Rolls and buns,267,9.43,49.2,5.34,2.3,3.59,0.821,0.717,1.87,0
51154510,"Roll, diet",Rolls and buns,272,10.75,51.88,4.62,2.2,2.42,0.529,0.362,0.855,0
51154550,"Roll, egg bread",Rolls and buns,287,9.5,47.8,1.78,2.3,6.0,1.593,2.302,1.106,51
51154600,"Roll, cheese",Rolls and buns,315,11.48,49.56,5.29,1.9,7.85,2.266,2.159,2.443,9
51155000,"Roll, French or Vienna",Rolls and buns,272,10.75,51.88,4.62,2.2,2.42,0.529,0.362,0.855,0
51156500,"Roll, garlic",Rolls and buns,309,10.84,51.92,5.53,2.0,6.44,1.369,1.872,2.498,4
51157000,"Roll, white, hoagie, submarine",Rolls and buns,279,9.77,50.12,7.28,1.8,3.91,0.842,0.748,1.78,0
51158100,"Roll, Mexican, bolillo",Rolls and buns,318,10.65,55.77,3.55,2.2,5.8,1.401,2.658,1.022,1
51159000,"Roll, sour dough",Rolls and buns,272,10.75,51.88,4.62,2.2,2.42,0.529,0.362,0.855,0
51160000,"Roll, sweet, no frosting","Doughnuts, sweet rolls, pastries",321,10.04,53.58,15.38,3.1,7.37,3.516,1.851,0.855,55
51160100,"Roll, sweet, cinnamon bun, no frosting","Doughnuts, sweet rolls, pastries",372,6.2,50.9,31.73,2.4,16.4,3.079,4.797,7.473,66
51160110,"Roll, sweet, cinnamon bun, frosted","Doughnuts, sweet rolls, pastries",452,4.45,48.6,25.7,1.2,26.61,12.649,8.723,3.676,5
51160200,"Pan dulce, NFS","Doughnuts, sweet rolls, pastries",371,9.07,56.36,14.09,2.2,12.2,2.31,3.761,1.892,29
51161000,"Pan Dulce, with fruit, no frosting","Doughnuts, sweet rolls, pastries",372,6.2,50.9,31.73,2.4,16.4,3.079,4.797,7.473,66
51161020,"Roll, sweet, with fruit, frosted","Doughnuts, sweet rolls, pastries",379,5.23,53.56,36.63,2.0,16.37,3.063,4.807,7.548,56
51161030,"Roll, sweet, with fruit, frosted, diet","Doughnuts, sweet rolls, pastries",452,4.45,48.6,25.7,1.2,26.61,12.649,8.723,3.676,5
51161050,"Roll, sweet, frosted","Doughnuts, sweet rolls, pastries",404,5.54,50.85,34.47,2.3,20.14,3.288,7.093,8.565,52
51161250,"Pan Dulce, no topping","Doughnuts, sweet rolls, pastries",367,9.42,56.38,12.5,2.3,11.58,2.183,3.499,1.53,30
51161270,"Pan Dulce, with sugar topping","Doughnuts, sweet rolls, pastries",374,8.73,56.35,15.68,2.1,12.82,2.436,4.022,2.255,28
51161280,"Pan Dulce, with raisins and icing","Doughnuts, sweet rolls, pastries",368,8.29,58.57,19.6,2.2,11.39,2.142,3.435,2.006,26
51165000,"Coffee cake, yeast type","Doughnuts, sweet rolls, pastries",372,6.2,50.9,31.73,2.4,16.4,3.079,4.797,7.473,66
51166000,Croissant,"Doughnuts, sweet rolls, pastries",406,8.2,45.8,11.26,2.6,21.0,11.659,5.525,1.094,67
51166100,"Croissant, cheese","Doughnuts, sweet rolls, pastries",414,9.2,47.0,11.35,2.6,20.9,10.628,6.509,2.384,57
51166200,"Croissant, chocolate","Doughnuts, sweet rolls, pastries",421,7.4,49.4,19.87,3.3,22.79,12.872,6.409,1.069,54
51166500,"Croissant, fruit","Doughnuts, sweet rolls, pastries",396,7.75,47.04,14.1,3.0,19.72,10.943,5.185,1.032,63
51167000,Brioche,"Doughnuts, sweet rolls, pastries",427,8.96,36.31,3.12,1.5,27.46,14.329,5.992,1.382,174
51168000,"Bread, Spanish coffee","Doughnuts, sweet rolls, pastries",348,7.93,58.84,12.11,1.9,9.06,1.501,5.322,1.089,37
51180010,Bagel,Bagels and English muffins,264,10.56,52.38,8.43,1.6,1.32,0.36,0.39,0.526,0
51180030,"Bagel, with raisins",Bagels and English muffins,268,9.83,55.07,14.1,1.9,1.21,0.333,0.353,0.479,0
51180080,"Bagel, with fruit other than raisins",Bagels and English muffins,243,9.55,48.36,8.43,1.7,1.25,0.329,0.36,0.501,0
51182010,Bread stuffing,Turnovers and other grain-based items,177,3.14,21.71,2.35,0.9,8.51,1.66,4.06,2.475,0
51182020,Bread stuffing made with egg,Turnovers and other grain-based items,192,3.31,17.77,1.93,0.8,11.92,2.372,5.643,3.449,25
51183990,"Breadsticks, NFS",Rolls and buns,342,12.18,44.39,1.11,2.4,12.85,2.96,2.772,6.148,7
51184000,"Breadsticks, hard, NFS","Crackers, excludes saltines",412,12.0,68.4,1.26,3.0,9.5,1.41,3.568,3.628,0
51184100,"Breadsticks, hard, reduced sodium","Crackers, excludes saltines",434,12.01,72.23,1.34,2.5,10.86,1.443,4.086,4.135,0
51184200,"Breadsticks, soft, NFS",Rolls and buns,342,12.18,44.39,1.11,2.4,12.85,2.96,2.772,6.148,7
51184210,"Breadsticks, soft, fast food / restaurant",Rolls and buns,342,12.18,44.39,1.11,2.4,12.85,2.96,2.772,6.148,7
51184220,"Breadsticks, soft, frozen",Rolls and buns,313,11.09,46.37,2.8,2.4,9.16,2.108,1.954,4.444,4
51184230,"Breadsticks, soft, with parmesan cheese, fast food / restaurant",Rolls and buns,344,12.52,43.76,1.09,2.3,13.15,3.205,2.843,6.051,9
51184260,"Breadsticks, soft, stuffed or topped with melted cheese",Rolls and buns,333,14.48,36.41,1.25,1.9,14.36,4.705,3.147,5.069,19
51185000,Croutons,"Crackers, excludes saltines",465,10.8,63.5,4.41,5.0,18.3,5.247,9.498,2.368,7
51186010,"Muffin, English",Bagels and English muffins,227,8.87,44.17,3.53,3.5,1.69,0.733,0.383,0.498,0
51186100,"Muffin, English, with raisins",Bagels and English muffins,234,8.31,47.68,9.7,3.6,1.55,0.669,0.347,0.454,0
51186130,"Muffin, English, cheese",Bagels and English muffins,236,9.59,42.08,3.37,3.3,3.31,1.656,0.736,0.532,5
51186160,"Muffin, English, with fruit other than raisins",Bagels and English muffins,244,9.31,47.64,4.76,3.9,1.79,0.766,0.404,0.535,0
51187000,Melba toast,"Crackers, excludes saltines",390,12.1,76.6,0.94,6.3,3.2,0.445,0.782,1.282,0
51187020,Anisette toast,Cookies and brownies,373,7.63,66.99,28.44,1.4,8.38,1.29,3.199,2.86,46
51188100,Pannetone,"Doughnuts, sweet rolls, pastries",325,9.76,53.75,17.79,2.3,8.39,3.992,1.948,0.702,61
51188500,Zwieback toast,"Crackers, excludes saltines",426,10.1,74.2,12.5,2.5,9.7,2.525,4.244,2.073,8
51300050,"Bread, whole grain white",Yeast breads,238,10.66,43.91,5.0,9.2,2.15,0.63,0.393,0.973,0
51300060,"Bread, whole grain white, toasted",Yeast breads,262,11.71,48.25,5.5,10.1,2.36,0.692,0.432,1.069,0
51300100,"Bagel, whole grain white",Bagels and English muffins,250,10.2,48.89,6.12,4.1,1.53,0.0,0.29,0.936,0
51300110,"Bread, whole wheat",Yeast breads,254,12.3,43.1,4.41,6.0,3.55,0.732,0.616,1.61,0
51300120,"Bread, whole wheat, toasted",Yeast breads,279,13.52,47.36,4.85,6.6,3.9,0.804,0.677,1.769,0
51300140,"Bread, whole wheat, made from home recipe or purchased at bakery",Yeast breads,267,10.38,46.96,3.38,6.8,4.26,1.342,0.964,1.06,5
51300150,"Bread, whole wheat, made from home recipe or purchased at bakery, toasted",Yeast breads,293,11.4,51.61,3.71,7.4,4.68,1.475,1.059,1.165,5
51300175,"Bread, chappatti or roti",Yeast breads,299,7.85,46.13,2.93,9.7,9.2,3.311,2.091,0.761,0
51300180,"Bread, puri",Yeast breads,409,6.84,39.23,0.18,3.5,24.94,3.339,10.199,9.568,0
51300185,"Bread, paratha",Yeast breads,326,6.36,45.35,4.15,9.6,13.2,5.826,3.837,2.484,1
51300210,"Bread, whole wheat, with raisins",Yeast breads,290,8.63,56.35,19.48,6.5,4.14,1.48,0.911,0.855,6
51300220,"Bread, whole wheat, with raisins, toasted",Yeast breads,319,9.48,61.92,21.41,7.2,4.55,1.626,1.001,0.94,6
51300300,"Bread, sprouted wheat",Yeast breads,188,13.16,33.88,2.63,5.3,0.0,0.0,0.0,0.0,0
51300310,"Bread, sprouted wheat, toasted",Yeast breads,207,14.46,37.23,2.89,5.8,0.0,0.0,0.0,0.0,0
51301010,"Bread, wheat or cracked wheat",Yeast breads,274,10.67,47.54,5.73,4.0,4.53,0.697,0.612,1.615,0
51301020,"Bread, wheat or cracked wheat, toasted",Yeast breads,301,11.72,52.24,6.3,4.4,4.98,0.766,0.673,1.775,0
51301040,"Bread, wheat or cracked wheat, made from home recipe or purchased at bakery",Yeast breads,271,10.33,49.2,3.18,3.4,3.72,1.217,0.869,0.877,4
51301050,"Bread, wheat or cracked wheat, made from home recipe or purchased at bakery, toasted",Yeast breads,297,11.35,54.06,3.5,3.7,4.09,1.337,0.955,0.964,5
51301120,"Bread, wheat or cracked wheat, with raisins",Yeast breads,292,8.66,57.73,18.7,3.9,3.72,1.376,0.838,0.719,6
51301130,"Bread, wheat or cracked wheat, with raisins, toasted",Yeast breads,321,9.51,63.44,20.55,4.3,4.08,1.512,0.921,0.79,6
51301510,"Bread, wheat or cracked wheat, reduced calorie and/or high fiber",Yeast breads,207,8.91,44.91,4.63,10.7,2.55,0.551,1.064,0.609,0
51301520,"Bread, wheat or cracked wheat, reduced calorie and/or high fiber, toasted",Yeast breads,228,9.79,49.35,5.09,11.8,2.8,0.605,1.169,0.669,0
51301540,"Bread, French or Vienna, whole wheat",Yeast breads,239,8.33,49.1,0.0,4.2,1.04,0.0,0.18,0.576,0
51301550,"Bread, French or Vienna, whole wheat, toasted",Yeast breads,263,9.15,53.96,0.0,4.6,1.14,0.0,0.198,0.633,0
51301600,"Bread, pita, whole wheat",Yeast breads,262,9.8,55.89,2.87,6.1,1.71,0.208,0.349,1.055,0
51301620,"Bread, pita, wheat or cracked wheat",Yeast breads,262,9.8,55.89,2.87,6.1,1.71,0.208,0.349,1.055,0
51301700,"Bagel, wheat",Bagels and English muffins,250,10.2,48.89,6.12,4.1,1.53,0.0,0.29,0.936,0
51301750,"Bagel, whole wheat",Bagels and English muffins,250,10.2,48.89,6.12,4.1,1.53,0.0,0.29,0.936,0
51301800,"Bagel, wheat, with raisins",Bagels and English muffins,255,9.51,51.93,12.03,4.1,1.4,0.009,0.263,0.848,0
51301805,"Bagel, whole wheat, with raisins",Bagels and English muffins,255,9.51,51.93,12.03,4.1,1.4,0.009,0.263,0.848,0
51301820,"Bagel, wheat, with fruit and nuts",Bagels and English muffins,263,9.52,50.78,11.74,4.4,2.77,0.128,0.45,1.815,0
51301900,"Bagel, wheat bran",Bagels and English muffins,250,10.2,48.89,6.12,4.1,1.53,0.0,0.29,0.936,0
51302500,"Muffin, English, wheat bran",Bagels and English muffins,223,8.7,44.8,1.56,4.6,2.0,0.287,0.28,0.834,0
51302520,"Muffin, English, wheat bran, with raisins",Bagels and English muffins,231,8.16,48.25,7.92,4.6,1.82,0.268,0.254,0.756,0
51303010,"Muffin, English, wheat or cracked wheat",Bagels and English muffins,223,8.7,44.8,1.56,4.6,2.0,0.287,0.28,0.834,0
51303030,"Muffin, English, whole wheat",Bagels and English muffins,223,8.7,44.8,1.56,4.6,2.0,0.287,0.28,0.834,0
51303050,"Muffin, English, wheat or cracked wheat, with raisins",Bagels and English muffins,230,8.21,47.94,7.34,4.6,1.84,0.269,0.257,0.763,0
51303070,"Muffin, English, whole wheat, with raisins",Bagels and English muffins,230,8.21,47.94,7.34,4.6,1.84,0.269,0.257,0.763,0
51303100,"Muffin, English, whole grain white",Bagels and English muffins,223,8.7,44.8,1.56,4.6,2.0,0.287,0.28,0.834,0
51306000,"Breadsticks, hard, whole wheat","Crackers, excludes saltines",425,15.08,67.9,3.29,7.1,10.98,2.11,4.57,3.246,0
51320010,"Roll, wheat or cracked wheat",Rolls and buns,273,8.6,46.0,1.63,3.8,6.3,1.497,3.109,1.107,0
51320060,"Roll, wheat or cracked wheat, hot dog bun",Rolls and buns,269,11.69,47.31,6.9,4.2,3.61,0.746,0.713,1.796,0
51320070,"Roll, wheat or cracked wheat, hamburger bun",Rolls and buns,269,11.69,47.31,6.9,4.2,3.61,0.746,0.713,1.796,0
51320500,"Roll, whole wheat",Rolls and buns,273,8.6,46.0,1.63,3.8,6.3,1.497,3.109,1.107,0
51320550,"Roll, whole wheat, hot dog bun",Rolls and buns,269,12.38,44.93,5.92,6.1,4.38,0.921,0.717,1.776,0
51320560,"Roll, whole wheat, hamburger bun",Rolls and buns,269,12.38,44.93,5.92,6.1,4.38,0.921,0.717,1.776,0
51320700,"Roll, whole grain white",Rolls and buns,255,9.3,46.5,9.3,2.3,3.49,1.163,0.564,1.221,0
51320710,"Roll, whole grain white, hot dog bun",Rolls and buns,255,9.3,46.5,9.3,2.3,3.49,1.163,0.564,1.221,0
51320720,"Roll, whole grain white, hamburger bun",Rolls and buns,255,9.3,46.5,9.3,2.3,3.49,1.163,0.564,1.221,0
51401010,"Bread, rye",Yeast breads,259,8.5,48.3,3.85,5.8,3.3,0.626,1.311,0.799,0
51401020,"Bread, rye, toasted",Yeast breads,285,9.34,53.08,4.23,6.4,3.63,0.688,1.441,0.878,0
51401030,"Bread, marble rye and pumpernickel",Yeast breads,259,8.5,48.3,3.85,5.8,3.3,0.626,1.311,0.799,0
51401040,"Bread, marble rye and pumpernickel, toasted",Yeast breads,285,9.34,53.08,4.23,6.4,3.63,0.688,1.441,0.878,0
51401200,"Muffin, English, rye",Bagels and English muffins,259,8.5,48.3,3.85,5.8,3.3,0.626,1.311,0.799,0
51404010,"Bread, pumpernickel",Yeast breads,250,8.7,47.5,0.53,6.5,3.1,0.437,0.932,1.237,0
51404020,"Bread, pumpernickel, toasted",Yeast breads,275,9.56,52.2,0.58,7.1,3.41,0.48,1.024,1.359,0
51404500,"Bagel, pumpernickel",Bagels and English muffins,250,10.2,48.89,6.12,4.1,1.53,0.0,0.29,0.936,0
51404550,"Muffin, English, pumpernickel",Bagels and English muffins,250,8.7,47.5,0.53,6.5,3.1,0.437,0.932,1.237,0
51407010,"Bread, black",Yeast breads,250,8.7,47.5,0.53,6.5,3.1,0.437,0.932,1.237,0
51407020,"Bread, black, toasted",Yeast breads,275,9.56,52.2,0.58,7.1,3.41,0.48,1.024,1.359,0
51420000,"Roll, rye",Rolls and buns,259,8.5,48.3,3.85,5.8,3.3,0.626,1.311,0.799,0
51421000,"Roll, pumpernickel",Rolls and buns,250,8.7,47.5,0.53,6.5,3.1,0.437,0.932,1.237,0
51501010,"Bread, oatmeal",Yeast breads,269,8.4,48.5,8.14,4.0,4.4,0.703,1.578,1.702,0
51501020,"Bread, oatmeal, toasted",Yeast breads,296,9.23,53.3,8.94,4.4,4.84,0.773,1.734,1.87,0
51501040,"Bread, oat bran",Yeast breads,299,9.33,53.89,9.04,4.4,4.89,0.781,1.753,1.891,0
51501050,"Bread, oat bran, toasted",Yeast breads,296,9.23,53.3,8.94,4.4,4.84,0.773,1.734,1.87,0
51501080,"Bagel, oat bran",Bagels and English muffins,250,10.2,48.89,6.12,4.1,1.53,0.0,0.29,0.936,0
51502010,"Roll, oatmeal",Rolls and buns,269,8.4,48.5,8.14,4.0,4.4,0.703,1.578,1.702,0
51503000,"Muffin, English, oat bran",Bagels and English muffins,269,8.4,48.5,8.14,4.0,4.4,0.703,1.578,1.702,0
51503040,"Muffin, English, oat bran, with raisins",Bagels and English muffins,272,7.89,51.58,13.84,4.0,3.98,0.642,1.423,1.537,0
51601010,"Bread, multigrain, toasted",Yeast breads,291,14.68,47.63,7.02,8.1,4.65,0.958,0.835,2.057,0
51601020,"Bread, multigrain",Yeast breads,265,13.36,43.34,6.39,7.4,4.23,0.872,0.76,1.872,0
51601210,"Bread, multigrain, with raisins",Yeast breads,268,12.35,46.94,12.27,7.1,3.83,0.794,0.686,1.69,0
51601220,"Bread, multigrain, with raisins, toasted",Yeast breads,295,13.58,51.58,13.48,7.8,4.21,0.873,0.754,1.857,0
51602010,"Bread, multigrain, reduced calorie and/or high fiber",Yeast breads,207,8.91,44.91,4.63,10.7,2.55,0.551,1.064,0.609,0
51602020,"Bread, multigrain, reduced calorie and/or high fiber, toasted",Yeast breads,228,9.79,49.35,5.09,11.8,2.8,0.605,1.169,0.669,0
51620000,"Roll, multigrain",Rolls and buns,263,9.6,44.6,6.25,3.8,6.0,1.39,2.839,1.153,0
51620020,"Roll, multigrain, hot dog bun",Rolls and buns,263,9.6,44.6,6.25,3.8,6.0,1.39,2.839,1.153,0
51620030,"Roll, multigrain, hamburger bun",Rolls and buns,263,9.6,44.6,6.25,3.8,6.0,1.39,2.839,1.153,0
51630000,"Bagel, multigrain",Bagels and English muffins,250,10.2,48.89,6.12,4.1,1.53,0.0,0.29,0.936,0
51630100,"Bagel, multigrain, with raisins",Bagels and English muffins,255,9.51,51.93,12.03,4.1,1.4,0.009,0.263,0.848,0
51630200,"Muffin, English, multigrain",Bagels and English muffins,223,8.7,44.8,1.56,4.6,2.0,0.287,0.28,0.834,0
51801010,"Bread, barley",Yeast breads,274,10.67,47.54,5.73,4.0,4.53,0.697,0.612,1.615,0
51801020,"Bread, barley, toasted",Yeast breads,301,11.72,52.24,6.3,4.4,4.98,0.766,0.673,1.775,0
51804010,"Bread, soy",Yeast breads,267,16.4,41.95,6.01,4.4,3.84,1.183,0.868,0.758,4
51804020,"Bread, soy, toasted",Yeast breads,293,18.02,46.1,6.6,4.8,4.22,1.3,0.954,0.833,5
51805010,"Bread, sunflower meal",Yeast breads,306,11.16,47.98,3.1,2.7,8.23,1.585,1.705,4.098,4
51805020,"Bread, sunflower meal, toasted",Yeast breads,336,12.26,52.73,3.4,2.9,9.05,1.742,1.874,4.503,4
51806010,"Bread, rice",Yeast breads,248,4.31,45.78,3.53,4.3,5.24,0.977,2.009,0.516,0
51806020,"Bread, rice, toasted",Yeast breads,273,4.74,50.31,3.88,4.7,5.76,1.074,2.208,0.567,0
51807000,"Injera, Ethiopian bread",Yeast breads,93,2.55,19.39,1.03,2.8,0.68,0.177,0.272,0.236,0
51808000,"Bread, gluten free",Yeast breads,248,4.31,45.78,3.53,4.3,5.24,0.977,2.009,0.516,0
51808010,"Bread, gluten free, toasted",Yeast breads,273,4.74,50.31,3.88,4.7,5.76,1.074,2.208,0.567,0
51808050,"Breadsticks, hard, gluten free","Crackers, excludes saltines",453,11.25,66.3,0.86,10.2,15.84,2.069,7.004,5.981,0
51808100,"Roll, gluten free",Rolls and buns,239,3.34,50.47,6.87,5.1,2.65,0.215,1.353,0.637,0
52101000,"Biscuit, NFS","Biscuits, muffins, quick breads",370,7.08,42.82,3.88,2.5,18.92,11.803,2.487,2.199,2
52102040,"Biscuit, from refrigerated dough","Biscuits, muffins, quick breads",324,6.79,49.05,8.19,2.8,11.22,5.514,2.309,2.688,0
52103000,"Biscuit, from fast food / restaurant","Biscuits, muffins, quick breads",370,7.08,42.82,3.88,2.5,18.92,11.803,2.487,2.199,2
52104010,"Biscuit, home recipe","Biscuits, muffins, quick breads",350,7.03,44.89,4.57,1.4,15.97,8.535,3.176,0.68,44
52104040,"Biscuit, wheat","Biscuits, muffins, quick breads",362,7.5,43.9,3.71,4.5,18.19,11.244,2.394,2.2,2
52104100,"Biscuit, cheese","Biscuits, muffins, quick breads",374,8.7,38.78,3.52,2.2,20.43,12.543,2.982,2.097,12
52104200,Biscuit with fruit,"Biscuits, muffins, quick breads",363,6.7,46.47,10.01,2.7,17.05,10.632,2.241,1.984,2
52105100,Scone,"Biscuits, muffins, quick breads",382,6.67,48.07,13.4,1.2,18.35,9.744,3.767,0.814,74
52105200,"Scone, with fruit","Biscuits, muffins, quick breads",374,6.33,51.2,18.58,1.5,16.54,8.779,3.393,0.738,66
52201000,"Cornbread, prepared from mix","Biscuits, muffins, quick breads",330,6.59,54.46,16.05,2.3,9.58,3.732,3.494,1.963,57
52202060,"Cornbread, made from home recipe","Biscuits, muffins, quick breads",287,6.55,42.87,6.85,1.5,9.8,1.865,3.707,3.272,39
52204000,Cornbread stuffing,Turnovers and other grain-based items,179,2.9,21.9,0.0,2.9,8.8,1.755,3.856,2.706,0
52206010,"Cornbread muffin, stick, round","Biscuits, muffins, quick breads",305,5.9,51.0,17.78,3.4,8.4,1.354,2.104,3.215,26
52206060,"Cornbread muffin, stick, round, made from home recipe","Biscuits, muffins, quick breads",307,7.02,45.94,7.34,1.6,10.51,1.999,3.972,3.506,42
52207010,"Corn flour patty or tart, fried","Biscuits, muffins, quick breads",218,3.98,41.18,5.91,3.0,4.64,0.638,1.27,2.34,0
52208010,"Corn pone, baked","Biscuits, muffins, quick breads",214,3.5,39.68,0.79,1.9,4.31,0.97,1.614,1.378,0
52208020,"Corn pone, fried","Biscuits, muffins, quick breads",254,3.34,37.79,0.76,1.8,9.78,2.342,3.874,2.907,0
52208760,"Gordita/sope shell, plain, no filling",Tortillas,260,3.85,37.2,0.72,2.9,11.19,2.18,4.425,3.839,0
52209010,Hush puppy,"Biscuits, muffins, quick breads",296,6.16,40.21,3.8,2.9,13.25,2.621,7.806,1.762,0
52211010,Johnnycake,"Biscuits, muffins, quick breads",277,7.98,43.82,9.1,1.8,7.46,2.105,2.648,1.871,71
52213010,Spoonbread,"Biscuits, muffins, quick breads",166,6.68,18.55,4.84,0.7,7.06,2.344,2.567,1.421,86
52215000,"Tortilla, NFS",Tortillas,262,6.95,47.01,2.3,4.9,5.42,1.688,1.221,1.854,0
52215100,"Tortilla, corn",Tortillas,218,5.7,44.64,0.88,6.3,2.85,0.453,0.692,1.419,0
52215200,"Tortilla, flour",Tortillas,306,8.2,49.38,3.71,3.5,7.99,2.924,1.751,2.29,0
52215260,"Tortilla, whole wheat",Tortillas,310,9.76,45.89,2.44,9.8,9.76,4.878,3.062,0.992,0
52215300,"Taco shell, corn",Tortillas,476,6.41,63.49,1.5,6.7,21.79,7.105,6.935,5.495,0
52215350,"Taco shell, flour",Tortillas,511,8.83,53.2,4.0,3.8,29.07,8.264,10.317,8.219,0
52220110,Arepa Dominicana,"Biscuits, muffins, quick breads",267,5.66,30.47,3.25,2.4,14.0,9.083,2.457,1.448,53
52301000,"Muffin, NFS","Biscuits, muffins, quick breads",375,4.49,53.0,31.47,1.1,16.07,2.844,4.822,8.103,30
52302010,"Muffin, fruit","Biscuits, muffins, quick breads",375,4.49,53.0,31.47,1.1,16.07,2.844,4.822,8.103,30
52302020,"Muffin, fruit, low fat","Biscuits, muffins, quick breads",255,4.23,50.05,27.05,4.2,4.22,1.549,0.86,1.363,28
52302500,"Muffin, chocolate chip","Biscuits, muffins, quick breads",402,5.77,55.4,32.92,1.8,19.04,5.395,7.256,5.0,45
52302600,"Muffin, chocolate","Biscuits, muffins, quick breads",395,6.54,50.94,25.98,1.9,18.75,4.653,7.176,5.471,51
52303010,"Muffin, whole wheat","Biscuits, muffins, quick breads",372,7.8,44.01,20.09,3.5,18.44,3.058,7.269,6.57,59
52303500,"Muffin, wheat","Biscuits, muffins, quick breads",372,6.92,45.7,19.9,1.8,18.03,2.975,7.17,6.358,59
52304000,"Muffin, whole grain","Biscuits, muffins, quick breads",372,6.92,45.7,19.9,1.8,18.03,2.975,7.17,6.358,59
52304010,"Muffin, wheat bran","Biscuits, muffins, quick breads",208,6.26,38.67,15.2,2.2,5.01,2.231,1.14,0.575,29
52304040,"Muffin, bran with fruit, lowfat","Biscuits, muffins, quick breads",179,5.42,39.99,20.26,2.7,1.5,0.408,0.367,0.399,14
52304100,"Muffin, oatmeal","Biscuits, muffins, quick breads",370,6.43,43.94,20.67,1.5,18.92,3.128,7.57,6.65,61
52304150,"Muffin, oat bran","Biscuits, muffins, quick breads",270,7.0,48.3,8.22,4.6,7.4,1.087,1.695,4.129,0
52306010,"Muffin, plain","Biscuits, muffins, quick breads",374,5.93,52.02,27.48,0.8,16.21,2.671,6.483,5.692,53
52306300,"Muffin, cheese","Biscuits, muffins, quick breads",367,9.72,30.51,1.88,1.0,23.0,5.454,8.457,6.773,74
52306500,"Muffin, pumpkin","Biscuits, muffins, quick breads",305,4.97,43.21,22.59,1.4,12.93,2.154,5.152,4.519,42
52306550,"Muffin, zucchini","Biscuits, muffins, quick breads",306,5.05,42.64,22.72,0.9,13.14,2.173,5.229,4.61,43
52306700,"Muffin, carrot","Biscuits, muffins, quick breads",314,5.01,44.42,23.31,1.4,13.21,2.172,5.256,4.636,43
52311010,Popover,"Biscuits, muffins, quick breads",268,11.05,35.28,4.04,1.1,9.2,4.136,2.329,0.922,150
52401000,"Bread, Boston Brown","Biscuits, muffins, quick breads",274,10.67,47.54,5.73,4.0,4.53,0.697,0.612,1.615,0
52403000,"Bread, nut","Biscuits, muffins, quick breads",403,6.59,49.66,26.01,1.2,20.1,2.933,6.765,8.789,50
52404060,"Bread, pumpkin","Biscuits, muffins, quick breads",305,4.97,43.21,22.59,1.4,12.93,2.154,5.152,4.519,42
52405010,"Bread, fruit","Biscuits, muffins, quick breads",374,6.01,47.34,25.24,1.2,18.1,2.65,6.085,7.909,45
52407000,"Bread, zucchini","Biscuits, muffins, quick breads",306,5.05,42.64,22.72,0.9,13.14,2.173,5.229,4.61,43
52408000,"Bread, Irish soda","Biscuits, muffins, quick breads",301,6.48,51.07,21.86,2.3,8.96,4.488,1.91,0.545,54
53100100,"Cake or cupcake, NFS",Cakes and pies,352,2.84,53.6,39.53,1.0,14.77,3.47,5.853,4.451,43
53101100,"Cake, angel food",Cakes and pies,257,6.1,58.7,30.51,0.2,0.3,0.043,0.026,0.124,0
53102200,"Cake or cupcake, apple",Cakes and pies,376,2.41,52.52,39.48,0.9,17.5,3.192,6.278,6.936,47
53102700,"Cake or cupcake, banana",Cakes and pies,379,2.47,53.07,39.6,1.0,17.51,3.2,6.281,6.938,47
53102800,"Cake or cupcake, Black Forest",Cakes and pies,228,3.49,31.32,18.26,1.7,10.66,3.719,3.75,2.298,55
53103000,"Cake, Boston cream pie",Cakes and pies,252,2.4,42.9,36.11,1.4,8.5,2.445,4.544,1.009,37
53104260,"Cake or cupcake, carrot",Cakes and pies,374,2.49,51.8,38.49,1.1,17.52,3.192,6.279,6.941,47
53104400,"Cake or cupcake, coconut",Cakes and pies,368,2.5,54.52,40.61,1.3,15.68,5.172,4.52,5.165,39
53104500,"Cheesecake, plain",Cakes and pies,399,5.29,34.82,26.64,0.5,26.52,14.371,5.671,1.947,114
53104550,"Cheesecake, fruit",Cakes and pies,387,4.8,38.23,28.83,0.6,23.88,12.935,5.108,1.752,103
53104600,"Cheesecake, chocolate",Cakes and pies,394,5.72,35.52,25.9,1.6,26.14,14.182,5.638,1.902,111
53105262,"Cake or cupcake, chocolate with white icing, bakery",Cakes and pies,355,2.79,54.36,40.23,1.2,14.58,2.975,4.965,5.742,43
53105264,"Cake or cupcake, chocolate with white icing, from mix",Cakes and pies,349,3.05,53.13,38.15,1.4,14.43,2.975,4.975,5.541,47
53105270,"Cake or cupcake, chocolate with chocolate icing, bakery",Cakes and pies,345,3.29,52.25,37.8,1.6,15.2,4.124,6.837,3.165,43
53105272,"Cake or cupcake, chocolate with chocolate icing, from mix",Cakes and pies,341,3.49,51.25,35.99,1.7,14.98,3.996,6.639,3.251,47
53105275,"Cake or cupcake, chocolate, no icing",Cakes and pies,303,5.08,43.28,21.52,2.3,13.24,2.976,5.051,3.934,79
53105300,"Cake or cupcake, German chocolate",Cakes and pies,360,3.7,49.94,34.72,2.4,17.6,5.612,7.21,3.645,43
53105310,"Cake or cupcake, gluten free",Cakes and pies,410,4.87,37.93,34.01,2.4,29.42,16.189,7.978,1.286,141
53105396,"Cake, chocolate, flourless",Cakes and pies,410,4.87,37.93,34.01,2.4,29.42,16.189,7.978,1.286,141
53106500,"Cake, cream",Cakes and pies,286,3.84,30.02,16.46,0.4,17.03,7.701,5.57,2.53,77
53108200,"Snack cake, chocolate",Cakes and pies,399,3.63,60.31,37.76,3.2,15.93,4.884,8.525,1.822,0
53109200,"Snack cake, white",Cakes and pies,374,3.47,64.03,37.3,1.0,11.54,4.139,4.906,1.86,41
53110000,"Cake, fruit cake",Cakes and pies,324,2.9,61.6,27.42,3.7,9.1,1.048,4.2,3.323,5
53111000,"Cake or cupcake, gingerbread",Cakes and pies,276,3.64,45.34,28.3,1.0,9.16,2.351,5.013,1.238,32
53112100,Ice cream cake,Cakes and pies,283,2.95,39.28,31.24,0.5,12.67,4.803,3.919,3.094,44
53113000,"Cake, jelly roll",Cakes and pies,285,3.14,64.54,41.99,0.8,1.52,0.446,0.539,0.246,56
53114100,"Cake or cupcake, lemon",Cakes and pies,339,2.42,51.9,38.23,0.4,13.53,2.669,4.627,5.34,43
53115200,"Cake or cupcake, marble",Cakes and pies,347,3.07,52.57,38.36,1.2,15.06,4.036,6.785,3.163,43
53115450,"Cake or cupcake, peanut butter",Cakes and pies,382,6.12,47.52,32.34,2.0,19.85,4.078,8.127,6.429,43
53116000,"Cake, pound",Cakes and pies,353,5.0,53.64,33.36,0.6,13.96,4.811,3.02,3.419,66
53116510,"Cake or cupcake, pumpkin",Cakes and pies,373,2.5,51.58,38.35,1.1,17.51,3.203,6.281,6.932,47
53116520,"Cake or cupcake, red velvet",Cakes and pies,355,2.79,54.36,40.23,1.2,14.58,2.975,4.965,5.742,43
53117200,"Cake or cupcake, spice",Cakes and pies,410,2.66,56.41,42.24,0.9,19.43,3.543,6.975,7.701,52
53118100,"Cake, sponge",Cakes and pies,290,5.4,61.0,36.66,0.5,2.7,0.802,0.949,0.448,102
53118110,"Cake or cupcake, strawberry",Cakes and pies,326,2.22,50.25,37.39,0.5,12.89,2.533,4.384,5.148,39
53118500,"Cake, torte",Cakes and pies,241,3.28,33.86,19.08,0.9,10.36,2.991,3.748,2.626,58
53118550,"Cake, tres leche",Cakes and pies,270,6.39,42.0,33.37,0.3,8.67,4.677,2.259,0.584,81
53119000,"Cake, pineapple, upside down",Cakes and pies,273,2.38,39.11,28.16,0.7,12.18,4.538,3.627,2.149,56
53120270,"Cake or cupcake, white with white icing, bakery",Cakes and pies,359,2.4,54.95,41.26,0.4,14.33,2.816,4.869,5.737,43
53120272,"Cake or cupcake, white with white icing, from mix",Cakes and pies,353,2.62,53.78,39.27,0.4,14.16,2.801,4.87,5.535,47
53121270,"Cake or cupcake, white with chocolate icing, bakery",Cakes and pies,349,2.9,52.84,38.83,0.8,14.95,3.964,6.741,3.16,43
53121272,"Cake or cupcake, white with chocolate icing, from mix",Cakes and pies,345,3.06,51.9,37.11,0.7,14.71,3.822,6.534,3.245,47
53121275,"Cake or cupcake, white, no icing",Cakes and pies,310,4.36,44.36,23.39,0.6,12.78,2.686,4.877,3.925,79
53123070,"Cake, strawberry shortcake",Cakes and pies,214,3.31,40.09,25.89,0.9,4.73,2.477,1.442,0.364,62
53124110,"Cake or cupcake, zucchini",Cakes and pies,371,2.52,51.08,38.27,0.9,17.52,3.197,6.279,6.94,47
53200100,"Cookie, batter or dough, raw",Cookies and brownies,435,4.97,54.47,29.24,0.9,22.45,4.326,10.452,6.597,47
53201000,"Cookie, NFS",Cookies and brownies,492,5.1,65.36,32.9,2.0,24.72,8.091,6.272,8.417,0
53202000,"Cookie, almond",Cookies and brownies,514,5.37,63.78,21.65,1.3,26.22,8.105,6.708,8.326,0
53203000,"Cookie, applesauce",Cookies and brownies,450,6.2,68.7,24.66,2.8,18.1,4.519,10.025,2.543,0
53203500,"Cookie, biscotti",Cookies and brownies,373,7.63,66.99,28.44,1.4,8.38,1.29,3.199,2.86,46
53204000,"Cookie, brownie, NS as to icing",Cookies and brownies,405,4.8,63.9,36.61,2.1,16.3,4.235,8.965,2.259,17
53204010,"Cookie, brownie, without icing",Cookies and brownies,405,4.8,63.9,36.61,2.1,16.3,4.235,8.965,2.259,17
53204100,"Cookie, brownie, with icing or filling",Cookies and brownies,401,2.94,63.55,47.22,1.5,16.95,4.885,8.993,2.242,8
53204840,"Cookie, brownie, reduced fat, NS as to icing",Cookies and brownies,345,2.77,61.58,38.73,11.1,9.68,2.766,3.432,2.581,0
53205250,"Cookie, butterscotch, brownie",Cookies and brownies,405,4.8,63.9,36.61,2.1,16.3,4.235,8.965,2.259,17
53205260,"Cookie, bar, with chocolate",Cookies and brownies,492,5.1,65.36,32.9,2.0,24.72,8.091,6.272,8.417,0
53206000,"Cookie, chocolate chip",Cookies and brownies,492,5.1,65.36,32.9,2.0,24.72,8.091,6.272,8.417,0
53206020,"Cookie, chocolate chip, made from home recipe or purchased at a bakery",Cookies and brownies,505,5.83,59.24,41.21,2.5,28.96,12.009,6.303,6.853,64
53206030,"Cookie, chocolate chip, reduced fat",Cookies and brownies,451,5.97,67.49,32.84,3.0,17.91,5.962,5.422,5.641,0
53206100,"Cookie, chocolate chip sandwich",Cookies and brownies,425,2.94,63.52,38.24,0.0,17.65,5.882,4.504,6.393,0
53206500,"Cookie, chocolate, made with rice cereal",Cookies and brownies,440,3.23,63.26,40.32,1.6,19.35,11.29,3.966,3.013,0
53206550,"Cookie, chocolate, made with oatmeal and coconut, no bake",Cookies and brownies,450,6.2,68.7,24.66,2.8,18.1,4.519,10.025,2.543,0
53207000,"Cookie, chocolate or fudge",Cookies and brownies,433,6.6,72.7,37.43,3.4,14.2,4.241,4.865,4.153,2
53208000,"Cookie, marshmallow, chocolate-covered",Cookies and brownies,421,4.0,67.7,44.8,2.0,16.9,4.722,9.345,1.943,0
53208200,"Cookie, marshmallow pie, chocolate covered",Cookies and brownies,421,4.0,67.7,44.8,2.0,16.9,4.722,9.345,1.943,0
53209005,"Cookie, chocolate, with icing or coating",Cookies and brownies,507,4.5,67.87,32.0,2.3,24.2,16.5,2.6,3.6,0
53209010,"Cookie, sugar wafer, chocolate-covered",Cookies and brownies,526,3.45,65.99,51.72,3.4,27.59,17.241,4.866,4.176,0
53209015,"Cookie, chocolate sandwich",Cookies and brownies,464,5.21,71.0,40.67,2.9,19.14,5.649,9.278,3.561,0
53209020,"Cookie, chocolate sandwich, reduced fat",Cookies and brownies,436,2.94,76.17,41.18,2.9,13.24,2.941,4.66,3.425,0
53209100,"Cookie, chocolate, sandwich, with extra filling",Cookies and brownies,497,4.33,68.2,46.0,2.7,24.52,5.454,16.076,2.471,0
53209500,"Cookie, chocolate and vanilla sandwich",Cookies and brownies,464,5.21,71.0,40.67,2.9,19.14,5.649,9.278,3.561,0
53210000,"Cookie, chocolate wafer",Cookies and brownies,433,6.6,72.7,37.43,3.4,14.2,4.241,4.865,4.153,2
53210900,"Cookie, graham cracker with chocolate and marshmallow",Cookies and brownies,465,6.36,68.97,43.87,2.8,18.57,9.964,4.486,2.455,12
53211000,"Cookie bar, with chocolate, nuts, and graham crackers",Cookies and brownies,492,5.1,65.36,32.9,2.0,24.72,8.091,6.272,8.417,0
53215500,"Cookie, coconut",Cookies and brownies,460,3.02,61.22,45.16,5.1,22.55,20.099,1.61,0.81,0
53220000,"Cookie, fruit-filled bar",Cookies and brownies,348,3.7,70.9,46.36,4.6,7.3,1.123,3.003,2.772,0
53220030,"Cookie, fig bar",Cookies and brownies,348,3.7,70.9,46.36,4.6,7.3,1.123,3.003,2.772,0
53222010,"Cookie, fortune",Cookies and brownies,378,4.2,84.0,45.42,1.6,2.7,0.669,1.345,0.466,2
53222020,"Cookie, cone shell, ice cream type, wafer or cake",Cookies and brownies,417,8.1,79.0,6.0,3.0,6.9,1.222,1.845,3.264,0
53223000,"Cookie, gingersnaps",Cookies and brownies,416,5.6,76.9,19.92,2.2,9.8,2.451,5.365,1.372,0
53223100,"Cookie, granola",Cookies and brownies,464,9.8,66.7,27.52,3.1,17.6,12.69,1.933,1.634,0
53224000,"Cookie, ladyfinger",Cookies and brownies,365,10.6,59.7,25.39,1.0,9.1,3.069,3.754,1.422,221
53224250,"Cookie, lemon bar",Cookies and brownies,437,5.13,62.65,42.07,0.8,18.94,3.753,8.688,5.443,75
53225000,"Cookie, macaroon",Cookies and brownies,460,3.02,61.22,45.16,5.1,22.55,20.099,1.61,0.81,0
53226000,"Cookie, marshmallow, with coconut",Cookies and brownies,421,4.0,67.7,44.8,2.0,16.9,4.722,9.345,1.943,0
53226500,"Cookie, marshmallow, with rice cereal, no bake",Cookies and brownies,417,3.4,80.5,19.36,0.0,9.0,1.4,2.5,5.1,0
53226550,"Cookie, marshmallow, with rice cereal and chocolate chips",Cookies and brownies,435,4.55,63.26,40.91,0.0,18.18,11.364,4.207,1.773,0
53226600,"Cookie, marshmallow and peanut butter, with oat cereal, no bake",Cookies and brownies,417,3.4,80.5,19.36,0.0,9.0,1.4,2.5,5.1,0
53228000,"Cookie, meringue",Cookies and brownies,350,5.66,81.3,80.58,0.0,0.26,0.0,0.0,0.0,0
53230000,"Cookie, molasses",Cookies and brownies,430,5.6,73.8,17.6,1.0,12.8,3.212,7.13,1.729,0
53231000,"Cookie, Lebkuchen",Cookies and brownies,430,5.6,73.8,17.6,1.0,12.8,3.212,7.13,1.729,0
53231400,"Cookie, multigrain, high fiber",Cookies and brownies,464,9.8,66.7,27.52,3.1,17.6,12.69,1.933,1.634,0
53233000,"Cookie, oatmeal",Cookies and brownies,450,6.2,68.7,24.66,2.8,18.1,4.519,10.025,2.543,0
53233010,"Cookie, oatmeal, with raisins",Cookies and brownies,450,6.2,68.7,24.66,2.8,18.1,4.519,10.025,2.543,0
53233040,"Cookie, oatmeal, reduced fat, NS as to raisins",Cookies and brownies,365,4.02,64.62,32.14,16.1,10.04,4.09,3.332,2.269,20
53233050,"Cookie, oatmeal sandwich, with creme filling",Cookies and brownies,398,2.61,55.62,31.36,2.6,18.29,5.226,4.53,7.434,0
53233060,"Cookie, oatmeal, with chocolate chips",Cookies and brownies,457,5.72,67.56,31.74,3.5,20.92,7.659,10.011,2.169,0
53233080,"Cookie, oatmeal sandwich, with peanut butter and jelly filling",Cookies and brownies,398,2.61,55.62,31.36,2.6,18.29,5.226,4.53,7.434,0
53233100,"Cookie, oatmeal, with chocolate and peanut butter, no bake",Cookies and brownies,450,6.2,68.7,24.66,2.8,18.1,4.519,10.025,2.543,0
53234000,"Cookie, peanut butter",Cookies and brownies,473,8.92,58.15,28.58,2.1,23.82,6.751,10.8,3.61,27
53234100,"Cookie, peanut butter, with chocolate",Cookies and brownies,475,7.8,59.51,34.73,3.0,25.29,9.361,10.602,2.983,21
53234250,"Cookie, peanut butter with rice cereal, no bake",Cookies and brownies,417,3.4,80.5,19.36,0.0,9.0,1.4,2.5,5.1,0
53235000,"Cookie, peanut butter sandwich",Cookies and brownies,478,8.8,65.6,35.44,1.9,21.1,4.995,11.191,3.795,0
53235500,"Cookie, with peanut butter filling, chocolate-coated",Cookies and brownies,562,8.1,52.9,30.9,3.5,35.3,19.2,8.4,6.3,0
53235600,"Cookie, Pfeffernusse",Cookies and brownies,514,5.37,63.78,21.65,1.3,26.22,8.105,6.708,8.326,0
53236000,"Cookie, Pizzelle",Cookies and brownies,417,8.1,79.0,6.0,3.0,6.9,1.222,1.845,3.264,0
53236100,"Cookie, pumpkin",Cookies and brownies,450,6.2,68.7,24.66,2.8,18.1,4.519,10.025,2.543,0
53237000,"Cookie, raisin",Cookies and brownies,401,4.1,68.0,47.56,1.2,13.6,3.46,7.649,1.756,2
53237010,"Cookie, raisin sandwich, cream-filled",Cookies and brownies,398,2.61,55.62,31.36,2.6,18.29,5.226,4.53,7.434,0
53237500,"Cookie, rum ball, no bake",Cookies and brownies,514,5.37,63.78,21.65,1.3,26.22,8.105,6.708,8.326,0
53238000,"Cookie, sandwich-type, not chocolate or vanilla",Cookies and brownies,483,4.5,72.1,39.3,1.5,20.0,2.979,8.437,7.551,0
53239000,"Cookie, shortbread",Cookies and brownies,514,5.37,63.78,21.65,1.3,26.22,8.105,6.708,8.326,0
53239010,"Cookie, shortbread, reduced fat",Cookies and brownies,451,5.37,75.99,21.65,1.3,14.0,4.694,3.13,6.057,0
53239050,"Cookie, shortbread, with icing or filling",Cookies and brownies,515,5.05,62.6,27.34,2.1,28.31,10.214,7.963,7.333,0
53239100,Pocky,Cookies and brownies,447,10.0,51.08,25.0,5.0,22.5,12.584,2.065,6.717,0
53240000,"Cookie, animal",Cookies and brownies,446,6.9,74.1,23.3,1.1,13.8,3.463,7.666,1.873,0
53240010,"Cookie, animal, with frosting or icing",Cookies and brownies,509,3.0,70.09,41.1,0.9,24.1,16.2,2.4,4.5,0
53241500,"Cookie, butter or sugar",Cookies and brownies,464,5.35,67.34,27.31,1.3,19.55,7.666,6.971,3.746,12
53241510,Marie biscuit,Cookies and brownies,406,7.05,70.54,21.16,3.5,10.58,5.291,2.694,1.67,0
53241600,"Cookie, butter or sugar, with fruit and/or nuts",Cookies and brownies,470,6.52,65.01,23.97,1.6,21.11,9.321,5.237,5.136,93
53242000,"Cookie, sugar wafer",Cookies and brownies,502,3.84,70.64,42.95,1.6,23.24,11.899,7.697,2.651,0
53242500,"Cookie, toffee bar",Cookies and brownies,492,5.1,65.36,32.9,2.0,24.72,8.091,6.272,8.417,0
53243000,"Cookie, vanilla sandwich",Cookies and brownies,483,4.5,72.1,39.3,1.5,20.0,2.979,8.437,7.551,0
53243010,"Cookie, vanilla sandwich, extra filling",Cookies and brownies,497,4.33,68.2,46.0,2.7,24.52,5.454,16.076,2.471,0
53243050,"Cookie, vanilla sandwich, reduced fat",Cookies and brownies,423,4.17,78.16,37.5,2.1,10.42,3.175,5.602,1.118,0
53244010,"Cookie, butter or sugar, with chocolate icing or filling",Cookies and brownies,503,4.1,68.83,33.8,1.9,23.5,14.8,2.7,5.1,1
53244020,"Cookie, butter or sugar, with icing or filling other than chocolate",Cookies and brownies,433,3.38,72.7,45.92,0.4,14.93,6.9,4.76,2.445,63
53246000,"Cookie, tea, Japanese",Cookies and brownies,378,4.2,84.0,45.42,1.6,2.7,0.669,1.345,0.466,2
53247000,"Cookie, vanilla wafer",Cookies and brownies,455,4.9,72.6,35.07,1.6,16.41,4.245,4.451,6.738,9
53247050,"Cookie, vanilla wafer, reduced fat",Cookies and brownies,441,5.0,73.6,37.5,1.9,15.2,3.838,6.544,3.887,51
53247500,"Cookie, vanilla with caramel, coconut, and chocolate coating",Cookies and brownies,489,3.5,64.1,35.8,4.4,25.8,17.7,2.8,3.7,2
53251100,"Cookie, rugelach",Cookies and brownies,348,3.7,70.9,46.36,4.6,7.3,1.123,3.003,2.772,0
53260030,"Cookie, chocolate chip, reduced sugar",Cookies and brownies,450,3.9,73.4,39.81,1.6,16.8,4.183,6.73,5.035,0
53260200,"Cookie, oatmeal, reduced sugar",Cookies and brownies,449,4.8,69.9,31.65,2.9,18.0,2.693,7.55,6.784,0
53260300,"Cookie, sandwich, reduced sugar",Cookies and brownies,461,4.5,68.0,19.73,4.1,22.1,3.992,9.207,7.919,0
53260400,"Cookie, sugar or plain, sugar free",Cookies and brownies,523,10.34,50.52,0.0,3.4,31.03,8.621,7.735,11.486,17
53260500,"Cookie, sugar wafer, sugar free",Cookies and brownies,531,3.57,66.26,0.0,14.3,28.57,4.257,12.137,10.748,0
53260600,"Cookie, peanut butter, sugar free",Cookies and brownies,523,10.34,50.52,0.0,3.4,31.03,8.621,7.735,11.486,17
53261000,"Cookie, gluten free",Cookies and brownies,474,2.19,76.03,49.0,2.5,17.89,7.905,6.142,1.807,0
53270100,"Cookies, Puerto Rican style",Cookies and brownies,506,6.32,67.94,23.31,1.6,23.2,8.82,10.095,2.734,21
53300100,"Pie, NFS",Cakes and pies,296,2.7,37.55,15.92,1.8,15.28,5.34,6.417,2.028,7
53300200,"Tart, all types",Cakes and pies,316,3.0,42.6,21.4,2.6,16.1,2.457,7.449,5.376,0
53301000,"Pie, apple",Cakes and pies,296,2.7,37.55,15.92,1.8,15.28,5.34,6.417,2.028,7
53301070,"Pie, apple, fast food",Cakes and pies,316,3.0,42.6,21.4,2.6,16.1,2.457,7.449,5.376,0
53303500,"Pie, berry",Cakes and pies,306,3.16,39.53,16.49,3.6,15.43,5.343,6.435,2.132,7
53304000,"Pie, blueberry",Cakes and pies,300,2.82,37.95,15.49,2.5,15.52,5.36,6.457,2.147,7
53305000,"Pie, cherry",Cakes and pies,311,2.95,40.93,19.53,1.9,15.3,5.348,6.43,2.037,7
53305700,"Pie, lemon",Cakes and pies,280,2.41,31.48,18.42,0.7,16.16,7.363,5.462,1.142,26
53305800,"Pie, key lime",Cakes and pies,322,5.78,42.16,35.88,0.3,14.92,7.594,4.997,0.639,39
53307000,"Pie, peach",Cakes and pies,296,2.83,37.11,15.69,1.9,15.28,5.341,6.425,2.039,7
53312000,"Pie, strawberry",Cakes and pies,289,2.88,44.22,22.59,2.2,11.6,3.718,5.443,1.492,0
53341000,"Pie, banana cream",Cakes and pies,284,2.42,32.35,19.13,0.7,16.17,7.367,5.463,1.145,26
53342000,"Pie, chocolate cream",Cakes and pies,291,2.75,32.51,19.28,0.7,16.71,7.524,5.776,1.153,26
53343000,"Pie, coconut cream",Cakes and pies,297,2.55,31.96,18.66,1.1,17.83,8.847,5.533,1.159,26
53344000,"Pie, custard",Cakes and pies,210,5.5,20.8,11.58,1.6,11.6,2.349,4.797,3.723,33
53344300,Dessert pizza,Cakes and pies,204,1.84,32.38,15.75,1.7,7.53,1.845,4.598,0.535,3
53346000,"Pie, peanut butter cream",Cakes and pies,421,5.92,33.09,21.71,1.1,30.13,12.618,10.862,2.98,51
53346500,"Pie, pineapple cream",Cakes and pies,274,2.36,31.18,18.64,0.7,15.57,7.06,5.311,1.092,25
53347000,"Pie, pumpkin",Cakes and pies,249,4.76,36.34,24.55,1.7,9.78,4.107,3.776,0.967,47
53360000,"Pie, sweet potato",Cakes and pies,269,4.96,41.08,25.16,1.3,9.75,4.069,3.765,0.992,47
53365000,"Pie, vanilla cream",Cakes and pies,286,2.46,32.33,19.19,0.7,16.34,7.413,5.576,1.145,26
53381000,"Pie, lemon meringue",Cakes and pies,294,4.53,43.69,26.43,1.1,11.34,3.649,5.132,1.517,79
53385000,"Pie, pecan",Cakes and pies,449,6.02,49.46,31.01,1.9,25.25,6.376,11.525,4.949,89
53385500,"Pie, oatmeal",Cakes and pies,396,6.14,56.92,32.08,2.2,16.02,5.827,6.317,1.941,93
53391000,Pie shell,Cakes and pies,508,6.5,56.24,4.23,3.3,28.59,9.277,13.562,3.568,0
53391100,"Pie shell, graham cracker",Cakes and pies,501,5.1,64.3,18.13,1.9,24.83,4.999,16.928,1.671,0
53410100,"Cobbler, apple",Cakes and pies,217,2.05,33.56,16.87,1.6,8.66,2.785,4.066,1.078,0
53410300,"Cobbler, berry",Cakes and pies,231,2.66,36.2,17.63,4.0,8.86,2.789,4.089,1.216,0
53410500,"Cobbler, cherry",Cakes and pies,237,2.37,38.07,21.68,1.8,8.69,2.796,4.083,1.09,0
53410800,"Cobbler, peach",Cakes and pies,217,2.22,32.98,16.57,1.7,8.66,2.788,4.077,1.092,0
53415100,"Crisp, apple",Cakes and pies,215,2.81,30.18,15.82,2.7,9.59,4.772,2.081,0.718,23
53415110,"Fritter, plain","Doughnuts, sweet rolls, pastries",378,6.56,27.46,2.06,0.9,26.93,5.577,10.274,8.586,67
53415120,"Fritter, fruit","Doughnuts, sweet rolls, pastries",403,6.3,37.29,12.44,1.2,25.59,5.292,9.737,8.147,63
53415300,"Crisp, berry",Cakes and pies,228,3.41,32.81,16.59,5.0,9.78,4.777,2.104,0.856,23
53415400,"Crisp, cherry",Cakes and pies,234,3.13,34.67,20.63,2.8,9.61,4.783,2.098,0.731,23
53415500,"Crisp, peach",Cakes and pies,214,2.98,29.6,15.52,2.7,9.59,4.775,2.092,0.733,23
53420000,"Cream puff, eclair, custard or cream filled, NS as to icing","Doughnuts, sweet rolls, pastries",280,4.2,11.05,2.38,0.3,24.39,13.333,5.272,1.242,135
53420100,"Cream puff, eclair, custard or cream filled, not iced","Doughnuts, sweet rolls, pastries",264,4.76,12.92,2.24,0.4,21.52,11.517,4.741,1.158,144
53420200,"Cream puff, eclair, custard or cream filled, iced","Doughnuts, sweet rolls, pastries",334,4.41,37.43,22.05,0.9,18.52,7.055,6.07,4.173,66
53420210,"Cream puff, eclair, custard or cream filled, iced, reduced fat","Doughnuts, sweet rolls, pastries",242,3.48,41.93,33.42,1.0,7.24,1.293,2.876,2.39,50
53420250,"Cream puff, no filling or icing","Doughnuts, sweet rolls, pastries",360,9.0,22.8,0.25,0.8,25.9,5.599,11.128,7.38,171
53420400,"Sopaipilla, without syrup or honey","Doughnuts, sweet rolls, pastries",367,5.79,41.46,0.14,1.4,20.18,4.928,8.036,5.67,0
53420410,Sopaipilla with syrup or honey,"Doughnuts, sweet rolls, pastries",361,4.38,51.7,20.88,1.1,16.25,3.976,6.489,4.567,0
53430100,"Crepe, chocolate filled","Pancakes, waffles, French toast",170,4.87,22.92,12.25,0.2,6.52,1.847,3.072,0.892,63
53430200,"Crepe, fruit filled","Pancakes, waffles, French toast",188,4.57,26.55,15.98,1.2,7.12,1.778,2.939,1.783,74
53430700,"Tamale, sweet","Doughnuts, sweet rolls, pastries",259,2.22,35.61,15.44,2.3,12.57,3.029,5.02,3.692,0
53440000,"Strudel, apple",Cakes and pies,281,1.96,37.18,21.1,0.8,14.08,7.604,2.823,0.501,39
53440300,"Strudel, berry",Cakes and pies,291,2.43,39.23,21.7,2.7,14.24,7.607,2.841,0.608,39
53440500,"Strudel, cherry",Cakes and pies,296,2.22,40.68,24.84,1.0,14.1,7.612,2.836,0.51,39
53440600,"Strudel, cheese",Cakes and pies,358,5.85,39.14,19.41,0.4,19.81,11.044,4.188,0.694,60
53440700,"Strudel, peach",Cakes and pies,281,2.09,36.73,20.87,0.9,14.08,7.606,2.831,0.512,39
53441110,Baklava,Cakes and pies,440,6.58,37.55,12.8,2.5,29.34,10.926,8.791,5.135,48
53441210,Basbousa,Cakes and pies,282,4.81,43.76,29.79,0.8,9.94,2.43,4.176,2.464,3
53450000,"Turnover, fruit",Cakes and pies,316,3.0,42.6,21.4,2.6,16.1,2.457,7.449,5.376,0
53452100,"Pastry, fruit-filled","Doughnuts, sweet rolls, pastries",400,4.76,54.43,25.92,4.0,19.61,3.825,8.689,5.643,18
53452120,"Pastry, made with bean or lotus seed paste filling, baked","Doughnuts, sweet rolls, pastries",340,6.99,68.1,36.49,2.7,4.45,0.841,1.036,1.847,49
53452130,"Pastry, made with bean paste and salted egg yolk filling, baked","Doughnuts, sweet rolls, pastries",339,8.59,56.98,30.54,2.2,8.61,2.327,2.861,2.256,226
53452150,"Pastry, Chinese, made with rice flour","Doughnuts, sweet rolls, pastries",242,2.78,45.05,19.09,0.5,6.0,0.892,1.869,2.885,0
53452170,"Pastry, cookie type, fried","Doughnuts, sweet rolls, pastries",397,5.97,35.48,12.88,1.0,25.7,7.131,9.024,6.559,104
53452200,"Pastry, Italian, with cheese","Doughnuts, sweet rolls, pastries",267,7.52,35.06,13.08,0.8,10.94,5.145,2.715,1.989,38
53452400,"Pastry, puff","Doughnuts, sweet rolls, pastries",558,7.4,45.7,0.75,1.5,38.5,5.502,8.828,22.228,0
53452420,"Pastry, puff, custard or cream filled, iced or not iced","Doughnuts, sweet rolls, pastries",410,5.68,30.09,4.7,0.8,29.72,7.665,6.691,12.857,39
53452450,Cheese pastry puffs,"Doughnuts, sweet rolls, pastries",265,9.3,13.4,0.2,0.4,19.54,5.87,7.706,4.252,121
53452500,"Pastry, mainly flour and water, fried","Doughnuts, sweet rolls, pastries",434,7.75,59.25,15.68,3.7,18.11,4.164,6.117,6.204,0
53453150,"Empanada, fruit",Cakes and pies,260,2.67,36.96,15.43,1.8,11.51,3.714,5.426,1.433,0
53500100,"Breakfast pastry, NFS","Doughnuts, sweet rolls, pastries",371,5.4,47.8,27.53,1.9,18.5,4.86,10.026,2.364,114
53510000,"Danish pastry, plain or spice","Doughnuts, sweet rolls, pastries",403,7.0,44.6,19.78,1.3,22.4,5.681,12.515,2.933,21
53510100,"Danish pastry, with fruit","Doughnuts, sweet rolls, pastries",371,5.4,47.8,27.53,1.9,18.5,4.86,10.026,2.364,114
53511000,"Danish pastry, with cheese","Doughnuts, sweet rolls, pastries",374,8.0,37.2,6.95,1.0,21.9,6.794,11.313,2.575,23
53520000,"Doughnut, NFS","Doughnuts, sweet rolls, pastries",426,5.52,49.52,23.51,1.8,22.86,9.852,7.567,3.601,20
53520100,"Doughnut, cake type, plain","Doughnuts, sweet rolls, pastries",434,5.31,47.06,18.15,1.7,24.93,11.105,8.544,3.915,10
53520120,"Doughnut, chocolate","Doughnuts, sweet rolls, pastries",417,5.2,51.95,26.05,3.7,22.44,9.276,7.542,4.491,7
53520130,"Doughnut, cake type, powdered sugar","Doughnuts, sweet rolls, pastries",431,4.9,51.12,24.28,1.6,23.01,10.251,7.887,3.614,9
53520135,"Doughnut, cake type, with icing","Doughnuts, sweet rolls, pastries",431,4.25,51.23,27.14,1.4,23.19,9.479,7.807,4.722,8
53520140,"Doughnut, cake type, chocolate icing","Doughnuts, sweet rolls, pastries",427,4.47,50.29,26.06,1.5,23.46,9.989,8.639,3.577,8
53520160,"Doughnut, chocolate, with chocolate icing","Doughnuts, sweet rolls, pastries",413,5.42,51.01,24.97,3.9,22.72,9.787,8.374,3.346,7
53520170,Doughnut holes,"Doughnuts, sweet rolls, pastries",426,5.52,49.52,23.51,1.8,22.86,9.852,7.567,3.601,20
53520200,Churros,"Doughnuts, sweet rolls, pastries",419,6.05,48.87,23.38,2.6,22.21,9.247,7.09,3.509,29
53520510,Beignet,"Doughnuts, sweet rolls, pastries",417,5.46,53.69,31.09,1.9,20.18,8.403,6.443,3.189,27
53521110,"Doughnut, yeast type","Doughnuts, sweet rolls, pastries",421,6.14,47.93,22.75,2.1,22.7,9.453,7.248,3.588,30
53521130,"Doughnut, yeast type, with chocolate icing","Doughnuts, sweet rolls, pastries",416,5.13,50.98,29.74,1.9,21.68,8.668,7.602,3.316,24
53521140,"Doughnut, jelly","Doughnuts, sweet rolls, pastries",390,4.94,52.33,28.44,1.9,18.16,7.563,5.799,2.871,24
53521210,"Doughnut, custard-filled","Doughnuts, sweet rolls, pastries",363,5.2,42.86,21.59,1.7,18.92,7.766,6.256,2.888,24
53521230,"Doughnut, custard-filled, with icing","Doughnuts, sweet rolls, pastries",368,4.52,46.25,27.61,1.6,18.7,7.392,6.716,2.778,20
53530000,Breakfast tart,"Doughnuts, sweet rolls, pastries",385,4.01,71.83,31.0,1.8,9.02,3.091,2.186,3.36,0
53530010,"Breakfast tart, lowfat","Doughnuts, sweet rolls, pastries",372,3.99,76.8,4.87,1.5,5.99,1.393,3.338,0.878,0
53610100,"Coffee cake, crumb or quick-bread type","Doughnuts, sweet rolls, pastries",396,6.49,51.29,26.6,1.4,18.44,6.884,3.407,5.035,63
53610170,"Coffee cake, crumb or quick-bread type, with fruit","Doughnuts, sweet rolls, pastries",322,4.2,50.17,33.82,1.2,11.8,4.379,2.166,3.209,40
53610200,"Coffee cake, crumb or quick-bread type, cheese-filled","Doughnuts, sweet rolls, pastries",365,6.8,45.07,22.86,1.2,17.55,7.006,3.327,4.379,61
53710400,Cereal or granola bar (General Mills Fiber One Chewy Bar),Cereal bars,389,5.0,69.82,25.0,22.5,10.0,3.397,3.522,2.334,0
53710500,Cereal or granola bar (Kellogg's Nutri-Grain Cereal Bar),Cereal bars,365,4.22,67.61,28.98,3.0,8.67,1.442,1.989,4.544,0
53710502,Cereal or granola bar (Kellogg's Nutri-Grain Yogurt Bar),Cereal bars,365,4.22,67.61,28.98,3.0,8.67,1.442,1.989,4.544,0
53710504,Cereal or granola bar (Kellogg's Nutri-Grain Fruit and Nut Bar),Cereal bars,403,9.38,66.72,32.45,7.5,10.93,1.93,5.705,2.581,0
53710600,Milk 'n Cereal bar,Cereal bars,413,6.47,72.05,45.97,0.4,10.98,9.114,1.186,0.239,6
53710700,Cereal or granola bar (Kellogg's Special K bar),Cereal bars,409,9.09,72.73,31.8,1.8,9.09,0.0,6.567,2.049,0
53710800,Cereal or granola bar (Kashi Chewy),Nutrition bars,390,16.67,63.42,42.31,7.7,7.69,3.227,2.558,1.228,6
53710802,Cereal or granola bar (Kashi Crunchy),Nutrition bars,429,18.57,53.26,17.14,11.4,15.71,1.213,9.486,4.181,0
53710810,Cereal or granola bar (KIND Fruit and Nut Bar),Cereal bars,502,13.89,43.74,22.56,5.8,32.28,3.826,18.916,7.092,0
53710900,Cereal or granola bar (General Mills Nature Valley Chewy Trail Mix),Cereal bars,415,5.71,72.27,42.86,3.8,11.43,1.435,4.585,4.028,0
53710902,"Cereal or granola bar, with yogurt coating (General Mills Nature Valley Chewy Granola Bar)",Cereal bars,423,5.71,74.29,40.0,4.4,11.43,1.372,6.372,3.476,0
53710904,Cereal or granola bar (General Mills Nature Valley Sweet and Salty Granola Bar),Cereal bars,487,9.14,61.14,33.14,2.9,22.86,6.857,9.083,5.141,0
53710906,Cereal or granola bar (General Mills Nature Valley Crunchy Granola Bar),Cereal bars,471,10.1,64.4,28.57,5.3,19.8,2.37,4.38,12.05,0
53711000,Cereal or granola bar (Quaker Chewy Granola Bar),Cereal bars,418,5.65,70.2,28.92,3.8,16.57,6.061,6.967,1.576,0
53711002,Cereal or granola bar (Quaker Chewy 90 Calorie Granola Bar),Cereal bars,408,4.17,79.17,29.17,4.2,8.33,2.083,2.945,1.929,0
53711004,Cereal or granola bar (Quaker Chewy 25% Less Sugar Granola Bar),Cereal bars,412,5.55,69.4,20.8,3.1,12.5,5.008,5.303,1.44,0
53711006,Cereal or granola bar (Quaker Chewy Dipps Granola Bar),Cereal bars,480,7.52,64.96,37.61,3.2,20.42,8.693,3.499,7.051,0
53711100,Cereal or granola bar (Quaker Granola Bites),Cereal bars,451,7.17,66.27,30.0,5.7,17.5,9.888,3.194,2.546,0
53712000,"Snack bar, oatmeal",Cereal bars,389,6.67,75.47,31.54,4.6,6.67,1.299,1.531,2.559,36
53712100,"Cereal or Granola bar, NFS",Cereal bars,471,10.1,64.4,28.57,5.3,19.8,2.37,4.38,12.05,0
53712200,"Cereal or granola bar, lowfat, NFS",Cereal bars,408,4.17,79.17,29.17,4.2,8.33,2.083,2.945,1.929,0
53712210,"Cereal or granola bar, nonfat",Cereal bars,342,5.9,77.6,45.24,7.4,0.9,0.2,0.24,0.35,0
53713000,"Cereal or granola bar, reduced sugar, NFS",Cereal bars,412,5.55,69.4,20.8,3.1,12.5,5.008,5.303,1.44,0
53713010,"Cereal or granola bar, fruit and nut",Cereal bars,502,13.89,43.74,22.56,5.8,32.28,3.826,18.916,7.092,0
53713100,"Cereal or granola bar, peanuts , oats, sugar, wheat germ",Cereal bars,471,10.1,64.4,28.57,5.3,19.8,2.37,4.38,12.05,0
53714200,"Cereal or granola bar, chocolate coated, NFS",Cereal bars,480,7.52,64.96,37.61,3.2,20.42,8.693,3.499,7.051,0
53714210,"Cereal or granola bar, with coconut, chocolate coated",Cereal bars,531,5.2,55.2,34.27,6.2,32.2,22.72,4.97,3.1,0
53714220,"Cereal or granola bar with nuts, chocolate coated",Cereal bars,536,9.6,54.1,23.63,3.8,31.2,17.065,6.561,1.906,12
53714230,"Cereal or granola bar, oats, nuts, coated with non-chocolate coating",Cereal bars,455,8.6,60.13,34.0,4.3,20.0,5.668,9.491,3.643,0
53714250,"Cereal or granola bar, coated with non-chocolate coating",Cereal bars,508,10.2,53.4,23.74,2.8,31.1,17.01,6.54,1.9,12
53714300,"Cereal or granola bar, high fiber, coated with non-chocolate yogurt coating",Cereal bars,389,5.0,69.82,25.0,22.5,10.0,3.397,3.522,2.334,0
53714400,"Cereal or granola bar, with rice cereal",Cereal bars,417,3.4,80.5,19.36,0.0,9.0,1.4,2.5,5.1,0
53714500,"Breakfast bar, NFS",Cereal bars,376,4.4,72.8,35.1,2.1,7.5,1.5,5.0,0.9,0
53714510,"Breakfast bar, date, with yogurt coating",Cereal bars,348,3.7,70.9,46.36,4.6,7.3,1.123,3.003,2.772,0
53714520,"Breakfast bar, cereal crust with fruit filling, lowfat",Cereal bars,376,4.4,72.8,35.1,2.1,7.5,1.5,5.0,0.9,0
53720100,Nutrition bar (Balance Original Bar),Nutrition bars,415,28.0,48.73,34.89,3.1,12.0,1.149,8.115,1.969,1
53720200,Nutrition bar (Clif Bar),Nutrition bars,346,14.71,65.44,31.62,7.4,5.88,1.471,1.093,2.182,0
53720210,Nutrition bar (Clif Kids Organic Zbar),Nutrition bars,416,5.55,74.72,30.56,8.3,9.72,2.721,2.447,3.319,0
53720300,Nutrition bar (PowerBar),Nutrition bars,363,14.15,69.63,30.07,5.7,3.11,1.32,1.05,0.589,0
53720400,Nutrition bar (Slim Fast Original Meal Bar),Nutrition bars,386,16.19,60.21,25.0,5.1,8.92,5.36,2.428,1.132,7
53720500,Nutrition bar (Snickers Marathon Protein Bar),Nutrition bars,415,25.0,50.5,28.75,12.5,12.5,6.25,2.645,2.892,6
53720600,Nutrition bar (South Beach Living Meal Bar),Nutrition bars,386,16.19,60.21,25.0,5.1,8.92,5.36,2.428,1.132,7
53720610,Nutrition bar (South Beach Living High Protein Bar),Nutrition bars,412,30.34,38.4,15.17,7.3,15.17,3.384,4.29,5.326,3
53720700,Nutrition bar (Tiger's Milk),Nutrition bars,387,16.8,56.46,36.4,2.3,14.29,2.073,7.907,3.678,2
53720800,Nutrition bar (Zone Perfect Classic Crunch),Nutrition bars,426,30.0,45.0,27.0,2.0,14.0,4.499,3.828,4.804,8
53729000,"Nutrition bar or meal replacement bar, NFS",Nutrition bars,386,22.36,55.22,29.31,4.7,9.94,2.985,2.46,3.493,4
53800000,"Baby Toddler snack, NFS",Baby food: snacks and sweets,359,7.34,83.4,18.18,3.4,3.29,0.322,1.128,0.704,1
53801000,Baby Toddler bar,Baby food: snacks and sweets,344,5.43,68.63,42.0,1.7,5.3,0.453,3.107,1.541,1
53803100,Baby Toddler cookie,Baby food: snacks and sweets,420,9.88,69.79,24.55,3.0,11.24,1.581,6.274,2.214,10
53803300,Baby Toddler biscuit,Baby food: snacks and sweets,395,11.37,80.53,15.6,1.5,2.97,0.381,1.808,0.579,2
54001000,"Crackers, NFS","Crackers, excludes saltines",510,6.64,61.3,8.18,2.3,26.43,5.562,6.553,13.137,0
54102010,Graham crackers,Cookies and brownies,430,6.69,77.66,24.85,3.4,10.6,1.633,2.509,5.388,0
54102015,Graham crackers (Teddy Grahams),Cookies and brownies,430,6.69,77.66,24.85,3.4,10.6,1.633,2.509,5.388,0
54102020,"Graham crackers, chocolate covered",Cookies and brownies,500,4.0,66.78,37.3,2.2,25.8,17.2,2.7,4.9,1
54102050,"Crackers, oatmeal","Crackers, excludes saltines",455,7.3,70.73,15.48,6.9,16.4,3.21,3.47,8.474,0
54102060,"Crackers, Cuban",Cookies and brownies,430,5.6,73.8,17.6,1.0,12.8,3.212,7.13,1.729,0
54102100,"Graham crackers, reduced fat",Cookies and brownies,386,5.71,77.96,22.86,5.7,5.71,0.0,1.718,3.367,0
54102200,"Graham crackers, sandwich, with filling",Cookies and brownies,483,4.5,72.1,39.3,1.5,20.0,2.979,8.437,7.551,0
54103000,"Crackers, breakfast biscuit","Crackers, excludes saltines",427,7.12,70.99,22.83,7.3,15.07,2.235,5.321,6.273,0
54200100,"Crackers, butter, reduced sodium","Crackers, excludes saltines",443,8.8,68.6,0.37,10.5,17.2,3.393,5.88,6.596,0
54201010,"Crackers, matzo, reduced sodium","Crackers, excludes saltines",395,10.0,83.7,0.29,3.0,1.4,0.226,0.127,0.603,0
54202020,"Crackers, saltine, reduced sodium",Saltine crackers,416,9.39,73.48,2.19,2.9,8.75,1.978,2.221,4.021,0
54204020,"Crackers, wheat, reduced sodium","Crackers, excludes saltines",443,8.8,68.6,0.37,10.5,17.2,3.393,5.88,6.596,0
54204030,"Crackers, woven wheat, reduced sodium","Crackers, excludes saltines",443,8.8,68.6,0.37,10.5,17.2,3.393,5.88,6.596,0
54301010,"Crackers, butter, plain","Crackers, excludes saltines",510,6.64,61.3,8.18,2.3,26.43,5.562,6.553,13.137,0
54301020,"Crackers, butter, flavored","Crackers, excludes saltines",510,6.64,61.3,8.18,2.3,26.43,5.562,6.553,13.137,0
54301030,"Crackers, butter (Ritz)","Crackers, excludes saltines",510,6.64,61.3,8.18,2.3,26.43,5.562,6.553,13.137,0
54301100,"Crackers, butter, reduced fat","Crackers, excludes saltines",444,9.34,71.52,15.01,3.4,13.37,2.112,3.295,7.055,0
54304000,"Crackers, cheese","Crackers, excludes saltines",489,10.93,59.42,4.53,2.3,22.74,5.288,5.744,10.09,3
54304005,"Crackers, cheese (Cheez-It)","Crackers, excludes saltines",489,10.93,59.42,4.53,2.3,22.74,5.288,5.744,10.09,3
54304020,"Crackers, cheese (Goldfish)","Crackers, excludes saltines",489,10.93,59.42,4.53,2.3,22.74,5.288,5.744,10.09,3
54304100,"Crackers, cheese, reduced fat","Crackers, excludes saltines",418,10.0,68.19,0.0,3.3,11.67,3.333,2.121,5.273,0
54304110,"Crackers, cheese, reduced sodium","Crackers, excludes saltines",503,10.1,58.2,0.28,2.4,25.3,9.638,11.852,2.457,13
54304150,"Crackers, cheese, whole grain","Crackers, excludes saltines",412,9.62,57.29,0.0,6.4,16.03,3.206,8.015,3.206,16
54305010,"Crackers, crispbread","Crackers, excludes saltines",366,7.9,82.2,1.07,16.5,1.3,0.145,0.165,0.557,0
54305020,"Crackers, flatbread","Crackers, excludes saltines",412,9.85,75.23,2.92,10.2,8.25,0.744,5.504,1.344,0
54307000,"Crackers, matzo","Crackers, excludes saltines",395,10.0,83.7,0.29,3.0,1.4,0.226,0.127,0.603,0
54308000,"Crackers, milk","Crackers, excludes saltines",446,7.6,71.73,10.32,3.4,13.77,2.912,5.485,4.867,11
54313000,"Crackers, oyster",Saltine crackers,418,9.46,74.05,1.29,2.8,8.64,1.653,1.986,4.835,0
54318000,"Chips, rice","Tortilla, corn, other chips",384,8.2,81.5,0.6,4.2,2.8,0.642,1.03,0.98,0
54318500,Rice cake,"Crackers, excludes saltines",392,7.1,81.1,0.88,4.2,4.3,0.875,1.582,1.52,0
54319000,"Crackers, rice","Crackers, excludes saltines",416,10.0,82.64,0.0,0.0,5.0,0.0,3.021,1.641,0
54319005,"Crackers, rice and nuts","Crackers, excludes saltines",430,10.78,77.41,0.37,0.8,8.85,0.345,5.405,2.589,0
54319020,Popcorn cake,"Crackers, excludes saltines",384,9.7,80.1,0.72,2.9,3.1,0.48,0.92,1.35,0
54319500,Rice paper,"Crackers, excludes saltines",323,5.91,72.26,0.27,0.5,1.11,0.328,0.376,0.322,0
54325000,"Crackers, saltine",Saltine crackers,418,9.46,74.05,1.29,2.8,8.64,1.653,1.986,4.835,0
54325010,"Crackers, saltine, reduced fat",Saltine crackers,393,10.5,82.3,0.38,2.7,1.6,0.244,0.142,0.685,0
54325060,"Crackers, saltine, multigrain",Saltine crackers,398,7.14,68.25,0.0,6.7,10.71,0.0,2.793,7.229,0
54326000,"Crackers, multigrain","Crackers, excludes saltines",482,7.1,67.6,12.0,3.5,20.4,3.3,5.0,11.8,0
54328000,"Crackers, sandwich","Crackers, excludes saltines",494,11.47,58.38,10.5,2.3,24.54,4.803,13.468,4.551,0
54328100,"Crackers, sandwich, peanut butter filled","Crackers, excludes saltines",494,11.47,58.38,10.5,2.3,24.54,4.803,13.468,4.551,0
54328105,"Crackers, sandwich, peanut butter filled (Ritz)","Crackers, excludes saltines",482,7.5,57.14,10.0,2.5,25.0,5.06,10.8,7.45,0
54328110,"Crackers, sandwich, reduced fat, peanut butter filled","Crackers, excludes saltines",437,8.33,63.49,11.11,2.8,16.67,2.778,5.556,6.944,0
54328120,"Crackers, whole grain, sandwich, peanut butter filled","Crackers, excludes saltines",465,14.12,54.59,9.41,9.4,21.18,4.525,9.779,4.497,0
54328200,"Crackers, sandwich, cheese filled","Crackers, excludes saltines",477,9.3,61.7,3.18,1.9,21.1,6.125,11.254,2.567,2
54328210,"Crackers, sandwich, cheese filled (Ritz)","Crackers, excludes saltines",479,7.66,56.05,9.92,2.5,25.09,5.271,10.814,7.323,1
54336000,"Crackers, water","Crackers, excludes saltines",384,7.14,72.81,0.0,7.1,7.14,0.0,4.043,2.457,0
54336100,"Crackers, wonton","Crackers, excludes saltines",521,10.33,51.9,0.25,1.9,31.72,4.931,7.617,16.949,0
54337010,"Crackers, woven wheat","Crackers, excludes saltines",441,8.94,70.14,8.34,8.6,15.26,2.636,3.359,7.709,0
54337020,"Crackers, woven wheat, plain (Triscuit)","Crackers, excludes saltines",441,8.94,70.14,8.34,8.6,15.26,2.636,3.359,7.709,0
54337030,"Crackers, woven wheat, flavored (Triscuit)","Crackers, excludes saltines",441,8.94,70.14,8.34,8.6,15.26,2.636,3.359,7.709,0
54337060,"Crackers, woven wheat, reduced fat","Crackers, excludes saltines",416,11.34,75.52,1.22,10.9,7.59,1.067,1.609,3.568,0
54338000,"Crackers, wheat","Crackers, excludes saltines",441,8.94,70.14,8.34,8.6,15.26,2.636,3.359,7.709,0
54338010,"Crackers, wheat, plain (Wheat Thins)","Crackers, excludes saltines",441,8.94,70.14,8.34,8.6,15.26,2.636,3.359,7.709,0
54338020,"Crackers, wheat, flavored (Wheat Thins)","Crackers, excludes saltines",441,8.94,70.14,8.34,8.6,15.26,2.636,3.359,7.709,0
54338100,"Crackers, wheat, reduced fat","Crackers, excludes saltines",444,9.34,71.52,15.01,3.4,13.37,2.112,3.295,7.055,0
54340100,"Crackers, gluten free, plain","Crackers, excludes saltines",453,11.25,66.3,0.86,10.2,15.84,2.069,7.004,5.981,0
54340110,"Crackers, gluten free, flavored","Crackers, excludes saltines",453,11.25,66.3,0.86,10.2,15.84,2.069,7.004,5.981,0
54350000,Baby Toddler crackers,Baby food: snacks and sweets,391,12.5,83.21,12.5,0.0,0.87,0.238,0.224,0.255,0
54350100,"Baby Toddler puffs, fruit",Baby food: snacks and sweets,344,6.19,85.79,17.84,3.8,2.3,0.143,0.306,0.527,0
54350200,"Baby Toddler puffs, vegetable",Baby food: snacks and sweets,344,6.19,85.79,17.84,3.8,2.3,0.143,0.306,0.527,0
54360000,Baby Toddler crunchies,Baby food: snacks and sweets,462,3.2,69.14,14.0,1.2,19.24,3.157,8.906,5.668,6
54360100,Baby Toddler wheels,Baby food: snacks and sweets,413,10.0,78.89,10.0,0.0,6.41,1.124,3.116,1.744,3
54401011,Corn nuts,"Tortilla, corn, other chips",446,8.5,71.86,0.61,6.9,15.64,2.43,9.46,3.05,0
54401021,"Corn chips, plain","Tortilla, corn, other chips",535,6.12,56.82,0.27,4.0,33.1,4.297,9.062,16.308,0
54401026,"Corn chips, flavored","Tortilla, corn, other chips",543,6.11,56.7,0.27,4.0,34.02,4.421,9.318,16.799,0
54401031,"Corn chips, plain (Fritos)","Tortilla, corn, other chips",539,6.17,57.27,0.27,4.0,33.36,4.331,9.134,16.438,0
54401035,"Corn chips, flavored (Fritos)","Tortilla, corn, other chips",536,6.14,56.98,0.27,4.0,33.19,4.309,9.089,16.356,0
54401055,Cheese flavored corn snacks,"Tortilla, corn, other chips",567,5.46,54.54,3.57,0.8,36.54,3.749,10.052,17.934,7
54401065,"Cheese flavored corn snacks, reduced fat","Tortilla, corn, other chips",432,8.5,72.35,7.29,3.6,12.1,2.1,3.5,5.74,1
54401075,"Tortilla chips, plain","Tortilla, corn, other chips",472,7.1,67.78,0.78,5.4,20.68,2.811,5.664,10.769,0
54401081,Cheese flavored corn snacks (Cheetos),"Tortilla, corn, other chips",567,5.46,54.54,3.57,0.8,36.54,3.749,10.052,17.934,7
54401085,"Tortilla chips, flavored","Tortilla, corn, other chips",519,7.36,60.81,2.59,5.1,27.42,3.876,9.089,12.257,0
54401090,"Corn chips, reduced sodium","Tortilla, corn, other chips",549,6.84,56.75,0.41,3.9,33.63,4.454,9.281,17.065,0
54401110,"Tortilla chips, nacho cheese flavor (Doritos)","Tortilla, corn, other chips",519,7.36,60.81,2.59,5.1,27.42,3.876,9.089,12.257,0
54401111,"Tortilla chips, cool ranch flavor (Doritos)","Tortilla, corn, other chips",470,7.06,67.44,0.78,5.4,20.58,2.797,5.636,10.715,0
54401112,"Tortilla chips, other flavors (Doritos)","Tortilla, corn, other chips",519,7.36,60.81,2.59,5.1,27.42,3.876,9.089,12.257,0
54401121,"Tortilla chips, reduced fat, plain","Tortilla, corn, other chips",411,10.86,79.07,0.84,5.2,5.63,0.839,1.639,2.833,0
54401122,"Tortilla chips, reduced fat, flavored","Tortilla, corn, other chips",411,10.86,79.07,0.84,5.2,5.63,0.839,1.639,2.833,0
54401170,"Tortilla chips, low fat, unsalted","Tortilla, corn, other chips",416,11.0,80.1,0.85,5.3,5.7,0.85,1.66,2.87,0
54402080,"Tortilla chips, reduced sodium","Tortilla, corn, other chips",489,9.35,68.08,0.72,4.5,19.84,2.732,5.566,10.374,0
54402200,Snack mix,Pretzels/snack mix,504,6.87,63.11,1.9,3.1,25.79,3.034,7.065,12.79,2
54402610,"Potato chips, restructured, multigrain",Potato chips,505,5.3,65.34,4.08,2.7,24.74,6.307,4.285,10.614,0
54402700,Pita chips,"Crackers, excludes saltines",457,11.79,68.26,4.76,3.8,15.2,1.342,10.842,2.13,0
54403001,"Popcorn, NFS",Popcorn,518,9.13,54.99,0.61,10.2,30.57,14.304,6.777,7.417,0
54403005,"Popcorn, movie theater, with added butter",Popcorn,656,4.96,31.65,0.29,5.4,58.78,35.476,11.656,8.451,52
54403006,"Popcorn, movie theater, no butter added",Popcorn,603,6.18,39.87,0.37,6.9,48.7,28.908,7.36,9.705,0
54403010,"Popcorn, air-popped, no butter added",Popcorn,385,12.89,77.47,0.87,14.4,4.52,0.634,0.946,2.309,0
54403040,"Popcorn, air-popped, with added butter",Popcorn,430,11.02,65.75,0.79,12.2,15.29,5.48,3.817,3.765,21
54403045,"Popcorn, popped in oil, no butter added",Popcorn,498,8.96,57.87,0.54,10.0,27.99,5.03,8.257,13.466,0
54403046,"Popcorn, popped in oil, with added butter",Popcorn,525,7.69,49.13,0.51,8.4,35.19,9.207,10.017,13.226,21
54403051,"Popcorn, microwave, NFS",Popcorn,518,9.13,54.99,0.61,10.2,30.57,14.304,6.777,7.417,0
54403052,"Popcorn, microwave, plain",Popcorn,518,9.13,54.99,0.61,10.2,30.57,14.304,6.777,7.417,0
54403053,"Popcorn, microwave, plain, light",Popcorn,409,11.92,71.68,0.8,13.4,10.07,2.509,2.705,4.007,0
54403054,"Popcorn, microwave, low sodium",Popcorn,496,8.93,57.64,0.54,9.9,27.88,5.01,8.224,13.413,0
54403056,"Popcorn, microwave, butter flavored",Popcorn,518,9.13,54.99,0.61,10.2,30.57,14.304,6.777,7.417,0
54403057,"Popcorn, microwave, flavored, light",Popcorn,406,11.84,71.18,0.8,13.3,10.0,2.492,2.686,3.979,0
54403058,"Popcorn, microwave, cheese flavored",Popcorn,516,9.1,54.77,0.61,10.2,30.44,14.247,6.75,7.387,0
54403059,"Popcorn, microwave, kettle",Popcorn,504,9.35,58.01,2.2,10.5,27.5,4.595,7.553,13.515,0
54403080,"Popcorn, ready-to-eat, NFS",Popcorn,530,8.88,53.38,0.6,10.0,32.53,4.378,8.799,17.15,0
54403081,"Popcorn, ready-to-eat, plain",Popcorn,482,10.19,61.24,0.68,11.4,23.26,3.139,6.201,12.239,0
54403082,"Popcorn, ready-to-eat, plain, light",Popcorn,437,11.33,68.08,0.76,12.7,14.92,2.024,3.862,7.817,0
54403083,"Popcorn, ready-to-eat, low sodium",Popcorn,486,10.27,61.73,0.69,11.5,23.44,3.164,6.25,12.336,0
54403085,"Popcorn, ready-to-eat, butter flavored",Popcorn,530,8.88,53.38,0.6,10.0,32.53,4.378,8.799,17.15,0
54403087,"Popcorn, ready-to-eat, cheese flavored",Popcorn,526,9.3,51.6,0.79,9.9,33.2,6.41,9.7,15.37,11
54403088,"Popcorn, ready-to-eat, flavored, light",Popcorn,435,11.28,67.78,0.76,12.6,14.85,2.015,3.845,7.783,0
54403089,"Popcorn, ready-to-eat, kettle",Popcorn,531,5.48,61.01,28.52,6.1,30.22,4.05,8.216,15.903,0
54403110,"Popcorn, caramel coated",Popcorn,428,3.77,78.47,52.77,5.2,12.7,3.581,2.857,4.444,0
54403120,"Popcorn, caramel coated, with nuts",Popcorn,397,6.35,80.06,45.0,3.8,7.74,1.032,2.708,3.244,0
54403160,"Popcorn, chocolate coated",Popcorn,407,5.34,76.37,47.66,8.3,12.79,4.024,3.025,4.044,0
54404000,"Popcorn chips, plain","Tortilla, corn, other chips",438,10.19,74.18,0.79,4.9,11.19,1.579,3.175,5.785,0
54404010,"Popcorn chips, other flavors","Tortilla, corn, other chips",438,10.19,74.18,0.79,4.9,11.19,1.579,3.175,5.785,0
54404020,"Popcorn chips, sweet flavors","Tortilla, corn, other chips",455,8.75,74.59,11.59,4.2,13.51,1.875,3.798,7.015,0
54406010,Onion flavored rings,"Tortilla, corn, other chips",499,7.7,65.1,4.83,3.9,22.6,4.34,13.36,3.14,0
54406200,Shrimp chips,"Tortilla, corn, other chips",426,7.14,59.09,21.43,5.6,17.86,5.357,7.997,3.971,2
54408000,"Pretzels, NFS",Pretzels/snack mix,384,10.04,80.39,2.21,3.4,2.93,0.391,0.727,1.291,0
54408015,"Pretzels, hard, NFS",Pretzels/snack mix,384,10.04,80.39,2.21,3.4,2.93,0.391,0.727,1.291,0
54408016,"Pretzels, hard, plain, salted",Pretzels/snack mix,384,10.04,80.39,2.21,3.4,2.93,0.391,0.727,1.291,0
54408017,"Pretzels, hard, plain, lightly salted",Pretzels/snack mix,382,9.57,79.8,2.21,3.1,3.22,0.57,1.044,1.256,0
54408030,"Pretzels, hard, plain, unsalted",Pretzels/snack mix,381,9.1,79.2,2.21,2.8,3.5,0.75,1.36,1.22,0
54408035,"Pretzels, hard, flavored",Pretzels/snack mix,388,9.92,79.44,2.18,3.4,3.88,0.518,1.137,1.655,0
54408070,"Pretzels, hard, multigrain",Pretzels/snack mix,381,10.15,80.08,2.17,4.2,2.96,0.396,0.725,1.309,0
54408081,"Pretzels, hard, plain, gluten free",Pretzels/snack mix,389,3.52,78.62,4.22,3.3,6.67,3.307,2.406,0.63,0
54408082,"Pretzels, hard, flavored, gluten free",Pretzels/snack mix,393,3.48,77.69,4.17,3.3,7.58,3.4,2.796,1.002,0
54408105,"Pretzel chips, hard, plain",Pretzels/snack mix,375,9.8,78.43,2.16,3.3,2.86,0.381,0.709,1.26,0
54408110,"Pretzel chips, hard, flavored",Pretzels/snack mix,370,9.68,77.52,2.13,3.3,2.82,0.377,0.701,1.245,0
54408115,"Pretzel chips, hard, gluten free",Pretzels/snack mix,380,3.43,76.7,4.12,3.2,6.51,3.226,2.347,0.615,0
54408190,"Pretzels, hard, coated, NFS",Pretzels/snack mix,467,7.05,70.07,38.8,3.5,17.64,8.611,3.293,2.82,0
54408200,"Pretzels, hard, chocolate coated",Pretzels/snack mix,467,7.05,70.07,38.8,3.5,17.64,8.611,3.293,2.82,0
54408210,"Pretzels, hard, white chocolate coated",Pretzels/snack mix,445,5.94,74.7,44.09,1.2,14.19,8.001,4.15,0.886,8
54408250,"Pretzels, hard, yogurt coated",Pretzels/snack mix,438,5.94,76.56,45.42,1.1,12.17,9.863,0.748,0.692,0
54408260,"Pretzels, hard, coated, gluten free",Pretzels/snack mix,451,3.76,75.06,45.25,1.4,15.57,9.088,4.601,0.657,8
54408290,"Pretzels, hard, filled, NFS",Pretzels/snack mix,463,9.85,66.5,17.6,3.6,16.92,9.656,3.806,1.354,5
54408300,"Pretzels, hard, cheese filled",Pretzels/snack mix,463,9.85,66.5,17.6,3.6,16.92,9.656,3.806,1.354,5
54408310,"Pretzels, hard, peanut butter filled",Pretzels/snack mix,454,14.04,60.79,4.95,3.9,19.0,3.688,9.095,5.019,0
54408400,"Pretzels, soft, NFS",Pretzels/snack mix,345,8.01,69.38,0.24,1.7,4.0,1.283,1.326,0.962,2
54408405,"Pretzels, soft, ready-to-eat, NFS",Pretzels/snack mix,345,8.01,69.38,0.24,1.7,4.0,1.283,1.326,0.962,2
54408410,"Pretzels, soft, ready-to-eat, salted, buttered",Pretzels/snack mix,345,8.01,69.38,0.24,1.7,4.0,1.283,1.326,0.962,2
54408411,"Pretzels, soft, ready-to-eat, unsalted, buttered",Pretzels/snack mix,350,8.12,70.34,0.25,1.7,4.05,1.301,1.345,0.975,3
54408415,"Pretzels, soft, ready-to-eat, salted, no butter",Pretzels/snack mix,340,8.09,70.06,0.25,1.7,3.06,0.685,1.056,0.935,0
54408416,"Pretzels, soft, ready-to-eat, unsalted, no butter",Pretzels/snack mix,345,8.2,71.04,0.25,1.7,3.1,0.695,1.071,0.948,0
54408420,"Pretzels, soft, ready-to-eat, cinnamon sugar coated",Pretzels/snack mix,374,6.22,73.99,19.74,2.1,6.14,2.851,1.886,0.851,10
54408422,"Pretzels, soft, ready-to-eat, coated or flavored",Pretzels/snack mix,365,7.89,66.02,0.23,1.6,7.75,3.661,2.386,1.062,13
54408430,"Pretzels, soft, ready-to-eat, topped with meat",Pretzels/snack mix,349,11.48,53.36,0.49,1.3,9.93,3.804,3.708,1.483,20
54408432,"Pretzels, soft, ready-to-eat, topped with cheese",Pretzels/snack mix,339,10.22,62.35,0.45,1.5,5.36,2.13,1.538,0.921,8
54408450,"Pretzels, soft, from frozen, NFS",Pretzels/snack mix,345,8.01,69.38,0.24,1.7,4.0,1.283,1.326,0.962,2
54408455,"Pretzels, soft, from frozen, salted",Pretzels/snack mix,340,8.09,70.06,0.25,1.7,3.06,0.685,1.056,0.935,0
54408456,"Pretzels, soft, from frozen, unsalted",Pretzels/snack mix,345,8.2,71.04,0.25,1.7,3.1,0.695,1.071,0.948,0
54408460,"Pretzels, soft, from frozen, cinnamon sugar coated",Pretzels/snack mix,374,6.22,73.99,19.74,2.1,6.14,2.851,1.886,0.851,10
54408462,"Pretzels, soft, from frozen, coated or flavored",Pretzels/snack mix,365,7.89,66.02,0.23,1.6,7.75,3.661,2.386,1.062,13
54408465,"Pretzels, soft, from frozen, topped with meat",Pretzels/snack mix,349,11.48,53.36,0.49,1.3,9.93,3.804,3.708,1.483,20
54408466,"Pretzels, soft, from frozen, topped with cheese",Pretzels/snack mix,339,10.22,62.35,0.45,1.5,5.36,2.13,1.538,0.921,8
54408470,"Pretzels, soft, filled with cheese",Pretzels/snack mix,339,10.22,62.35,0.45,1.5,5.36,2.13,1.538,0.921,8
54408475,"Pretzels, soft, from school lunch",Pretzels/snack mix,339,8.55,70.73,0.26,3.7,3.16,0.692,1.05,1.008,0
54408480,"Pretzels, soft, multigrain",Pretzels/snack mix,337,8.49,70.26,0.26,3.6,3.13,0.687,1.043,1.002,0
54408485,"Pretzels, soft, gluten free",Pretzels/snack mix,297,4.03,57.27,3.77,4.0,5.74,1.792,2.148,0.556,0
54408486,"Pretzels, soft, gluten free, cinnamon sugar coated",Pretzels/snack mix,339,3.1,63.75,22.41,3.8,8.14,3.681,2.699,0.558,10
54408487,"Pretzels, soft, gluten free, coated or flavored",Pretzels/snack mix,326,4.1,54.15,3.56,3.7,10.37,4.758,3.442,0.71,13
54420210,Multigrain chips (Sun Chips),"Tortilla, corn, other chips",491,7.95,67.26,7.2,8.8,21.11,2.166,11.501,6.513,0
54420220,"Snack mix, plain (Chex Mix)",Pretzels/snack mix,417,8.74,72.2,7.98,4.6,10.34,1.912,3.244,4.265,1
54440010,Bagel chips,"Crackers, excludes saltines",451,12.34,66.36,6.02,4.1,15.14,6.835,6.05,2.085,0
54440020,Cracker chips,"Tortilla, corn, other chips",491,7.95,67.26,7.2,8.8,21.11,2.166,11.501,6.513,0
55100005,"Pancakes, NFS","Pancakes, waffles, French toast",282,7.41,35.32,7.05,2.1,12.07,3.007,4.302,3.515,66
55100010,"Pancakes, plain, frozen","Pancakes, waffles, French toast",233,5.23,37.75,8.32,1.0,6.83,1.162,1.554,3.831,18
55100020,"Pancakes, fruit, frozen","Pancakes, waffles, French toast",224,4.99,36.47,8.33,1.1,6.52,1.107,1.481,3.653,17
55100025,"Pancakes, chocolate, frozen","Pancakes, waffles, French toast",248,5.35,38.83,10.48,1.1,7.97,2.029,1.836,3.708,18
55100030,"Pancakes, whole grain, frozen","Pancakes, waffles, French toast",232,5.54,38.55,8.08,2.3,6.75,1.146,1.526,3.782,17
55100050,"Pancakes, plain, fast food / restaurant","Pancakes, waffles, French toast",307,7.16,34.14,6.81,2.1,15.48,3.416,5.775,4.863,64
55100055,"Pancakes, fruit, fast food / restaurant","Pancakes, waffles, French toast",253,5.71,29.82,7.49,2.3,12.28,2.686,4.542,3.876,50
55100060,"Pancakes, chocolate, fast food / restaurant","Pancakes, waffles, French toast",360,7.46,40.02,15.66,2.4,18.68,6.437,6.216,4.329,58
55100065,"Pancakes, whole grain, fast food / restaurant","Pancakes, waffles, French toast",299,7.59,31.76,6.65,3.1,15.8,3.423,5.849,4.83,66
55100080,"Pancakes, school","Pancakes, waffles, French toast",231,6.26,40.43,7.53,5.2,6.57,1.109,1.462,3.669,16
55101000,"Pancakes, plain","Pancakes, waffles, French toast",282,7.41,35.32,7.05,2.1,12.07,3.007,4.302,3.515,66
55101015,"Pancakes, plain, reduced fat","Pancakes, waffles, French toast",264,7.57,36.1,7.2,2.2,9.74,2.726,3.297,2.596,68
55103000,"Pancakes, fruit","Pancakes, waffles, French toast",232,5.86,30.63,7.7,2.4,9.54,2.349,3.364,2.803,52
55103020,"Pancakes, pumpkin","Pancakes, waffles, French toast",241,6.37,30.95,6.51,2.3,10.08,2.527,3.581,2.923,55
55103100,"Pancakes, chocolate","Pancakes, waffles, French toast",341,7.68,41.18,16.11,2.4,15.94,6.185,5.005,3.194,60
55105200,"Pancakes, whole grain","Pancakes, waffles, French toast",273,7.86,32.9,6.89,3.2,12.29,3.001,4.331,3.438,69
55105205,"Pancakes, whole grain, reduced fat","Pancakes, waffles, French toast",256,8.04,33.65,7.05,3.3,9.89,2.711,3.294,2.486,70
55106000,"Pancakes, gluten free","Pancakes, waffles, French toast",215,3.31,40.32,4.06,1.5,4.55,0.48,2.376,1.241,12
55200010,"Waffle, NFS","Pancakes, waffles, French toast",309,7.42,48.39,4.41,2.6,9.49,2.275,5.292,1.502,13
55200020,"Waffle, plain, frozen","Pancakes, waffles, French toast",309,7.42,48.39,4.41,2.6,9.49,2.275,5.292,1.502,13
55200030,"Waffle, plain, reduced fat","Pancakes, waffles, French toast",292,9.72,46.75,3.68,1.5,7.35,1.836,2.431,1.995,47
55200040,"Waffle, fruit, frozen","Pancakes, waffles, French toast",296,7.07,46.58,4.61,2.6,9.05,2.164,5.032,1.441,12
55200050,"Waffle, chocolate, frozen","Pancakes, waffles, French toast",320,7.43,48.94,6.76,2.6,10.5,3.087,5.387,1.496,14
55200060,"Waffle, whole grain, frozen","Pancakes, waffles, French toast",289,6.78,46.7,4.08,4.1,8.39,1.347,2.797,3.278,0
55200070,"Waffle, whole grain, reduced fat","Pancakes, waffles, French toast",257,7.14,49.16,4.29,4.3,3.57,0.714,0.714,1.429,0
55200080,"Waffle, whole grain, fruit, frozen","Pancakes, waffles, French toast",278,6.48,45.06,4.28,4.0,8.02,1.285,2.668,3.135,0
55200100,"Waffle, plain, fast food / restaurant","Pancakes, waffles, French toast",428,8.16,38.92,7.77,2.4,26.36,5.058,10.274,8.888,73
55200110,"Waffle, chocolate, fast food / restaurant","Pancakes, waffles, French toast",480,8.59,46.1,18.04,2.7,28.86,8.396,10.273,7.808,67
55200120,"Waffle, fruit, fast food / restaurant","Pancakes, waffles, French toast",354,6.6,34.47,8.66,2.7,21.09,4.027,8.174,7.13,58
55200130,"Waffle, whole grain, fast food / restaurant","Pancakes, waffles, French toast",421,8.64,36.15,7.57,3.5,26.94,5.094,10.454,8.938,75
55200200,"Waffle, school","Pancakes, waffles, French toast",257,7.14,49.16,4.29,4.3,3.57,0.714,0.714,1.429,0
55201000,"Waffle, plain","Pancakes, waffles, French toast",373,8.7,41.5,8.28,2.5,18.82,4.152,7.02,5.912,78
55203000,"Waffle, fruit","Pancakes, waffles, French toast",307,6.94,36.25,9.11,2.8,14.92,3.265,5.52,4.711,61
55203600,"Waffle, chocolate","Pancakes, waffles, French toast",437,9.07,48.64,19.04,2.9,22.7,7.824,7.555,5.262,71
55203700,"Waffle, cinnamon","Pancakes, waffles, French toast",373,8.7,41.67,8.27,2.7,18.78,4.144,7.005,5.898,78
55205000,"Waffle, whole grain","Pancakes, waffles, French toast",364,9.23,38.61,8.09,3.8,19.21,4.162,7.111,5.872,80
55208000,"Waffle, gluten free","Pancakes, waffles, French toast",263,2.72,43.05,1.73,1.4,8.84,0.781,4.456,2.375,0
55300010,"French toast, NFS","Pancakes, waffles, French toast",273,10.36,32.34,10.08,1.2,11.38,3.252,3.751,3.173,177
55300020,"French toast, frozen","Pancakes, waffles, French toast",183,7.24,29.89,9.01,1.1,3.82,1.201,1.025,1.19,67
55300050,"French toast, fast food / restaurant","Pancakes, waffles, French toast",310,9.84,35.71,10.08,1.3,14.3,4.754,4.304,3.57,145
55300060,"French toast, school","Pancakes, waffles, French toast",162,9.15,22.65,3.46,2.9,3.8,1.086,1.016,1.129,76
55301000,"French toast, plain","Pancakes, waffles, French toast",273,10.36,32.34,10.08,1.2,11.38,3.252,3.751,3.173,177
55301015,"French toast, whole grain","Pancakes, waffles, French toast",271,11.34,30.44,10.01,2.7,11.57,3.202,3.719,3.021,177
55301025,"French toast, gluten free","Pancakes, waffles, French toast",264,7.79,30.62,9.17,2.2,12.21,3.33,4.398,2.496,177
55301031,French toast sticks,"Pancakes, waffles, French toast",278,7.52,40.62,12.86,1.3,9.18,1.684,3.306,3.39,20
55301040,"French toast sticks, fast food / restaurant","Pancakes, waffles, French toast",400,7.06,48.48,11.64,1.6,20.87,4.693,11.179,3.019,0
55301048,"French toast sticks, school","Pancakes, waffles, French toast",162,9.15,22.65,3.46,2.9,3.8,1.086,1.016,1.129,76
55400010,"Crepe, NFS","Pancakes, waffles, French toast",224,8.85,22.02,4.48,0.6,11.29,3.444,4.113,2.508,153
55401000,"Crepe, plain","Pancakes, waffles, French toast",224,8.85,22.02,4.48,0.6,11.29,3.444,4.113,2.508,153
55501000,Chinese pancake,"Pancakes, waffles, French toast",207,4.05,45.38,0.07,0.7,0.38,0.102,0.117,0.1,0
55610300,"Dumpling, no meat","Biscuits, muffins, quick breads",125,3.45,20.49,1.23,0.7,3.37,0.959,1.159,0.819,2
55701000,Cake made with glutinous rice,Rice mixed dishes,279,2.49,53.57,31.12,0.7,6.51,5.48,0.379,0.17,0
55702000,Idli,Rice mixed dishes,128,6.36,24.98,1.85,5.8,0.35,0.056,0.09,0.142,0
55702100,"Dosa, plain","Pancakes, waffles, French toast",210,5.7,37.04,0.3,1.8,4.05,0.576,1.662,1.543,0
55703000,Cake made with glutinous rice and dried beans,Rice mixed dishes,185,7.76,36.09,1.47,3.4,0.6,0.075,0.121,0.155,0
55801000,Funnel cake with sugar,"Doughnuts, sweet rolls, pastries",353,7.87,43.49,15.87,1.0,16.57,3.125,6.44,5.51,64
55801010,Funnel cake with sugar and fruit,"Doughnuts, sweet rolls, pastries",380,5.84,55.18,21.26,0.9,15.7,2.763,6.217,5.408,47
56104000,"Pasta, vegetable, cooked","Pasta, noodles, cooked grains",128,4.52,26.55,1.15,4.3,0.11,0.016,0.012,0.044,0
56112000,"Noodles, cooked","Pasta, noodles, cooked grains",137,4.51,25.01,0.4,1.2,2.06,0.417,0.578,0.549,29
56113000,"Noodles, whole grain, cooked","Pasta, noodles, cooked grains",148,5.96,29.91,0.75,3.9,1.7,0.242,0.175,0.571,0
56116000,"Noodles, chow mein","Crackers, excludes saltines",521,10.33,51.9,0.25,1.9,31.72,4.931,7.617,16.949,0
56116990,"Long rice noodles, made from mung beans, cooked","Pasta, noodles, cooked grains",84,0.04,20.66,0.0,0.1,0.01,0.004,0.002,0.004,0
56117090,"Rice noodles, cooked","Pasta, noodles, cooked grains",107,1.78,23.87,0.03,1.0,0.2,0.023,0.026,0.023,0
56130000,"Pasta, cooked","Pasta, noodles, cooked grains",157,5.76,30.68,0.56,1.8,0.92,0.175,0.13,0.324,0
56132990,"Pasta, whole grain, cooked","Pasta, noodles, cooked grains",148,5.95,29.89,0.75,3.9,1.7,0.242,0.175,0.571,0
56140100,"Pasta, gluten free","Pasta, noodles, cooked grains",179,3.2,38.05,0.0,1.4,1.0,0.15,0.259,0.329,0
56200300,"Cereal, cooked, NFS",Grits and other cooked cereals,64,2.21,11.36,0.17,1.7,1.09,0.186,0.332,0.386,0
56200410,Barley,"Pasta, noodles, cooked grains",139,2.2,27.23,0.28,3.7,2.74,1.088,0.664,0.572,4
56200510,Buckwheat groats,"Pasta, noodles, cooked grains",118,3.24,18.99,0.87,2.6,3.97,1.585,1.068,0.712,6
56200990,"Grits, NFS",Grits and other cooked cereals,71,1.19,12.2,0.1,0.7,1.84,0.729,0.462,0.382,3
56201050,"Grits, regular or quick, made with water, NS as to fat",Grits and other cooked cereals,71,1.19,12.2,0.1,0.7,1.84,0.729,0.462,0.382,3
56201051,"Grits, regular or quick, made with water, no added fat",Grits and other cooked cereals,58,1.2,12.41,0.09,0.7,0.28,0.053,0.049,0.137,0
56201052,"Grits, regular or quick, made with water, fat added",Grits and other cooked cereals,71,1.19,12.2,0.1,0.7,1.84,0.729,0.462,0.382,3
56201090,"Grits, with cheese, NS as to fat",Grits and other cooked cereals,108,3.56,11.36,0.12,0.6,5.28,2.701,1.21,0.473,13
56201091,"Grits, with cheese, no added fat",Grits and other cooked cereals,97,3.6,11.54,0.12,0.7,3.92,2.119,0.847,0.252,11
56201092,"Grits, with cheese, fat added",Grits and other cooked cereals,108,3.56,11.36,0.12,0.6,5.28,2.701,1.21,0.473,13
56201210,"Grits, instant, made with water, no added fat",Grits and other cooked cereals,65,1.38,14.84,0.29,0.8,0.4,0.068,0.075,0.183,0
56201220,"Grits, instant, made with water, fat added",Grits and other cooked cereals,85,1.36,14.36,0.29,0.8,2.85,1.129,0.72,0.565,5
56201230,"Grits, instant, made with water, NS as to fat",Grits and other cooked cereals,85,1.36,14.36,0.29,0.8,2.85,1.129,0.72,0.565,5
56201515,"Cornmeal mush, NS as to fat",Grits and other cooked cereals,71,1.11,12.25,0.26,0.6,1.84,0.711,0.473,0.375,3
56201516,"Cornmeal mush, no added fat",Grits and other cooked cereals,58,1.12,12.47,0.25,0.6,0.28,0.035,0.061,0.13,0
56201517,"Cornmeal mush, fat added",Grits and other cooked cereals,71,1.11,12.25,0.26,0.6,1.84,0.711,0.473,0.375,3
56201600,"Masa harina, cooked",Grits and other cooked cereals,97,2.26,20.5,0.43,1.7,0.99,0.142,0.267,0.461,0
56202000,Millet,"Pasta, noodles, cooked grains",118,3.5,23.57,0.13,1.3,1.0,0.171,0.183,0.506,0
56202900,"Oatmeal, fast food, plain",Oatmeal,80,2.6,11.9,0.69,1.7,2.54,1.071,0.75,0.456,4
56202905,"Oatmeal, fast food, flavored",Oatmeal,110,2.4,20.34,9.95,1.6,2.33,0.982,0.687,0.418,4
56202960,"Oatmeal, NFS",Oatmeal,76,2.18,11.17,0.17,1.7,2.63,0.853,0.735,0.624,3
56203056,"Oatmeal, regular or quick, made with water, no added fat",Oatmeal,64,2.21,11.36,0.17,1.7,1.09,0.186,0.332,0.386,0
56203057,"Oatmeal, regular or quick, made with water, fat added",Oatmeal,76,2.18,11.17,0.17,1.7,2.63,0.853,0.735,0.624,3
56203066,"Oatmeal, regular or quick, made with milk, no added fat",Oatmeal,116,5.56,16.23,5.08,1.7,3.25,1.444,0.793,0.456,9
56203067,"Oatmeal, regular or quick, made with milk, fat added",Oatmeal,128,5.48,15.95,5.0,1.7,4.75,2.089,1.188,0.693,12
56203076,"Oatmeal, regular or quick, made with non-dairy milk, no added fat",Oatmeal,95,3.35,14.42,2.21,1.8,2.71,0.346,1.12,0.899,0
56203077,"Oatmeal, regular or quick, made with non-dairy milk, fat added",Oatmeal,107,3.31,14.18,2.18,1.8,4.21,1.01,1.509,1.128,3
56203086,"Oatmeal, instant, plain, made with water, no added fat",Oatmeal,68,2.26,13.15,0.28,1.9,1.3,0.255,0.44,0.479,0
56203087,"Oatmeal, instant, plain, made with water, fat added",Oatmeal,88,2.2,12.74,0.29,1.8,3.72,1.309,1.074,0.852,5
56203096,"Oatmeal, instant, plain, made with milk, no added fat",Oatmeal,111,4.96,17.07,4.24,1.9,3.04,1.267,0.811,0.536,7
56203097,"Oatmeal, instant, plain, made with milk, fat added",Oatmeal,129,4.81,16.52,4.11,1.8,5.4,2.288,1.433,0.907,12
56203106,"Oatmeal, instant, plain, made with non-dairy milk, no added fat",Oatmeal,94,3.18,15.62,1.93,2.0,2.6,0.384,1.074,0.892,0
56203107,"Oatmeal, instant, plain, made with non-dairy milk, fat added",Oatmeal,113,3.09,15.12,1.88,1.9,4.98,1.433,1.687,1.251,5
56203130,"Oatmeal, instant, maple flavored, no added fat",Oatmeal,102,2.44,20.23,7.99,1.9,1.25,0.205,0.378,0.422,0
56203135,"Oatmeal, instant, maple flavored, fat added",Oatmeal,119,2.38,19.64,7.76,1.8,3.45,1.167,0.957,0.763,4
56203155,"Oatmeal, instant, fruit flavored, no added fat",Oatmeal,100,2.34,20.09,8.32,1.9,1.19,0.196,0.36,0.404,0
56203160,"Oatmeal, instant, fruit flavored, fat added",Oatmeal,117,2.29,19.51,8.08,1.9,3.4,1.158,0.94,0.745,4
56203555,"Oatmeal, reduced sugar",Oatmeal,85,2.35,16.62,4.05,1.9,1.28,0.231,0.41,0.452,0
56203610,"Oatmeal, multigrain",Oatmeal,56,2.12,12.19,0.41,2.0,0.46,0.076,0.101,0.19,0
56204000,"Quinoa, NS as to fat","Pasta, noodles, cooked grains",146,4.2,20.22,0.84,2.7,5.42,1.774,1.449,1.591,7
56204005,"Quinoa, no added fat","Pasta, noodles, cooked grains",120,4.38,21.21,0.87,2.8,1.91,0.23,0.526,1.074,0
56204010,"Quinoa, fat added","Pasta, noodles, cooked grains",146,4.2,20.22,0.84,2.7,5.42,1.774,1.449,1.591,7
56205000,"Rice, cooked, NFS",Rice,129,2.67,27.99,0.05,0.4,0.28,0.077,0.087,0.076,0
56205001,"Rice, white, cooked, NS as to fat",Rice,129,2.67,27.99,0.05,0.4,0.28,0.077,0.087,0.076,0
56205002,"Rice, white, cooked, made with oil",Rice,151,2.6,27.19,0.05,0.4,3.12,0.455,1.293,1.169,0
56205004,"Rice, white, cooked, made with butter",Rice,147,2.62,27.2,0.06,0.4,2.61,1.375,0.567,0.145,7
56205006,"Rice, white, cooked, made with margarine",Rice,142,2.6,27.22,0.05,0.4,2.12,0.441,0.776,0.813,0
56205007,"Rice, white, cooked, fat added, NS as to fat type",Rice,148,2.6,27.2,0.05,0.4,2.77,0.728,0.972,0.79,2
56205008,"Rice, white, cooked, no added fat",Rice,129,2.67,27.99,0.05,0.4,0.28,0.077,0.087,0.076,0
56205011,"Rice, brown, cooked, NS as to fat",Rice,123,2.44,25.76,0.22,1.0,1.11,0.199,0.354,0.336,0
56205012,"Rice, brown, cooked, fat added, made with oil",Rice,141,2.38,25.16,0.22,1.0,3.41,0.505,1.332,1.222,0
56205014,"Rice, brown, cooked, made with butter",Rice,137,2.4,25.16,0.23,1.0,3.0,1.255,0.739,0.387,5
56205016,"Rice, brown, cooked, made with margarine",Rice,134,2.38,25.18,0.22,1.0,2.6,0.493,0.909,0.932,0
56205017,"Rice, brown, cooked, fat added, NS as to fat type",Rice,138,2.38,25.16,0.22,1.0,3.12,0.728,1.069,0.913,2
56205018,"Rice, brown, cooked, no added fat",Rice,123,2.43,25.76,0.22,1.0,1.11,0.199,0.354,0.336,0
56205050,Cream of rice,Grits and other cooked cereals,69,1.17,15.28,0.06,0.1,0.09,0.025,0.029,0.025,0
56205060,"Rice, cooked, with milk",Rice,144,5.13,25.01,4.91,0.3,2.31,1.293,0.509,0.115,9
56205070,"Rice, sweet, cooked with honey",Rice,139,2.52,31.12,4.89,0.4,0.26,0.072,0.082,0.071,0
56205101,Congee,Rice,39,0.8,8.4,0.02,0.1,0.08,0.023,0.026,0.023,0
56205130,"Yellow rice, cooked, NS as to fat",Rice,88,1.8,19.1,0.45,0.5,0.45,0.0,0.11,0.213,0
56205150,"Yellow rice, cooked, no added fat",Rice,88,1.8,19.1,0.45,0.5,0.45,0.0,0.11,0.213,0
56205170,"Yellow rice, cooked, fat added",Rice,103,1.76,18.7,0.44,0.4,2.43,0.375,1.068,0.809,0
56205190,"Rice, white, cooked, glutinous",Rice,96,2.01,20.97,0.05,1.0,0.19,0.039,0.07,0.069,0
56205205,"Rice, wild, 100%, cooked, NS as to fat",Rice,122,3.86,20.63,0.71,1.7,3.08,0.415,1.214,1.262,0
56205210,"Rice, wild, 100%, cooked, no added fat",Rice,100,3.97,21.21,0.73,1.8,0.34,0.049,0.05,0.212,0
56205215,"Rice, wild, 100%, cooked, fat added",Rice,122,3.86,20.63,0.71,1.7,3.08,0.415,1.214,1.262,0
56205300,"Rice, white and wild, cooked, no added fat",Rice,79,1.82,17.22,0.11,0.5,0.16,0.038,0.043,0.056,0
56205310,"Rice, brown and wild, cooked, no added fat",Rice,120,2.89,24.9,0.3,1.6,0.88,0.232,0.326,0.344,0
56205320,"Rice, white and wild, cooked, fat added",Rice,112,2.17,20.62,0.13,0.5,2.14,0.412,0.99,0.653,0
56205330,"Rice, white and wild, cooked, NS as to fat",Rice,112,2.17,20.62,0.13,0.5,2.14,0.412,0.99,0.653,0
56205340,"Rice, brown and wild, cooked, fat added",Rice,138,2.82,24.31,0.3,1.6,3.24,0.544,1.327,1.251,0
56205350,"Rice, brown and wild, cooked, NS as to fat",Rice,112,2.2,19.9,0.25,0.9,2.72,0.502,1.175,0.833,0
56205410,"Rice, white, cooked with fat, Puerto Rican style",Rice,200,2.84,31.9,0.05,0.5,6.3,0.879,2.642,2.39,0
56206990,"Cream of wheat, NFS",Grits and other cooked cereals,65,1.44,10.39,0.04,0.5,1.8,0.722,0.448,0.365,3
56207016,"Cream of wheat, regular or quick, made with water, no added fat",Grits and other cooked cereals,51,1.45,10.57,0.03,0.5,0.21,0.033,0.028,0.115,0
56207017,"Cream of wheat, regular or quick, made with water, fat added",Grits and other cooked cereals,65,1.44,10.39,0.04,0.5,1.8,0.722,0.448,0.365,3
56207030,"Cream of wheat, instant, made with water, no added fat",Grits and other cooked cereals,67,1.52,14.42,3.64,0.5,0.21,0.032,0.028,0.111,0
56207060,"Cream of wheat, instant, made with water, fat added",Grits and other cooked cereals,82,1.5,14.06,3.56,0.5,2.09,0.844,0.523,0.405,4
56207110,"Bulgur, no added fat","Pasta, noodles, cooked grains",83,3.06,18.48,0.1,4.5,0.24,0.042,0.031,0.097,0
56207120,"Bulgur, fat added","Pasta, noodles, cooked grains",121,2.9,17.31,0.12,4.2,5.07,2.13,1.305,0.856,9
56207130,"Bulgur, NS as to fat","Pasta, noodles, cooked grains",83,3.06,18.48,0.1,4.5,0.24,0.042,0.031,0.097,0
56207160,"Couscous, plain, cooked","Pasta, noodles, cooked grains",111,3.77,23.11,0.1,1.4,0.16,0.029,0.022,0.064,0
56207200,"Whole wheat cereal, cooked",Grits and other cooked cereals,47,1.55,10.39,0.06,1.3,0.28,0.041,0.039,0.139,0
56207370,"Wheat cereal, chocolate flavored, cooked",Grits and other cooked cereals,49,1.79,10.96,0.08,1.8,0.47,0.156,0.104,0.142,0
56208500,"Oat bran cereal, cooked",Grits and other cooked cereals,46,3.21,12.28,0.27,2.9,1.3,0.246,0.441,0.513,0
57100100,"Cereal, ready-to-eat, NFS","Ready-to-eat cereal, higher sugar (>21.2g/100g)",379,7.74,77.71,25.36,6.6,4.01,0.694,1.224,1.405,0
57103100,"Cereal, O's, flavored","Ready-to-eat cereal, higher sugar (>21.2g/100g)",385,8.62,75.99,32.35,7.6,5.37,0.793,1.919,1.758,0
57119000,"Cereal, crunch","Ready-to-eat cereal, higher sugar (>21.2g/100g)",398,4.31,82.08,42.75,2.7,5.53,1.512,1.608,1.853,0
57123000,"Cereal, O's, plain","Ready-to-eat cereal, lower sugar (=<21.2g/100g)",374,12.42,67.92,4.9,10.5,6.17,1.049,1.871,2.173,0
57124200,"Cereal, chocolate puffs","Ready-to-eat cereal, higher sugar (>21.2g/100g)",388,5.39,81.02,34.43,5.0,4.98,0.653,2.377,1.398,0
57125000,"Cereal, cinnamon toast","Ready-to-eat cereal, higher sugar (>21.2g/100g)",414,5.88,75.23,29.78,5.1,9.92,0.739,5.721,2.493,0
57126000,"Cereal, chocolate crispy","Ready-to-eat cereal, higher sugar (>21.2g/100g)",380,5.35,81.85,35.52,1.4,4.24,0.655,2.24,0.99,0
57132000,"Cereal, corn squares","Ready-to-eat cereal, lower sugar (=<21.2g/100g)",369,7.88,77.14,10.44,5.4,2.61,0.264,0.979,0.998,0
57134000,"Cereal, corn flakes, plain","Ready-to-eat cereal, lower sugar (=<21.2g/100g)",365,6.4,79.52,9.44,3.5,1.6,0.198,0.351,0.746,0
57137000,"Cereal, corn puffs","Ready-to-eat cereal, lower sugar (=<21.2g/100g)",371,7.74,77.82,12.24,7.3,2.57,0.259,0.962,0.981,0
57151000,"Cereal, rice crispy, plain","Ready-to-eat cereal, lower sugar (=<21.2g/100g)",358,6.96,79.81,9.85,0.4,1.21,0.343,0.395,0.349,0
57207000,"Cereal, bran flakes, plain","Ready-to-eat cereal, lower sugar (=<21.2g/100g)",361,9.65,75.03,15.27,20.5,2.42,0.191,0.699,0.587,0
57214000,"Cereal, shredded wheat, flavored","Ready-to-eat cereal, lower sugar (=<21.2g/100g)",367,9.52,78.92,20.0,10.3,1.41,0.123,0.069,0.328,0
57216000,"Cereal, rice crispy, flavored","Ready-to-eat cereal, higher sugar (>21.2g/100g)",372,4.95,86.01,39.21,0.3,0.92,0.231,0.266,0.239,0
57221700,"Cereal, fruit rings","Ready-to-eat cereal, higher sugar (>21.2g/100g)",383,5.14,82.24,31.64,5.4,3.23,0.787,0.843,1.133,0
57223000,"Cereal, fruit crispy","Ready-to-eat cereal, higher sugar (>21.2g/100g)",384,4.28,82.9,33.83,0.3,3.89,0.435,2.141,0.989,0
57227000,"Cereal, granola","Ready-to-eat cereal, higher sugar (>21.2g/100g)",420,9.82,67.35,22.24,7.4,13.01,1.335,6.738,3.686,0
57237100,"Cereal, oat bunches","Ready-to-eat cereal, lower sugar (=<21.2g/100g)",392,7.43,76.25,20.66,4.6,6.06,0.545,2.948,1.744,0
57240100,"Cereal, corn squares, flavored","Ready-to-eat cereal, higher sugar (>21.2g/100g)",380,5.58,80.74,25.94,4.7,3.32,0.281,1.495,1.048,0
57241000,"Cereal, O's, honey nut","Ready-to-eat cereal, higher sugar (>21.2g/100g)",385,8.62,75.99,32.35,7.6,5.37,0.793,1.919,1.758,0
57301600,"Cereal, multigrain","Ready-to-eat cereal, lower sugar (=<21.2g/100g)",373,11.64,73.96,20.14,14.6,3.59,0.46,1.236,1.12,0
57304100,"Cereal, oat squares","Ready-to-eat cereal, lower sugar (=<21.2g/100g)",379,10.4,73.27,20.52,8.0,5.22,0.878,1.567,1.82,0
57305150,"Cereal, frosted oats with marshmallows","Ready-to-eat cereal, higher sugar (>21.2g/100g)",372,8.17,76.61,33.72,6.1,4.07,0.68,1.211,1.402,0
57308400,"Cereal, O's, multigrain","Ready-to-eat cereal, lower sugar (=<21.2g/100g)",373,8.54,76.24,20.49,10.9,3.76,0.618,1.09,1.352,0
57329000,"Cereal, bran flakes, flavored","Ready-to-eat cereal, higher sugar (>21.2g/100g)",353,8.13,78.74,29.33,12.4,1.18,0.113,0.059,0.271,0
57336000,"Cereal, rice squares","Ready-to-eat cereal, lower sugar (=<21.2g/100g)",357,7.01,77.43,6.97,5.4,2.19,0.41,1.012,0.6,0
57344000,"Cereal, K's, plain","Ready-to-eat cereal, lower sugar (=<21.2g/100g)",356,19.04,68.01,13.01,3.2,1.58,0.252,0.279,0.512,0
57344010,"Cereal, K's, flavored","Ready-to-eat cereal, higher sugar (>21.2g/100g)",363,7.33,80.94,28.38,8.0,1.15,0.189,0.187,0.287,0
57347000,"Cereal, flavored puffs","Ready-to-eat cereal, higher sugar (>21.2g/100g)",380,5.66,83.81,37.12,2.2,2.16,0.183,0.777,0.647,0
57348000,"Cereal, corn flakes, flavored","Ready-to-eat cereal, higher sugar (>21.2g/100g)",375,4.77,84.68,32.53,2.6,1.27,0.148,0.262,0.555,0
57401100,"Cereal, O's, NFS","Ready-to-eat cereal, lower sugar (=<21.2g/100g)",379,10.52,71.96,18.63,9.1,5.77,0.921,1.895,1.965,0
57411000,"Cereal, wheat squares","Ready-to-eat cereal, lower sugar (=<21.2g/100g)",356,10.48,75.04,10.14,13.5,1.52,0.135,0.076,0.361,0
57412000,Wheat germ,Not included in a food category,382,29.1,49.6,7.8,15.1,10.7,1.83,1.5,6.62,0
57416000,"Cereal, plain puffs","Ready-to-eat cereal, lower sugar (=<21.2g/100g)",357,9.5,77.2,0.22,8.7,1.66,0.32,0.325,0.549,0
57417000,"Cereal, shredded wheat, plain","Ready-to-eat cereal, lower sugar (=<21.2g/100g)",358,11.88,73.85,0.27,13.0,1.68,0.153,0.086,0.409,0
57418000,"Cereal, wheat flakes","Ready-to-eat cereal, lower sugar (=<21.2g/100g)",359,10.06,76.27,14.0,10.4,1.47,0.13,0.073,0.346,0
57420100,"Cereal, other, NFS","Ready-to-eat cereal, higher sugar (>21.2g/100g)",381,6.88,78.46,25.35,4.8,4.44,0.64,1.836,1.366,0
57420110,"Cereal, other, plain","Ready-to-eat cereal, lower sugar (=<21.2g/100g)",370,9.41,73.72,7.17,7.0,3.89,0.624,1.111,1.46,0
57420120,"Cereal, other, fruit flavored","Ready-to-eat cereal, higher sugar (>21.2g/100g)",383,4.71,82.57,32.73,2.9,3.56,0.611,1.492,1.061,0
57420130,"Cereal, other, chocolate","Ready-to-eat cereal, higher sugar (>21.2g/100g)",384,5.37,81.44,34.97,3.2,4.61,0.654,2.308,1.194,0
57420140,"Cereal, other, peanut butter","Ready-to-eat cereal, higher sugar (>21.2g/100g)",422,7.34,73.05,31.09,5.0,11.1,1.19,6.027,3.014,0
57420150,"Cereal, other, honey","Ready-to-eat cereal, higher sugar (>21.2g/100g)",388,8.02,76.12,26.51,6.1,5.71,0.669,2.434,1.751,0
57420160,"Cereal, reduced sugar","Ready-to-eat cereal, lower sugar (=<21.2g/100g)",376,8.42,76.89,19.79,6.4,3.67,0.454,1.27,1.178,0
57601100,Wheat bran,Not included in a food category,216,15.55,64.51,0.41,42.8,4.25,0.63,0.637,2.212,0
57602100,"Oats, raw",Not included in a food category,379,13.15,67.7,0.99,10.1,6.52,1.11,1.98,2.3,0
57602500,"Cereal, oat bran, ready-to-eat",Not included in a food category,403,10.4,68.34,15.59,12.9,10.15,2.494,3.104,3.393,0
57801000,"Baby Toddler cereal, barley, dry",Baby food: cereals,376,13.2,69.4,13.2,6.6,6.6,0.894,1.45,3.859,0
57804000,"Baby Toddler cereal, oatmeal, dry",Baby food: cereals,394,10.99,73.48,11.67,7.3,6.36,0.841,1.564,1.748,0
57805000,"Baby Toddler cereal, rice, dry",Baby food: cereals,390,6.65,83.14,4.85,1.3,2.19,0.234,0.42,0.784,0
57805090,"Baby Toddler cereal, rice with fruit, dry",Baby food: cereals,388,6.51,83.4,6.97,1.7,2.17,0.257,0.407,0.762,0
57806000,"Baby Toddler cereal, multigrain with fruit, dry",Baby food: cereals,404,6.53,80.47,27.7,6.9,6.43,1.04,1.234,2.483,0
57806050,"Baby Toddler cereal, multigrain, dry",Baby food: cereals,407,6.67,80.06,26.67,6.7,6.67,1.058,1.291,2.596,0
57806100,"Baby Toddler cereal, oatmeal with fruit, dry",Baby food: cereals,392,10.64,74.22,13.45,7.4,6.13,0.834,1.493,1.677,0
57820000,"Baby Toddler cereal, NFS",Baby food: cereals,89,1.92,18.4,7.82,1.8,0.96,0.157,0.265,0.311,0
57820100,"Baby Toddler cereal, rice, ready-to-eat",Baby food: cereals,73,1.38,16.09,0.21,0.1,0.3,0.071,0.088,0.092,0
57820200,"Baby Toddler cereal, oatmeal, ready-to-eat",Baby food: cereals,76,2.54,13.77,0.62,1.9,1.3,0.211,0.379,0.438,0
57820300,"Baby Toddler cereal, multigrain, ready-to-eat",Baby food: cereals,75,1.87,15.0,1.16,1.1,0.89,0.162,0.245,0.318,0
57822000,"Baby Toddler cereal, multigrain with fruit, ready-to-eat",Baby food: cereals,88,1.46,19.24,8.18,1.2,0.68,0.124,0.173,0.229,0
57823000,"Baby Toddler cereal, oatmeal with fruit, ready-to-eat",Baby food: cereals,89,1.92,18.4,7.82,1.8,0.96,0.157,0.265,0.311,0
57824000,"Baby Toddler cereal, rice with fruit, ready-to-eat",Baby food: cereals,87,1.12,19.98,7.54,0.6,0.27,0.062,0.066,0.075,0
58100360,Chilaquiles,Other Mexican mixed dishes,195,10.63,14.9,1.12,2.1,10.67,5.073,2.735,1.209,141
58101830,Frito pie,Other Mexican mixed dishes,328,9.96,26.32,0.86,2.9,20.98,5.532,5.87,7.065,24
58101835,Mexican pizza,Other Mexican mixed dishes,249,15.47,15.3,0.34,2.1,13.94,4.489,5.61,2.245,46
58101930,Taco or tostada salad with meat,Burritos and tacos,179,7.45,16.49,1.8,2.9,9.32,2.886,3.674,1.733,15
58101935,Taco or tostada salad with chicken,Burritos and tacos,167,7.83,16.29,1.78,2.8,8.02,2.283,3.084,1.776,19
58101940,"Taco or tostada salad, meatless",Burritos and tacos,163,5.28,19.3,1.84,3.7,7.36,2.129,2.788,1.685,5
58101945,Taco or tostada salad with meat and sour cream,Burritos and tacos,181,6.91,15.12,2.0,2.5,10.4,3.863,3.689,1.616,20
58101950,Taco or tostada salad with chicken and sour cream,Burritos and tacos,171,7.24,14.96,1.98,2.5,9.26,3.324,3.173,1.656,23
58101955,"Taco or tostada salad, meatless with sour cream",Burritos and tacos,167,5.0,17.56,2.04,3.3,8.7,3.212,2.916,1.574,11
58102000,"Taco, NFS",Burritos and tacos,246,15.31,15.62,0.33,2.2,13.56,4.178,5.594,2.275,45
58102010,"Taco, corn tortilla, beef, cheese",Burritos and tacos,249,15.47,15.3,0.34,2.1,13.94,4.489,5.61,2.245,46
58102020,"Taco, corn tortilla, beef, with beans, cheese",Burritos and tacos,212,10.63,19.14,0.49,3.2,10.61,3.156,4.042,2.269,25
58102030,"Taco, corn tortilla, pork, cheese",Burritos and tacos,251,14.82,15.3,0.34,2.1,14.5,4.576,5.907,2.963,51
58102040,"Taco, corn tortilla, pork, with beans, cheese",Burritos and tacos,214,10.31,19.14,0.49,3.2,10.89,3.199,4.19,2.628,27
58102050,"Taco, corn tortilla, chicken, cheese",Burritos and tacos,211,16.23,15.3,0.34,2.1,9.6,2.462,3.567,2.719,63
58102060,"Taco, corn tortilla, chicken, with beans, cheese",Burritos and tacos,193,11.02,19.14,0.49,3.2,8.44,2.142,3.02,2.506,34
58102070,"Taco, corn tortilla, with beans, cheese",Burritos and tacos,176,5.8,22.99,0.64,4.2,7.28,1.823,2.474,2.292,4
58102110,"Taco, flour tortilla, beef, cheese",Burritos and tacos,257,16.71,18.87,1.45,1.3,12.27,4.959,4.455,1.181,47
58102120,"Taco, flour tortilla, beef, with beans, cheese",Burritos and tacos,221,11.85,22.73,1.6,2.4,8.92,3.619,2.88,1.205,25
58102130,"Taco, flour tortilla, pork, cheese",Burritos and tacos,260,16.06,18.87,1.45,1.3,12.83,5.046,4.754,1.903,51
58102140,"Taco, flour tortilla, pork, with beans, cheese",Burritos and tacos,222,11.53,22.73,1.6,2.4,9.2,3.663,3.029,1.566,28
58102150,"Taco, flour tortilla, chicken, cheese",Burritos and tacos,220,17.48,18.87,1.45,1.3,7.91,2.922,2.402,1.658,63
58102160,"Taco, flour tortilla, chicken, with beans, cheese",Burritos and tacos,202,12.24,22.73,1.6,2.4,6.74,2.601,1.853,1.443,34
58102170,"Taco, flour tortilla, with beans, cheese",Burritos and tacos,184,6.99,26.59,1.76,3.4,5.57,2.279,1.304,1.229,4
58102210,"Taco, fish",Burritos and tacos,275,11.62,22.99,0.43,2.5,15.29,2.383,5.904,5.574,27
58102220,"Taco, meat, no cheese",Burritos and tacos,243,15.15,15.94,0.31,2.2,13.18,3.867,5.579,2.305,44
58102230,"Taco, meat, with beans, no cheese",Burritos and tacos,205,10.07,19.98,0.48,3.4,9.68,2.467,3.933,2.329,22
58102240,"Taco, with beans, no cheese",Burritos and tacos,167,5.0,24.01,0.64,4.5,6.18,1.068,2.287,2.354,0
58102250,"Taco, cheese only",Burritos and tacos,275,12.19,27.75,0.86,3.8,13.45,7.088,2.912,1.268,36
58102300,"Burrito, NFS",Burritos and tacos,219,11.12,23.87,1.68,2.5,8.54,3.481,2.656,1.238,22
58102310,"Burrito, beef, cheese",Burritos and tacos,267,13.28,28.33,2.16,2.0,10.68,4.311,3.4,1.516,30
58102320,"Burrito, beef, with rice, cheese",Burritos and tacos,231,10.44,28.24,1.54,1.5,8.03,3.315,2.503,1.098,22
58102330,"Burrito, beef, with beans, cheese",Burritos and tacos,219,11.12,23.87,1.68,2.5,8.54,3.481,2.656,1.238,22
58102340,"Burrito, beef, with beans and rice, cheese",Burritos and tacos,225,10.78,26.05,1.61,2.0,8.29,3.398,2.58,1.168,22
58102410,"Burrito, pork, cheese",Burritos and tacos,268,12.89,28.33,2.16,2.0,11.02,4.363,3.58,1.95,32
58102420,"Burrito, pork, with rice, cheese",Burritos and tacos,232,10.17,28.24,1.54,1.5,8.26,3.351,2.628,1.401,24
58102430,"Burrito, pork, with beans, cheese",Burritos and tacos,220,10.85,23.87,1.68,2.5,8.78,3.517,2.782,1.541,24
58102440,"Burrito, pork, with beans and rice, cheese",Burritos and tacos,226,10.51,26.05,1.61,2.0,8.52,3.434,2.705,1.471,24
58102510,"Burrito, chicken, cheese",Burritos and tacos,244,13.74,28.33,2.16,2.0,8.06,3.085,2.165,1.802,40
58102520,"Burrito, chicken, with rice, cheese",Burritos and tacos,215,10.76,28.24,1.54,1.5,6.2,2.459,1.641,1.298,29
58102530,"Burrito, chicken, with beans, cheese",Burritos and tacos,203,11.45,23.87,1.68,2.5,6.71,2.625,1.794,1.438,29
58102540,"Burrito, chicken, with beans and rice, cheese",Burritos and tacos,209,11.1,26.05,1.61,2.0,6.45,2.542,1.717,1.368,29
58102605,"Burrito, with beans, no cheese",Burritos and tacos,188,7.41,30.84,1.74,5.1,3.95,1.396,0.892,1.145,0
58102610,"Burrito, with beans, cheese",Burritos and tacos,196,8.1,29.49,1.69,4.9,5.16,2.139,1.146,1.14,4
58102620,"Burrito, with beans and rice, cheese",Burritos and tacos,202,6.89,32.2,1.59,3.2,4.87,2.052,1.079,1.051,4
58102630,"Burrito, meat, no cheese",Burritos and tacos,262,12.85,29.63,2.23,2.1,9.75,3.674,3.258,1.54,27
58102640,"Burrito, meat, with rice, no cheese",Burritos and tacos,224,9.84,29.59,1.57,1.6,6.91,2.595,2.307,1.101,19
58102650,"Burrito, meat, with beans, no cheese",Burritos and tacos,211,10.56,24.99,1.73,2.6,7.45,2.769,2.468,1.248,19
58102660,"Burrito, meat, with beans and rice, no cheese",Burritos and tacos,218,10.2,27.29,1.65,2.1,7.18,2.682,2.388,1.174,19
58102680,"Burrito, cheese only",Burritos and tacos,328,13.69,30.59,2.56,2.1,16.53,8.571,3.547,1.791,36
58102700,"Burrito bowl, NFS",Other Mexican mixed dishes,145,13.03,10.58,0.22,1.0,5.44,2.289,1.695,0.756,49
58102710,"Burrito bowl, beef or pork",Other Mexican mixed dishes,213,19.97,0.27,0.09,0.0,14.21,6.133,5.574,0.482,69
58102720,"Burrito bowl, beef or pork, with rice",Other Mexican mixed dishes,181,11.92,14.21,0.09,0.2,8.05,3.574,3.002,0.307,37
58102730,"Burrito bowl, beef or pork, with beans",Other Mexican mixed dishes,161,13.06,6.94,0.34,1.8,8.91,3.85,3.257,0.54,37
58102740,"Burrito bowl, beef or pork, with beans and rice",Other Mexican mixed dishes,171,12.49,10.58,0.22,1.0,8.48,3.712,3.129,0.423,37
58102750,"Burrito bowl, chicken",Other Mexican mixed dishes,161,21.04,0.27,0.09,0.0,8.11,3.286,2.704,1.147,93
58102760,"Burrito bowl, chicken, with rice",Other Mexican mixed dishes,155,12.46,14.21,0.09,0.2,5.0,2.151,1.568,0.64,49
58102770,"Burrito bowl, chicken, with beans",Other Mexican mixed dishes,135,13.6,6.94,0.34,1.8,5.87,2.427,1.823,0.872,49
58102780,"Burrito bowl, chicken, with beans and rice",Other Mexican mixed dishes,145,13.03,10.58,0.22,1.0,5.44,2.289,1.695,0.756,49
58102790,"Burrito bowl, with beans",Other Mexican mixed dishes,129,8.04,17.3,0.46,5.7,3.42,1.659,0.776,0.435,7
58102800,"Enchilada, NFS",Other Mexican mixed dishes,178,10.03,14.64,0.79,2.3,9.02,3.22,2.753,1.916,33
58102810,"Enchilada, beef",Other Mexican mixed dishes,191,9.76,14.64,0.79,2.3,10.54,3.931,3.47,1.75,27
58102820,"Enchilada, pork",Other Mexican mixed dishes,192,9.54,14.64,0.79,2.3,10.74,3.962,3.574,2.002,28
58102830,"Enchilada, chicken",Other Mexican mixed dishes,178,10.03,14.64,0.79,2.3,9.02,3.22,2.753,1.916,33
58102840,"Enchilada, no meat",Other Mexican mixed dishes,165,6.37,17.34,0.9,3.1,8.2,2.996,2.37,1.767,12
58103100,"Tamale, NFS",Other Mexican mixed dishes,174,7.38,15.8,0.46,2.4,9.04,2.69,3.2,2.03,20
58103120,"Tamale, beef",Other Mexican mixed dishes,174,7.38,15.8,0.46,2.4,9.04,2.69,3.2,2.03,20
58103125,"Tamale, pork",Other Mexican mixed dishes,174,7.38,15.8,0.46,2.4,9.04,2.69,3.2,2.03,20
58103130,"Tamale, chicken",Other Mexican mixed dishes,174,7.38,15.8,0.46,2.4,9.04,2.69,3.2,2.03,20
58103250,"Tamale, no meat",Other Mexican mixed dishes,186,3.48,26.68,7.42,3.2,7.21,2.629,2.437,1.548,17
58103310,Tamale casserole with meat,Other Mexican mixed dishes,174,7.38,15.8,0.46,2.4,9.04,2.69,3.2,2.03,20
58104105,"Nachos, NFS",Nachos,265,7.6,23.85,0.39,1.7,15.85,3.477,5.492,5.472,18
58104120,"Nachos, cheese only",Nachos,266,4.46,27.83,0.45,2.0,15.74,2.99,5.182,6.293,6
58104130,"Nachos, beef or pork",Nachos,265,10.73,19.87,0.32,1.4,15.96,3.963,5.801,4.65,30
58104135,"Nachos, beef or pork, with beans",Nachos,220,9.28,18.26,0.38,2.0,12.45,3.124,4.493,3.618,22
58104150,"Nachos, chicken",Nachos,242,11.2,19.87,0.32,1.4,13.33,2.738,4.566,4.937,40
58104165,"Nachos, chicken, with beans",Nachos,203,9.62,18.26,0.38,2.0,10.48,2.207,3.569,3.832,30
58104170,"Nachos, with beans",Nachos,210,4.62,23.28,0.48,2.5,11.37,2.239,3.723,4.461,4
58104255,"Gordita, cheese only",Other Mexican mixed dishes,324,10.65,22.39,0.74,1.7,21.59,8.326,6.584,4.093,35
58104260,"Gordita, with beans",Other Mexican mixed dishes,207,5.83,20.17,0.6,2.9,11.81,3.142,4.227,3.37,8
58104290,"Gordita, meat",Other Mexican mixed dishes,296,16.99,13.12,0.32,1.0,19.36,6.144,7.743,3.375,54
58104295,"Gordita, meat, with beans",Other Mexican mixed dishes,252,11.41,16.64,0.46,2.0,15.59,4.643,5.985,3.373,31
58104500,"Chimichanga, meat",Other Mexican mixed dishes,324,12.08,25.76,1.96,1.8,18.8,5.134,6.944,4.87,27
58104520,"Chimichanga, with beans",Other Mexican mixed dishes,260,7.36,26.81,1.54,4.4,13.78,3.16,4.895,4.528,4
58104530,"Chimichanga, chicken",Other Mexican mixed dishes,304,12.5,25.76,1.96,1.8,16.42,4.02,5.821,5.13,36
58104700,"Quesadilla, NFS",Other Mexican mixed dishes,316,13.36,28.62,2.41,2.0,16.21,8.454,3.477,1.699,36
58104710,"Quesadilla, cheese only",Other Mexican mixed dishes,316,13.36,28.62,2.41,2.0,16.21,8.454,3.477,1.699,36
58104730,"Quesadilla, beef or pork",Other Mexican mixed dishes,305,14.07,27.32,2.15,1.9,15.13,6.061,4.64,2.439,35
58104740,"Quesadilla, chicken",Other Mexican mixed dishes,287,14.45,27.32,2.15,1.9,12.99,5.058,3.629,2.674,43
58104750,"Quesadilla, with vegetables",Other Mexican mixed dishes,253,8.14,29.18,3.1,2.2,11.32,4.585,2.926,2.333,14
58104760,"Quesadilla, beef or pork, with vegetables",Other Mexican mixed dishes,279,11.1,28.22,2.63,2.1,13.22,5.319,3.781,2.384,24
58104770,"Quesadilla, chicken, with vegetables",Other Mexican mixed dishes,270,11.29,28.22,2.63,2.1,12.14,4.818,3.275,2.502,29
58104780,"Quesadilla, egg",Egg/breakfast sandwiches,249,10.91,20.06,1.75,1.4,13.71,4.429,4.457,3.223,212
58104790,"Quesadilla, egg, with meat",Egg/breakfast sandwiches,249,11.43,19.09,1.71,1.3,13.93,4.501,4.619,3.224,205
58104800,"Taquito, cheese only",Other Mexican mixed dishes,309,11.16,32.15,1.78,3.3,15.32,6.59,3.931,2.691,27
58104825,"Taquito, beef or pork",Other Mexican mixed dishes,287,12.17,31.61,1.6,3.3,12.46,4.218,4.18,2.581,27
58104835,"Taquito, chicken",Other Mexican mixed dishes,269,12.53,31.61,1.6,3.3,10.41,3.262,3.216,2.805,34
58104900,"Taquito, egg",Egg/breakfast sandwiches,281,9.9,29.25,2.29,2.0,13.56,3.685,4.61,3.912,129
58104990,"Fajita, NFS",Other Mexican mixed dishes,219,11.7,17.99,2.44,1.5,11.02,2.678,4.184,3.006,32
58105000,"Fajita, chicken",Other Mexican mixed dishes,206,11.33,17.99,2.44,1.5,9.8,2.137,3.63,3.058,35
58105050,"Fajita, beef or pork",Other Mexican mixed dishes,231,12.07,17.99,2.44,1.5,12.24,3.219,4.739,2.955,29
58105060,"Fajita, shrimp",Other Mexican mixed dishes,189,8.33,18.35,2.44,1.5,8.92,1.931,3.104,3.085,51
58105075,"Fajita, vegetable",Other Mexican mixed dishes,166,3.22,20.43,3.7,2.0,7.84,1.658,2.781,2.789,0
58105100,"Pupusa, cheese only",Other Mexican mixed dishes,256,11.72,22.39,1.2,2.9,13.25,6.479,3.411,1.555,32
58105105,"Pupusa, with beans",Other Mexican mixed dishes,229,5.59,31.5,1.3,5.8,9.01,2.19,2.95,2.88,29
58105110,"Pupusa, meat",Other Mexican mixed dishes,232,11.51,23.02,1.45,2.6,10.43,3.166,3.964,2.205,29
58105120,"Pupusa, meat, with beans",Other Mexican mixed dishes,230,8.55,27.26,1.38,4.2,9.72,2.678,3.457,2.542,29
58106200,"Pizza, cheese, from frozen, thin crust",Pizza,263,11.91,28.8,3.71,3.0,11.07,5.698,3.028,1.695,21
58106205,"Pizza, cheese, from frozen, thick crust",Pizza,268,10.36,29.02,3.57,2.2,12.28,4.272,4.246,1.903,14
58106210,"Pizza, cheese, from restaurant or fast food, NS as to type of crust",Pizza,266,11.39,33.33,3.58,2.3,9.69,4.465,2.608,1.681,17
58106220,"Pizza, cheese, from restaurant or fast food, thin crust",Pizza,266,11.39,33.33,3.58,2.3,9.69,4.465,2.608,1.681,17
58106225,"Pizza, cheese, from restaurant or fast food, medium crust",Pizza,266,11.39,33.33,3.58,2.3,9.69,4.465,2.608,1.681,17
58106230,"Pizza, cheese, from restaurant or fast food, thick crust",Pizza,271,10.81,33.17,3.34,2.2,10.54,4.226,2.595,2.752,17
58106233,"Pizza, cheese, stuffed crust",Pizza,274,12.23,30.0,2.9,1.7,11.63,5.825,2.771,1.547,30
58106234,"Pizza, cheese, from school lunch, medium crust",Pizza,250,13.67,29.7,6.07,3.4,8.59,4.179,2.124,0.92,16
58106235,"Pizza, cheese, from school lunch, thin crust",Pizza,247,12.72,31.31,7.12,4.0,7.91,4.0,1.837,0.745,12
58106236,"Pizza, cheese, from school lunch, thick crust",Pizza,254,14.62,28.08,5.02,2.9,9.27,4.358,2.411,1.095,19
58106250,"Pizza, extra cheese, thin crust",Pizza,268,12.08,31.71,3.48,2.2,10.29,4.87,2.722,1.629,20
58106260,"Pizza, extra cheese, thick crust",Pizza,272,11.41,31.83,3.27,2.1,11.0,4.576,2.691,2.658,19
58106300,"Pizza, cheese, with vegetables, from frozen, thin crust",Pizza,240,9.24,26.51,3.62,2.1,10.81,3.756,3.732,1.682,12
58106305,"Pizza, cheese with vegetables, from frozen, thick crust",Pizza,253,9.76,27.67,3.6,2.1,11.49,3.994,3.969,1.784,13
58106320,"Pizza, cheese, with vegetables, from restaurant or fast food, thin crust",Pizza,234,9.96,29.86,3.63,2.2,8.37,3.846,2.247,1.459,15
58106325,"Pizza, cheese, with vegetables, from restaurant or fast food, medium crust",Pizza,242,10.31,30.71,3.62,2.2,8.69,3.999,2.336,1.514,15
58106330,"Pizza, cheese, with vegetables, from restaurant or fast food, thick crust",Pizza,245,9.74,30.43,3.41,2.1,9.39,3.761,2.31,2.457,15
58106345,"Pizza with cheese and extra vegetables, thin crust",Pizza,208,8.68,25.98,3.31,2.1,7.8,3.385,2.417,1.282,12
58106347,"Pizza with cheese and extra vegetables, medium crust",Pizza,221,9.29,27.63,3.37,2.1,8.22,3.627,2.46,1.371,13
58106350,"Pizza with cheese and extra vegetables, thick crust",Pizza,240,9.51,29.44,3.23,2.1,9.46,3.71,2.499,2.396,15
58106358,"Pizza, cheese, with fruit, thin crust",Pizza,230,9.51,30.01,4.93,2.1,8.06,3.697,2.16,1.398,14
58106359,"Pizza, cheese, with fruit, medium crust",Pizza,239,9.96,30.81,4.61,2.1,8.45,3.881,2.268,1.466,15
58106360,"Pizza, cheese, with fruit, thick crust",Pizza,246,9.57,30.89,4.31,2.0,9.3,3.722,2.286,2.428,15
58106512,"Pizza with pepperoni, from frozen, thin crust",Pizza,274,12.25,27.52,3.54,2.9,12.71,6.257,3.853,1.824,25
58106514,"Pizza with pepperoni, from frozen, medium crust",Pizza,275,11.46,27.8,3.49,2.5,13.07,5.492,4.33,1.907,21
58106516,"Pizza with pepperoni, from frozen, thick crust",Pizza,276,10.66,28.08,3.45,2.1,13.43,4.727,4.806,1.99,17
58106540,"Pizza with pepperoni, from restaurant or fast food, NS as to type of crust",Pizza,282,11.74,31.98,3.26,2.3,11.91,5.092,3.853,2.064,25
58106550,"Pizza with pepperoni, from restaurant or fast food, thin crust",Pizza,282,11.74,31.98,3.26,2.3,11.91,5.092,3.853,2.064,25
58106555,"Pizza with pepperoni, from restaurant or fast food,  medium crust",Pizza,282,11.74,31.98,3.26,2.3,11.91,5.092,3.853,2.064,25
58106560,"Pizza with pepperoni, from restaurant or fast food, thick crust",Pizza,287,11.49,31.84,2.93,2.2,12.58,4.839,3.731,2.98,24
58106565,"Pizza with pepperoni, stuffed crust",Pizza,296,12.92,27.19,2.62,1.5,15.01,6.984,4.527,1.831,37
58106570,"Pizza with pepperoni, from school lunch, thin crust",Pizza,254,12.78,31.24,7.62,4.3,8.62,2.81,2.12,2.23,24
58106578,"Pizza, with pepperoni, from school lunch, medium crust",Pizza,256,13.56,29.77,5.82,4.3,9.22,3.515,2.505,1.72,24
58106580,"Pizza with pepperoni, from school lunch, thick crust",Pizza,259,14.35,28.3,4.03,4.3,9.82,4.219,2.89,1.21,24
58106602,"Pizza with meat other than pepperoni, from frozen, thin crust",Pizza,267,12.34,26.98,3.56,2.8,12.1,5.933,3.612,1.918,25
58106604,"Pizza with meat other than pepperoni, from frozen, medium crust",Pizza,269,11.55,27.33,3.51,2.4,12.54,5.224,4.113,1.987,21
58106606,"Pizza with meat other than pepperoni, from frozen, thick crust",Pizza,270,10.75,27.68,3.46,2.1,12.98,4.516,4.614,2.056,17
58106610,"Pizza with meat other than pepperoni, from restaurant or fast food, NS as to type of crust",Pizza,280,11.5,30.62,3.32,2.3,12.35,5.033,4.049,2.352,23
58106620,"Pizza with meat other than pepperoni, from restaurant or fast food, thin crust",Pizza,280,11.5,30.62,3.32,2.3,12.35,5.033,4.049,2.352,23
58106625,"Pizza with meat other than pepperoni, from restaurant or fast food, medium crust",Pizza,280,11.5,30.62,3.32,2.3,12.35,5.033,4.049,2.352,23
58106630,"Pizza with meat other than pepperoni, from restaurant or fast food, thick crust",Pizza,282,11.06,30.36,2.82,2.3,12.94,4.805,3.941,3.217,23
58106633,"Pizza, with meat other than pepperoni, stuffed crust",Pizza,278,12.81,27.28,2.76,1.5,13.05,6.149,3.632,1.88,35
58106634,"Pizza, with meat other than pepperoni, from school lunch, medium crust",Pizza,254,12.94,31.41,5.62,4.0,8.45,3.854,2.567,1.098,26
58106635,"Pizza, with meat other than pepperoni, from school lunch, thin crust",Pizza,250,12.63,32.24,7.53,3.9,7.83,3.488,2.244,0.986,25
58106636,"Pizza, with meat other than pepperoni, from school lunch, thick crust",Pizza,257,13.26,30.58,3.72,4.0,9.07,4.219,2.89,1.21,26
58106650,"Pizza with extra meat, thin crust",Pizza,277,14.72,24.25,2.68,1.7,13.36,5.56,4.701,1.937,37
58106655,"Pizza with extra meat, medium crust",Pizza,274,13.85,26.62,2.92,1.8,12.4,5.273,4.153,1.87,32
58106660,"Pizza with extra meat, thick crust",Pizza,278,13.33,26.64,2.74,1.8,13.02,5.065,4.109,2.721,31
58106700,"Pizza with meat and vegetables, from frozen, thin crust",Pizza,276,11.28,25.14,4.85,2.2,14.43,5.083,5.89,2.578,16
58106702,"Pizza with meat and vegetables, from frozen, medium crust",Pizza,276,11.28,25.14,4.85,2.2,14.43,5.083,5.89,2.578,16
58106705,"Pizza with meat and vegetables, from frozen, thick crust",Pizza,276,11.28,25.14,4.85,2.2,14.43,5.083,5.89,2.578,16
58106720,"Pizza with meat and vegetables, from restaurant or fast food, thin crust",Pizza,241,11.55,26.62,3.29,1.9,9.87,4.298,3.065,1.616,23
58106725,"Pizza with meat and vegetables, from restaurant or fast food, medium crust",Pizza,248,11.5,28.38,3.37,2.0,9.83,4.342,2.945,1.633,21
58106730,"Pizza with meat and vegetables, from restaurant or fast food, thick crust",Pizza,259,10.94,30.11,3.23,2.0,10.53,4.175,2.806,2.607,20
58106736,"Pizza with extra meat and extra vegetables, thin crust",Pizza,222,11.43,23.67,2.94,1.9,9.16,3.85,3.036,1.448,23
58106737,"Pizza with extra meat and extra vegetables, thick crust",Pizza,239,10.97,26.42,2.94,1.9,9.97,3.85,2.899,2.339,22
58106738,"Pizza with extra meat and extra vegetables, medium crust",Pizza,233,11.42,25.98,3.09,2.0,9.29,3.997,2.934,1.503,22
58106750,"Pizza with meat and fruit, thin crust",Pizza,227,10.88,27.01,4.12,1.8,8.34,3.683,2.449,1.38,19
58106755,"Pizza with meat and fruit, medium crust",Pizza,234,10.98,28.21,4.01,1.9,8.59,3.831,2.479,1.437,19
58106760,"Pizza with meat and fruit, thick crust",Pizza,245,10.58,29.14,3.72,1.9,9.53,3.763,2.495,2.386,19
58106820,"Pizza with beans and vegetables, thin crust",Pizza,203,9.29,26.88,2.97,3.2,6.63,3.027,1.755,1.179,11
58106830,"Pizza with beans and vegetables, thick crust",Pizza,225,9.46,28.64,2.97,2.8,8.18,3.265,1.995,2.147,13
58107050,"Pizza, no cheese, thin crust",Pizza,276,7.46,31.0,5.03,1.8,13.69,3.434,6.568,2.609,16
58107100,"Pizza, no cheese, thick crust",Pizza,293,7.58,38.28,5.47,1.9,12.26,2.81,5.668,2.722,12
58107205,"White pizza, cheese, thin crust",Pizza,285,12.4,27.58,2.97,1.1,13.66,5.229,5.431,1.434,24
58107207,"White pizza, cheese, thick crust",Pizza,280,11.8,31.82,3.32,1.3,11.41,4.261,4.411,1.409,19
58107212,"White pizza, cheese, with vegetables, thin crust",Pizza,241,10.13,23.59,2.9,1.2,11.68,4.339,4.858,1.201,20
58107214,"White pizza, cheese, with vegetables, thick crust",Pizza,244,10.02,27.82,3.21,1.3,10.14,3.684,4.105,1.22,16
58107222,"White pizza, cheese, with meat, thin crust",Pizza,304,13.56,22.77,2.59,0.9,17.36,6.54,7.203,2.057,36
58107224,"White pizza, cheese, with meat, thick crust",Pizza,296,12.84,27.2,2.95,1.1,14.8,5.492,6.03,1.927,30
58107232,"White pizza, cheese, with meat and vegetables, thin crust",Pizza,272,12.07,21.06,2.75,1.0,15.31,5.763,6.345,1.822,32
58107234,"White pizza, cheese, with meat and vegetables, thick crust",Pizza,270,11.67,25.31,3.06,1.1,13.34,4.942,5.425,1.742,27
58108000,"Calzone, with cheese, meatless",Pizza,389,17.59,29.49,0.36,1.3,22.51,9.553,6.801,3.11,58
58108010,"Calzone, with meat and cheese",Pizza,343,14.84,31.31,0.59,1.4,17.69,5.718,6.821,3.55,46
58108050,Pizza rolls,Pizza,345,9.19,53.39,3.94,1.3,10.5,2.625,4.052,3.003,6
58109015,"Pizza, cheese, whole wheat thin crust",Pizza,267,11.77,28.62,3.59,3.5,12.38,4.213,5.151,1.512,17
58109020,"Pizza, cheese, whole wheat thick crust",Pizza,265,11.4,32.96,3.75,3.9,10.4,3.45,4.183,1.485,14
58109030,"Pizza, with meat, whole wheat thin crust",Pizza,289,13.05,23.58,3.09,2.9,16.35,5.727,6.991,2.126,30
58109040,"Pizza, with meat, whole wheat thick crust",Pizza,284,12.51,28.13,3.31,3.3,13.98,4.816,5.849,1.995,25
58109050,"Pizza, cheese and vegetables, whole wheat thin crust",Pizza,226,9.61,24.39,3.4,3.1,10.64,3.521,4.629,1.261,14
58109060,"Pizza, cheese and vegetables, whole wheat thick crust",Pizza,231,9.67,28.74,3.56,3.5,9.29,3.005,3.913,1.282,11
58109100,"Pizza, cheese, gluten-free thin crust",Pizza,264,8.73,26.53,3.2,2.5,13.62,4.437,5.941,1.045,17
58109110,"Pizza, cheese, gluten-free thick crust",Pizza,261,7.81,30.54,3.27,2.9,11.88,3.716,5.122,0.935,14
58109120,"Pizza, with meat, gluten-free thin crust",Pizza,287,10.58,21.88,2.78,2.1,17.36,5.908,7.632,1.747,30
58109130,"Pizza, with meat, gluten-free thick crust",Pizza,280,9.48,26.09,2.91,2.5,15.23,5.04,6.642,1.53,25
58109140,"Pizza, cheese and vegetables, gluten-free thin crust",Pizza,223,7.18,22.72,3.09,2.3,11.64,3.699,5.26,0.889,14
58109150,"Pizza, cheese and vegetables, gluten-free thick crust",Pizza,228,6.68,26.72,3.17,2.7,10.52,3.227,4.696,0.824,11
58109210,Breakfast pizza with egg,Egg/breakfast sandwiches,292,14.02,25.63,2.86,1.1,14.5,4.98,6.055,1.851,83
58110110,"Egg roll, meatless","Egg rolls, dumplings, sushi",270,5.62,30.02,5.63,2.3,14.14,2.085,4.914,6.121,0
58110120,"Egg roll, with shrimp","Egg rolls, dumplings, sushi",258,6.68,27.12,5.07,2.0,13.61,2.009,4.765,5.835,15
58110130,"Egg roll, with beef and/or pork","Egg rolls, dumplings, sushi",272,7.58,27.02,5.07,2.0,14.7,2.438,5.312,5.928,9
58110170,"Egg roll, with chicken or turkey","Egg rolls, dumplings, sushi",266,7.59,27.02,5.07,2.0,14.09,2.127,4.999,5.888,11
58110200,"Roll with meat and/or shrimp, vegetables and rice paper, not fried","Egg rolls, dumplings, sushi",112,5.65,17.23,3.91,1.9,2.65,0.458,1.238,0.58,22
58111110,"Wonton, dumpling or pot sticker, fried","Egg rolls, dumplings, sushi",192,8.76,14.05,2.92,1.5,11.13,2.532,4.908,2.86,18
58111120,"Wonton, dumpling or pot sticker, fried, no meat","Egg rolls, dumplings, sushi",192,8.76,14.05,2.92,1.5,11.13,2.532,4.908,2.86,18
58111200,"Puffs, fried, crab meat and cream cheese filled","Egg rolls, dumplings, sushi",314,9.4,35.09,3.54,1.2,15.12,7.214,3.792,1.84,70
58112510,"Wonton, dumpling or pot sticker, steamed","Egg rolls, dumplings, sushi",113,6.9,11.07,2.3,1.2,4.6,1.437,2.099,0.652,14
58116100,"Empanada, NFS",Turnovers and other grain-based items,291,7.19,29.91,2.75,2.0,16.0,5.655,7.139,1.75,13
58116115,"Empanada, no meat",Turnovers and other grain-based items,265,5.75,31.5,2.56,3.4,13.16,4.589,5.835,1.583,4
58116117,"Empanada, beef",Turnovers and other grain-based items,333,12.09,27.45,2.1,1.6,19.2,6.915,8.58,1.819,31
58116120,"Empanada, beef, with vegetables",Turnovers and other grain-based items,291,7.19,29.91,2.75,2.0,16.0,5.655,7.139,1.75,13
58116125,"Empanada, chicken",Turnovers and other grain-based items,309,12.57,27.45,2.1,1.6,16.46,5.634,7.289,2.118,42
58116130,"Empanada, chicken, with vegetables",Turnovers and other grain-based items,283,7.35,29.91,2.75,2.0,15.09,5.228,6.708,1.849,17
58117210,"Cornmeal stick, Puerto Rican style","Biscuits, muffins, quick breads",415,6.92,48.38,1.03,2.4,20.97,4.547,8.198,6.896,10
58117310,"Kibby, Puerto Rican style",Meat mixed dishes,168,8.76,17.99,0.8,3.1,7.2,2.673,3.089,0.302,24
58117410,Bacalaitos fritos,Seafood mixed dishes,281,14.43,36.1,0.12,1.2,8.63,1.152,3.345,3.246,29
58117510,"Hayacas, Puerto Rican style",Meat mixed dishes,157,5.82,9.37,3.38,1.1,10.83,1.825,3.417,4.787,37
58120110,"Crepe, with meat",Turnovers and other grain-based items,173,12.86,7.73,1.61,0.3,10.06,4.008,3.44,1.087,75
58121610,Pierogi,Turnovers and other grain-based items,195,5.26,29.64,1.75,0.9,6.14,1.316,1.243,3.236,4
58122210,"Gnocchi, cheese","Pasta mixed dishes, excludes macaroni and cheese",178,8.51,9.38,0.14,0.2,11.96,4.344,4.468,2.167,68
58122220,"Gnocchi, potato","Pasta mixed dishes, excludes macaroni and cheese",135,2.44,17.2,0.99,1.0,6.33,3.42,1.269,0.259,18
58122320,Knish,Turnovers and other grain-based items,345,10.51,31.92,0.98,1.1,19.73,4.507,8.665,5.322,91
58123110,Bao bun,"Egg rolls, dumplings, sushi",273,11.17,39.78,5.86,1.2,7.58,2.323,3.108,1.324,21
58123120,"Bao bun, no meat","Egg rolls, dumplings, sushi",268,6.73,54.27,22.28,3.4,2.94,0.949,1.047,0.484,2
58124210,"Pastry, cheese-filled","Doughnuts, sweet rolls, pastries",274,9.92,15.44,2.19,0.4,19.19,6.143,7.646,3.885,70
58124220,"Pastry, egg and cheese filled",Turnovers and other grain-based items,349,8.38,43.76,6.18,1.6,15.66,7.008,3.95,1.723,68
58124230,"Pastry, meat / poultry-filled",Turnovers and other grain-based items,341,11.46,30.89,4.63,1.1,19.18,7.561,6.256,2.753,74
58124250,Spanakopita,Turnovers and other grain-based items,212,8.27,10.35,0.64,1.0,15.15,6.55,5.297,1.037,79
58124500,Samosa,Turnovers and other grain-based items,310,5.14,33.16,1.28,1.8,17.47,4.406,6.161,5.031,14
58125110,"Quiche with meat, poultry or fish",Turnovers and other grain-based items,387,15.5,12.12,1.91,0.7,30.63,14.677,9.414,2.68,153
58125120,"Spinach quiche, meatless",Turnovers and other grain-based items,299,10.29,11.68,1.88,1.0,23.51,11.898,6.505,1.654,127
58125180,"Cheese quiche, meatless",Turnovers and other grain-based items,365,11.91,13.74,2.21,0.8,29.23,14.873,8.139,2.015,159
58126100,"Turnover or hot pocket, NFS",Turnovers and other grain-based items,260,10.26,27.9,3.9,1.6,11.92,4.8,4.205,1.66,19
58126105,"Turnover or hot pocket, meatless",Turnovers and other grain-based items,198,5.07,27.03,3.24,1.6,7.78,2.107,3.009,2.049,2
58126125,"Turnover or hot pocket, beef",Turnovers and other grain-based items,233,10.35,24.49,2.67,1.3,10.25,3.233,4.194,1.823,21
58126130,"Turnover or hot pocket, ham",Turnovers and other grain-based items,256,9.32,27.85,3.01,1.5,11.82,3.545,4.836,2.683,14
58126150,"Turnover or hot pocket, pizza pocket, meat",Turnovers and other grain-based items,260,10.26,27.9,3.9,1.6,11.92,4.8,4.205,1.66,19
58126160,"Turnover or hot pocket, pizza pocket",Turnovers and other grain-based items,244,9.66,29.68,4.16,1.7,9.62,3.939,3.1,1.473,13
58126270,"Turnover or hot pocket, chicken",Turnovers and other grain-based items,215,10.71,24.49,2.67,1.3,8.21,2.283,3.237,2.045,29
58126275,"Turnover, seafood",Turnovers and other grain-based items,207,9.39,24.57,2.68,1.3,7.91,2.178,3.01,2.068,16
58126290,Turnover or lean pocket,Turnovers and other grain-based items,208,10.61,24.38,2.85,1.4,7.5,2.117,2.968,1.827,29
58126400,"Turnover or breakfast pocket, egg",Turnovers and other grain-based items,265,10.01,30.9,3.25,1.5,11.29,3.439,4.287,2.58,98
58128000,Biscuit with gravy,Egg/breakfast sandwiches,224,6.2,16.98,3.88,0.8,14.68,6.314,4.491,2.596,16
58128110,Chicken cornbread,Poultry mixed dishes,167,13.78,9.38,0.24,0.4,8.21,1.911,3.57,1.907,114
58128120,Cornmeal dressing with chicken or turkey and vegetables,Turnovers and other grain-based items,237,7.6,19.27,3.47,1.2,14.45,3.105,6.227,4.153,94
58128210,Dressing with oysters,Turnovers and other grain-based items,189,4.95,18.4,2.62,1.2,10.75,2.142,4.692,3.465,10
58128220,Dressing with chicken or turkey and vegetables,Turnovers and other grain-based items,217,8.2,20.97,2.72,1.4,11.17,2.529,4.686,3.355,72
58128250,Dressing with meat and vegetables,Turnovers and other grain-based items,243,7.94,20.36,2.96,1.3,14.56,4.053,6.3,3.766,21
58130011,Lasagna with meat,"Pasta mixed dishes, excludes macaroni and cheese",139,7.45,16.17,3.33,1.6,4.97,2.322,1.798,0.402,16
58130013,"Lasagna with meat, canned","Pasta mixed dishes, excludes macaroni and cheese",97,3.24,13.26,1.97,1.5,3.41,1.46,1.617,0.237,5
58130014,"Lasagna with meat, from restaurant","Pasta mixed dishes, excludes macaroni and cheese",185,10.83,11.36,3.15,1.5,10.69,4.941,3.313,0.788,36
58130015,"Lasagna with meat, home recipe","Pasta mixed dishes, excludes macaroni and cheese",206,13.63,13.1,1.47,1.1,10.92,5.633,2.957,0.672,43
58130016,"Lasagna with meat, frozen","Pasta mixed dishes, excludes macaroni and cheese",124,6.63,14.39,2.96,1.4,4.42,2.067,1.6,0.358,14
58130020,Lasagna with meat and spinach,"Pasta mixed dishes, excludes macaroni and cheese",207,13.33,13.76,2.16,1.1,10.79,5.438,2.917,0.748,42
58130140,Lasagna with chicken or turkey,"Pasta mixed dishes, excludes macaroni and cheese",205,13.74,14.01,2.2,1.0,10.37,5.177,2.571,1.01,44
58130150,"Lasagna, with chicken or turkey, and spinach","Pasta mixed dishes, excludes macaroni and cheese",201,13.51,13.76,2.16,1.1,10.14,5.058,2.511,0.992,43
58130310,"Lasagna, meatless","Pasta mixed dishes, excludes macaroni and cheese",130,6.54,13.84,4.23,1.7,5.33,2.11,1.573,1.022,13
58130320,"Lasagna, meatless, with vegetables","Pasta mixed dishes, excludes macaroni and cheese",188,11.2,14.52,2.43,1.2,9.38,4.928,2.224,0.728,34
58131100,"Ravioli, NS as to filling, no sauce","Pasta mixed dishes, excludes macaroni and cheese",185,10.3,19.89,0.21,0.7,6.97,2.946,2.403,0.583,98
58131110,"Ravioli, NS as to filling, with tomato sauce","Pasta mixed dishes, excludes macaroni and cheese",138,6.92,14.61,1.46,0.9,5.9,2.146,2.202,0.817,62
58131120,"Ravioli, NS as to filling, with cream sauce","Pasta mixed dishes, excludes macaroni and cheese",169,8.12,15.18,1.69,0.5,8.38,2.965,3.202,1.303,70
58131310,"Ravioli, meat-filled, no sauce","Pasta mixed dishes, excludes macaroni and cheese",190,12.59,17.7,0.2,0.6,7.42,2.698,2.97,0.581,99
58131320,"Ravioli, meat-filled, with tomato sauce or meat sauce","Pasta mixed dishes, excludes macaroni and cheese",148,8.74,14.46,1.73,1.0,6.25,2.03,2.593,0.801,65
58131323,"Ravioli, meat-filled, with tomato sauce or meat sauce, canned","Pasta mixed dishes, excludes macaroni and cheese",97,3.24,13.26,1.97,1.5,3.41,1.46,1.617,0.237,5
58131330,"Ravioli, meat-filled, with cream sauce","Pasta mixed dishes, excludes macaroni and cheese",176,10.15,13.69,1.58,0.4,8.8,2.865,3.642,1.257,73
58131510,"Ravioli, cheese-filled, no sauce","Pasta mixed dishes, excludes macaroni and cheese",173,7.39,21.73,0.22,0.7,6.25,3.137,1.689,0.566,94
58131520,"Ravioli, cheese-filled, with tomato sauce","Pasta mixed dishes, excludes macaroni and cheese",98,3.98,15.22,3.6,1.2,2.3,1.047,0.606,0.369,10
58131523,"Ravioli, cheese-filled, with tomato sauce, canned","Pasta mixed dishes, excludes macaroni and cheese",77,2.48,13.64,3.72,1.3,1.45,0.723,0.418,0.182,3
58131530,"Ravioli, cheese-filled, with meat sauce","Pasta mixed dishes, excludes macaroni and cheese",137,6.37,14.31,1.38,0.8,6.14,2.506,2.129,0.781,60
58131535,"Ravioli, cheese-filled, with cream sauce","Pasta mixed dishes, excludes macaroni and cheese",160,6.06,16.21,1.74,0.5,7.91,3.081,2.735,1.31,66
58131590,"Ravioli, cheese and spinach-filled, no sauce","Pasta mixed dishes, excludes macaroni and cheese",150,6.62,20.83,0.26,1.0,4.51,1.983,1.254,0.529,85
58131600,"Ravioli, cheese and spinach-filled, with cream sauce","Pasta mixed dishes, excludes macaroni and cheese",145,5.56,15.67,1.75,0.7,6.74,2.309,2.442,1.284,60
58131610,"Ravioli, cheese and spinach filled, with tomato sauce","Pasta mixed dishes, excludes macaroni and cheese",117,5.19,16.82,1.33,1.2,3.37,1.452,0.925,0.423,62
58133110,"Manicotti, cheese-filled, no sauce","Pasta mixed dishes, excludes macaroni and cheese",207,10.4,20.4,0.5,0.6,9.3,5.009,2.271,0.657,80
58133120,"Manicotti, cheese-filled, with tomato sauce, meatless","Pasta mixed dishes, excludes macaroni and cheese",153,7.63,16.2,1.65,0.9,6.59,3.517,1.601,0.492,56
58133130,"Manicotti, cheese-filled, with meat sauce","Pasta mixed dishes, excludes macaroni and cheese",160,8.83,15.11,1.54,0.8,7.28,3.713,1.996,0.492,58
58133140,"Manicotti, vegetable- and cheese-filled, with tomato sauce, meatless","Pasta mixed dishes, excludes macaroni and cheese",135,6.43,15.89,1.62,1.0,5.18,2.665,1.266,0.453,51
58134110,"Stuffed shells, cheese-filled, no sauce","Pasta mixed dishes, excludes macaroni and cheese",205,9.93,22.21,0.53,0.7,8.51,4.474,2.107,0.667,84
58134120,"Stuffed shells, cheese-filled, with tomato sauce, meatless","Pasta mixed dishes, excludes macaroni and cheese",146,7.0,16.88,1.76,0.9,5.76,2.994,1.417,0.48,56
58134130,"Stuffed shells, cheese-filled, with meat sauce","Pasta mixed dishes, excludes macaroni and cheese",158,8.46,16.64,1.97,1.0,6.54,3.241,1.853,0.472,58
58134160,"Stuffed shells, cheese- and spinach- filled, no sauce","Pasta mixed dishes, excludes macaroni and cheese",187,9.56,22.36,0.32,1.0,6.63,3.265,1.637,0.592,79
58134210,"Stuffed shells, with chicken, with tomato sauce","Pasta mixed dishes, excludes macaroni and cheese",136,10.76,16.3,2.08,1.1,3.36,0.95,1.195,0.573,71
58134310,"Stuffed shells, with fish and/or shellfish, with tomato sauce","Pasta mixed dishes, excludes macaroni and cheese",116,8.85,16.11,2.05,1.1,1.94,0.582,0.506,0.429,75
58134610,"Tortellini, meat-filled, with tomato sauce","Pasta mixed dishes, excludes macaroni and cheese",134,6.62,15.83,1.27,1.0,4.92,1.387,1.853,1.025,40
58134613,"Tortellini, meat-filled, with tomato sauce, canned","Pasta mixed dishes, excludes macaroni and cheese",89,3.24,15.82,2.36,1.4,1.63,0.414,0.519,0.371,15
58134620,"Tortellini, cheese-filled, meatless, with tomato sauce","Pasta mixed dishes, excludes macaroni and cheese",149,6.18,23.0,2.96,1.6,3.65,1.552,1.021,0.425,18
58134623,"Tortellini, cheese-filled, meatless, with tomato sauce, canned","Pasta mixed dishes, excludes macaroni and cheese",91,3.48,15.98,1.74,0.8,1.5,0.537,0.415,0.328,18
58134640,"Tortellini, cheese-filled, meatless, with vinaigrette dressing","Pasta mixed dishes, excludes macaroni and cheese",193,6.23,18.75,0.56,0.6,10.45,3.579,2.956,2.98,79
58134650,"Tortellini, meat-filled, no sauce","Pasta mixed dishes, excludes macaroni and cheese",190,12.28,18.04,0.18,0.6,7.51,2.519,2.743,1.199,120
58134660,"Tortellini, cheese-filled, with cream sauce","Pasta mixed dishes, excludes macaroni and cheese",153,5.82,16.66,1.63,0.5,6.99,3.374,1.831,0.766,66
58134680,"Tortellini, cheese-filled, no sauce","Pasta mixed dishes, excludes macaroni and cheese",236,10.38,36.15,0.73,1.5,5.56,2.769,1.589,0.355,32
58134710,"Tortellini, spinach-filled, with tomato sauce","Pasta mixed dishes, excludes macaroni and cheese",121,4.49,16.11,1.31,1.2,4.36,1.191,1.583,0.979,32
58134720,"Tortellini, spinach-filled, no sauce","Pasta mixed dishes, excludes macaroni and cheese",188,8.94,21.4,0.25,0.9,7.4,2.481,2.581,1.272,123
58134810,"Cannelloni, cheese- and spinach-filled, no sauce","Pasta mixed dishes, excludes macaroni and cheese",157,6.31,18.36,0.75,1.1,6.51,2.622,2.48,0.573,44
58135110,Chow fun noodles with meat and vegetables,Fried rice and lo/chow mein,102,7.09,11.51,1.1,0.9,2.74,0.849,1.065,0.547,17
58135120,"Chow fun noodles with vegetables, meatless",Fried rice and lo/chow mein,74,1.56,14.46,1.39,1.1,0.97,0.164,0.227,0.492,0
58136110,"Lo mein, NFS",Fried rice and lo/chow mein,121,4.77,20.16,2.63,1.3,2.35,0.464,0.592,1.291,0
58136120,"Lo mein, meatless",Fried rice and lo/chow mein,121,4.77,20.16,2.63,1.3,2.35,0.464,0.592,1.291,0
58136130,"Lo mein, with shrimp",Fried rice and lo/chow mein,121,8.56,16.24,2.08,1.0,2.21,0.476,0.543,1.143,44
58136140,"Lo mein, with pork",Fried rice and lo/chow mein,138,9.48,16.18,2.11,1.0,3.79,1.066,1.328,1.186,16
58136150,"Lo mein, with beef",Fried rice and lo/chow mein,129,9.73,16.18,2.11,1.0,2.77,0.702,0.854,1.095,15
58136160,"Lo mein, with chicken",Fried rice and lo/chow mein,130,9.15,16.15,2.11,1.0,3.15,0.686,1.012,1.221,22
58137210,"Pad Thai, NFS",Fried rice and lo/chow mein,154,8.13,14.36,4.06,1.2,7.5,1.303,3.289,2.116,48
58137220,"Pad Thai, meatless",Fried rice and lo/chow mein,165,5.79,16.34,4.65,1.8,9.2,1.436,3.518,3.447,29
58137230,Pad Thai with chicken,Fried rice and lo/chow mein,154,8.13,14.36,4.06,1.2,7.5,1.303,3.289,2.116,48
58137240,Pad Thai with seafood,Fried rice and lo/chow mein,147,6.84,15.05,4.2,1.2,6.82,1.129,2.946,2.099,60
58137250,Pad Thai with meat,Fried rice and lo/chow mein,160,8.18,14.73,4.17,1.2,7.92,1.578,3.473,2.055,42
58137300,"Adobo, with noodles",Poultry mixed dishes,172,16.89,8.14,0.03,0.4,7.66,2.479,3.469,0.973,72
58140310,"Macaroni with tuna, Puerto Rican style","Pasta mixed dishes, excludes macaroni and cheese",147,7.71,18.13,2.14,0.9,4.74,1.202,1.851,1.236,10
58145110,Macaroni or noodles with cheese,Macaroni and cheese,223,8.68,23.08,2.44,1.2,10.5,5.15,2.408,1.095,25
58145111,"Macaroni or noodles with cheese, from restaurant",Macaroni and cheese,151,5.42,18.8,3.09,1.1,6.06,2.147,1.954,1.663,10
58145112,"Macaroni or noodles with cheese, made from packaged mix",Macaroni and cheese,179,4.64,22.16,3.45,1.0,8.04,3.21,1.919,1.26,15
58145113,"Macaroni or noodles with cheese, canned",Macaroni and cheese,82,3.38,11.52,0.5,0.5,2.46,0.881,0.6,0.303,6
58145117,"Macaroni or noodles with cheese, Easy Mac type",Macaroni and cheese,110,3.26,20.1,2.33,0.5,1.86,0.799,0.462,0.564,2
58145119,"Macaroni or noodles with cheese, made from reduced fat packaged mix",Macaroni and cheese,131,4.57,17.28,2.11,0.6,4.82,1.68,1.655,0.89,12
58145120,Macaroni or noodles with cheese and tuna,Macaroni and cheese,164,7.59,18.23,2.83,0.8,6.79,2.682,1.599,1.087,19
58145135,Macaroni or noodles with cheese and meat,Macaroni and cheese,210,11.79,15.14,2.36,0.7,11.16,4.371,3.842,1.028,40
58145136,"Macaroni or noodles with cheese and meat, prepared from Hamburger Helper mix",Macaroni and cheese,144,8.24,10.27,2.33,0.3,7.59,2.99,3.118,0.256,27
58145140,Macaroni or noodles with cheese and tomato,Macaroni and cheese,148,3.94,18.72,3.35,1.1,6.53,2.598,1.556,1.035,12
58145160,Macaroni or noodles with cheese and frankfurters or hot dogs,Macaroni and cheese,209,6.17,18.71,3.08,0.8,12.25,4.935,4.021,1.224,24
58145170,Macaroni or noodles with cheese and egg,Macaroni and cheese,185,5.91,19.0,2.96,0.8,9.52,3.385,2.677,1.786,78
58145190,Macaroni or noodles with cheese and chicken or turkey,Macaroni and cheese,178,12.53,14.82,2.31,0.7,7.61,2.702,2.235,1.172,49
58145300,"Macaroni or noodles with cheese, whole grain",Macaroni and cheese,219,8.77,22.7,2.53,2.2,10.88,5.183,2.429,1.214,25
58146120,"Pasta with tomato-based sauce, cheese and meat","Pasta mixed dishes, excludes macaroni and cheese",147,7.61,13.34,1.29,0.8,7.1,2.731,2.524,0.968,62
58146150,Pasta with tomato-based sauce and cheese,"Pasta mixed dishes, excludes macaroni and cheese",119,3.74,14.98,3.54,1.7,4.83,1.282,1.507,1.29,6
58146160,"Pasta with vegetables, no sauce or dressing","Pasta mixed dishes, excludes macaroni and cheese",144,4.46,23.1,1.24,2.3,3.54,0.508,1.304,1.332,0
58146210,"Pasta with sauce, NFS","Pasta mixed dishes, excludes macaroni and cheese",125,5.86,19.15,2.44,1.6,2.58,0.74,0.892,0.411,9
58146215,"Pasta with sauce, meatless, school lunch","Pasta mixed dishes, excludes macaroni and cheese",102,3.78,19.44,3.03,2.9,1.6,0.207,0.272,0.541,1
58146221,"Pasta with tomato-based sauce, restaurant","Pasta mixed dishes, excludes macaroni and cheese",160,3.41,18.41,2.72,1.7,7.97,1.077,3.138,3.016,1
58146222,"Pasta with tomato-based sauce, home recipe","Pasta mixed dishes, excludes macaroni and cheese",106,3.69,19.88,2.94,1.8,1.2,0.173,0.249,0.412,1
58146223,"Pasta with tomato-based sauce, ready-to-heat","Pasta mixed dishes, excludes macaroni and cheese",120,3.61,19.44,2.88,1.8,2.98,0.411,1.011,1.099,1
58146301,"Pasta with tomato-based sauce, and added vegetables, restaurant","Pasta mixed dishes, excludes macaroni and cheese",158,3.46,18.14,2.48,1.6,7.84,1.067,3.1,2.979,1
58146302,"Pasta with tomato-based sauce, and added vegetables, home recipe","Pasta mixed dishes, excludes macaroni and cheese",104,3.74,19.59,2.68,1.8,1.06,0.162,0.207,0.371,1
58146303,"Pasta with tomato-based sauce, and added vegetables, ready-to-heat","Pasta mixed dishes, excludes macaroni and cheese",118,3.66,19.16,2.62,1.7,2.85,0.4,0.97,1.059,1
58146315,"Pasta with sauce and meat, from school lunch","Pasta mixed dishes, excludes macaroni and cheese",117,5.95,17.5,2.73,2.6,3.12,0.831,0.994,0.537,10
58146321,"Pasta with tomato-based sauce and meat, restaurant","Pasta mixed dishes, excludes macaroni and cheese",178,5.43,17.74,2.26,1.5,9.25,1.603,3.734,3.016,8
58146322,"Pasta with tomato-based sauce and meat, home recipe","Pasta mixed dishes, excludes macaroni and cheese",125,5.86,19.15,2.44,1.6,2.58,0.74,0.892,0.411,9
58146323,"Pasta with tomato-based sauce and meat, ready-to-heat","Pasta mixed dishes, excludes macaroni and cheese",139,5.74,18.74,2.39,1.6,4.34,0.966,1.641,1.098,8
58146331,"Pasta with tomato-based sauce, meat, and added vegetables, restaurant","Pasta mixed dishes, excludes macaroni and cheese",176,5.47,17.52,2.07,1.5,9.15,1.594,3.702,2.985,8
58146332,"Pasta with tomato-based sauce, meat, and added vegetables, home recipe","Pasta mixed dishes, excludes macaroni and cheese",123,5.91,18.92,2.23,1.6,2.47,0.731,0.858,0.378,8
58146333,"Pasta with tomato-based sauce, meat, and added vegetables, ready-to-heat","Pasta mixed dishes, excludes macaroni and cheese",137,5.78,18.5,2.18,1.6,4.23,0.957,1.607,1.066,8
58146341,"Pasta with tomato-based sauce and poultry, restaurant","Pasta mixed dishes, excludes macaroni and cheese",171,5.59,17.74,2.26,1.5,8.47,1.222,3.324,3.14,9
58146342,"Pasta with tomato-based sauce and poultry, home recipe","Pasta mixed dishes, excludes macaroni and cheese",118,6.04,19.15,2.44,1.6,1.74,0.33,0.449,0.545,9
58146343,"Pasta with tomato-based sauce and poultry, ready-to-heat","Pasta mixed dishes, excludes macaroni and cheese",132,5.91,18.74,2.39,1.6,3.52,0.565,1.207,1.229,9
58146351,"Pasta with tomato-based sauce, poultry, and added vegetables, restaurant","Pasta mixed dishes, excludes macaroni and cheese",169,5.63,17.52,2.07,1.5,8.37,1.214,3.293,3.109,8
58146352,"Pasta with tomato-based sauce, poultry, and added vegetables, home recipe","Pasta mixed dishes, excludes macaroni and cheese",116,6.08,18.92,2.23,1.6,1.63,0.32,0.416,0.512,9
58146353,"Pasta with tomato-based sauce, poultry, and added vegetables, ready-to-heat","Pasta mixed dishes, excludes macaroni and cheese",130,5.95,18.5,2.18,1.6,3.41,0.556,1.174,1.197,9
58146361,"Pasta with tomato-based sauce and seafood, restaurant","Pasta mixed dishes, excludes macaroni and cheese",166,5.16,17.98,2.26,1.5,7.97,1.084,3.12,3.016,13
58146362,"Pasta with tomato-based sauce and seafood, home recipe","Pasta mixed dishes, excludes macaroni and cheese",113,5.58,19.42,2.44,1.6,1.19,0.18,0.229,0.411,14
58146363,"Pasta with tomato-based sauce and seafood, ready-to-heat","Pasta mixed dishes, excludes macaroni and cheese",127,5.45,19.0,2.39,1.6,2.98,0.419,0.992,1.098,14
58146371,"Pasta with tomato-based sauce, seafood, and added vegetables, restaurant","Pasta mixed dishes, excludes macaroni and cheese",164,5.2,17.77,2.07,1.5,7.87,1.075,3.088,2.986,13
58146372,"Pasta with tomato-based sauce, seafood, and added vegetables, home recipe","Pasta mixed dishes, excludes macaroni and cheese",111,5.62,19.18,2.23,1.6,1.09,0.171,0.195,0.378,14
58146373,"Pasta with tomato-based sauce, seafood, and added vegetables, ready-to-heat","Pasta mixed dishes, excludes macaroni and cheese",125,5.5,18.76,2.18,1.6,2.87,0.409,0.958,1.066,14
58146381,"Pasta with cream sauce, restaurant","Pasta mixed dishes, excludes macaroni and cheese",204,3.72,15.56,0.67,0.9,13.95,4.786,4.349,3.059,19
58146382,"Pasta with cream sauce, home recipe","Pasta mixed dishes, excludes macaroni and cheese",154,4.03,16.85,0.72,0.9,7.7,4.195,1.573,0.469,21
58146383,"Pasta with cream sauce, ready-to-heat","Pasta mixed dishes, excludes macaroni and cheese",167,3.94,16.49,0.71,0.9,9.35,4.346,2.306,1.154,21
58146391,"Pasta with cream sauce and added vegetables, restaurant","Pasta mixed dishes, excludes macaroni and cheese",191,3.7,15.95,0.91,1.0,12.41,3.902,4.024,3.009,15
58146392,"Pasta with cream sauce and added vegetables, from home recipe","Pasta mixed dishes, excludes macaroni and cheese",141,4.0,17.27,0.99,1.1,6.04,3.237,1.22,0.415,16
58146393,"Pasta with cream sauce and added vegetables, ready-to-heat","Pasta mixed dishes, excludes macaroni and cheese",154,3.92,16.9,0.96,1.1,7.72,3.409,1.961,1.101,16
58146401,"Pasta with cream sauce and meat, restaurant","Pasta mixed dishes, excludes macaroni and cheese",213,5.67,15.41,0.59,0.9,14.1,4.614,4.714,3.048,23
58146402,"Pasta with cream sauce and meat, home recipe","Pasta mixed dishes, excludes macaroni and cheese",164,6.14,16.69,0.64,0.9,7.87,4.008,1.967,0.457,25
58146403,"Pasta with cream sauce and meat, ready-to-heat","Pasta mixed dishes, excludes macaroni and cheese",177,6.01,16.33,0.63,0.9,9.51,4.163,2.692,1.143,24
58146411,"Pasta with cream sauce, meat, and added vegetables, restaurant","Pasta mixed dishes, excludes macaroni and cheese",203,5.65,15.73,0.79,1.0,12.85,3.895,4.449,3.007,19
58146412,"Pasta with cream sauce, meat, and added vegetables, home recipe","Pasta mixed dishes, excludes macaroni and cheese",153,6.12,17.04,0.86,1.1,6.52,3.23,1.681,0.413,21
58146413,"Pasta with cream sauce, meat, and added vegetables, ready-to-heat","Pasta mixed dishes, excludes macaroni and cheese",166,5.99,16.67,0.84,1.0,8.19,3.402,2.412,1.1,20
58146421,"Pasta with cream sauce and poultry, restaurant","Pasta mixed dishes, excludes macaroni and cheese",206,5.83,15.41,0.59,0.9,13.33,4.235,4.305,3.171,24
58146422,"Pasta with cream sauce and poultry, home recipe","Pasta mixed dishes, excludes macaroni and cheese",157,6.32,16.69,0.64,0.9,7.03,3.597,1.525,0.591,26
58146423,"Pasta with cream sauce and poultry, ready-to-heat","Pasta mixed dishes, excludes macaroni and cheese",170,6.18,16.33,0.63,0.9,8.69,3.761,2.259,1.274,25
58146431,"Pasta with cream sauce, poultry, and added vegetables, restaurant","Pasta mixed dishes, excludes macaroni and cheese",196,5.81,15.73,0.79,1.0,12.08,3.516,4.04,3.131,20
58146432,"Pasta with cream sauce, poultry, and added vegetables, home recipe","Pasta mixed dishes, excludes macaroni and cheese",146,6.3,17.04,0.86,1.1,5.68,2.819,1.238,0.547,22
58146433,"Pasta with cream sauce, poultry, and added vegetables, ready-to-heat","Pasta mixed dishes, excludes macaroni and cheese",159,6.16,16.67,0.84,1.0,7.37,3.0,1.979,1.231,21
58146441,"Pasta with cream sauce and seafood, restaurant","Pasta mixed dishes, excludes macaroni and cheese",202,5.4,15.66,0.59,0.9,12.82,4.097,4.102,3.048,28
58146442,"Pasta with cream sauce and seafood, home recipe","Pasta mixed dishes, excludes macaroni and cheese",152,5.86,16.96,0.64,0.9,6.48,3.448,1.304,0.457,31
58146443,"Pasta with cream sauce and seafood, ready-to-heat","Pasta mixed dishes, excludes macaroni and cheese",165,5.73,16.59,0.63,0.9,8.15,3.615,2.044,1.143,30
58146451,"Pasta with cream sauce, seafood, and added vegetables, restaurant","Pasta mixed dishes, excludes macaroni and cheese",191,5.38,15.97,0.79,1.0,11.57,3.378,3.837,3.008,25
58146452,"Pasta with cream sauce, seafood, and added vegetables, home recipe","Pasta mixed dishes, excludes macaroni and cheese",141,5.83,17.3,0.86,1.1,5.13,2.67,1.017,0.414,27
58146453,"Pasta with cream sauce, seafood, and added vegetables, ready-to-heat","Pasta mixed dishes, excludes macaroni and cheese",154,5.71,16.93,0.84,1.0,6.83,2.854,1.763,1.1,26
58146601,"Pasta, whole grain, with tomato-based sauce, restaurant","Pasta mixed dishes, excludes macaroni and cheese",156,3.51,18.03,2.81,2.7,8.34,1.11,3.16,3.136,1
58146602,"Pasta, whole grain, with tomato-based sauce, home recipe","Pasta mixed dishes, excludes macaroni and cheese",102,3.78,19.47,3.04,2.9,1.6,0.208,0.272,0.54,1
58146603,"Pasta, whole grain, with tomato-based sauce, ready-to-heat","Pasta mixed dishes, excludes macaroni and cheese",116,3.7,19.05,2.97,2.8,3.38,0.445,1.034,1.224,1
58146611,"Pasta, whole grain, with tomato-based sauce and added vegetables, restaurant","Pasta mixed dishes, excludes macaroni and cheese",154,3.56,17.76,2.57,2.6,8.22,1.099,3.121,3.098,1
58146612,"Pasta, whole grain, with tomato-based sauce and added vegetables, home recipe","Pasta mixed dishes, excludes macaroni and cheese",99,3.84,19.18,2.78,2.9,1.47,0.196,0.23,0.5,1
58146613,"Pasta, whole grain, with tomato-based sauce and added vegetables, ready-to-heat","Pasta mixed dishes, excludes macaroni and cheese",114,3.76,18.76,2.72,2.8,3.25,0.434,0.993,1.185,1
58146621,"Pasta, whole grain, with tomato-based sauce and meat, restaurant","Pasta mixed dishes, excludes macaroni and cheese",174,5.52,17.36,2.35,2.5,9.62,1.635,3.756,3.135,8
58146622,"Pasta, whole grain, with tomato-based sauce and meat, home recipe","Pasta mixed dishes, excludes macaroni and cheese",121,5.96,18.74,2.54,2.7,2.98,0.775,0.916,0.539,9
58146623,"Pasta, whole grain, with tomato-based sauce and meat, ready-to-heat","Pasta mixed dishes, excludes macaroni and cheese",134,5.83,18.33,2.48,2.7,4.73,1.0,1.663,1.223,8
58146631,"Pasta, whole grain, with tomato-based sauce, meat, and added vegetables, restaurant","Pasta mixed dishes, excludes macaroni and cheese",172,5.57,17.14,2.16,2.5,9.52,1.626,3.724,3.104,8
58146632,"Pasta, whole grain, with tomato-based sauce, meat, and added vegetables, home recipe","Pasta mixed dishes, excludes macaroni and cheese",119,6.01,18.51,2.33,2.7,2.88,0.766,0.881,0.507,8
58146633,"Pasta, whole grain, with tomato-based sauce, meat, and added vegetables, ready-to-heat","Pasta mixed dishes, excludes macaroni and cheese",133,5.88,18.1,2.28,2.6,4.62,0.991,1.63,1.191,8
58146641,"Pasta, whole grain, with tomato-based sauce and poultry, restaurant","Pasta mixed dishes, excludes macaroni and cheese",167,5.68,17.36,2.35,2.5,8.85,1.255,3.345,3.259,9
58146642,"Pasta, whole grain, with tomato-based sauce and poultry, home recipe","Pasta mixed dishes, excludes macaroni and cheese",113,6.14,18.74,2.54,2.7,2.15,0.364,0.473,0.673,9
58146643,"Pasta, whole grain, with tomato-based sauce and poultry, ready-to-heat","Pasta mixed dishes, excludes macaroni and cheese",127,6.0,18.33,2.48,2.7,3.91,0.599,1.23,1.354,9
58146651,"Pasta, whole grain, with tomato-based sauce, poultry, and added vegetables, restaurant","Pasta mixed dishes, excludes macaroni and cheese",165,5.72,17.14,2.16,2.5,8.75,1.246,3.314,3.228,8
58146652,"Pasta, whole grain, with tomato-based sauce, poultry, and added vegetables, home recipe","Pasta mixed dishes, excludes macaroni and cheese",111,6.18,18.51,2.33,2.7,2.04,0.355,0.439,0.64,9
58146653,"Pasta, whole grain, with tomato-based sauce, poultry, and added vegetables, ready-to-heat","Pasta mixed dishes, excludes macaroni and cheese",125,6.05,18.1,2.28,2.6,3.8,0.59,1.197,1.322,9
58146661,"Pasta, whole grain, with tomato-based sauce and seafood, restaurant","Pasta mixed dishes, excludes macaroni and cheese",162,5.26,17.61,2.35,2.5,8.34,1.116,3.141,3.135,13
58146662,"Pasta, whole grain, with tomato-based sauce and seafood, home recipe","Pasta mixed dishes, excludes macaroni and cheese",108,5.67,19.01,2.54,2.7,1.6,0.215,0.252,0.54,14
58146663,"Pasta, whole grain, with tomato-based sauce and seafood, ready-to-heat","Pasta mixed dishes, excludes macaroni and cheese",122,5.55,18.59,2.48,2.7,3.38,0.453,1.014,1.224,14
58146671,"Pasta, whole grain, with tomato-based sauce, seafood, and added vegetables, restaurant","Pasta mixed dishes, excludes macaroni and cheese",160,5.3,17.39,2.16,2.5,8.24,1.107,3.11,3.105,13
58146672,"Pasta, whole grain, with tomato-based sauce, seafood, and added vegetables, home recipe","Pasta mixed dishes, excludes macaroni and cheese",106,5.72,18.77,2.33,2.7,1.49,0.205,0.218,0.507,14
58146673,"Pasta, whole grain, with tomato-based sauce, seafood, and added vegetables, ready-to-heat","Pasta mixed dishes, excludes macaroni and cheese",120,5.59,18.36,2.28,2.6,3.27,0.443,0.981,1.192,14
58146681,"Pasta, whole grain, with cream sauce, restaurant","Pasta mixed dishes, excludes macaroni and cheese",200,3.81,15.18,0.76,1.9,14.32,4.818,4.371,3.177,19
58146682,"Pasta, whole grain, with cream sauce, home recipe","Pasta mixed dishes, excludes macaroni and cheese",150,4.13,16.44,0.82,2.0,8.11,4.23,1.596,0.597,21
58146683,"Pasta, whole grain, with cream sauce, ready-to-heat","Pasta mixed dishes, excludes macaroni and cheese",163,4.04,16.09,0.81,2.0,9.74,4.38,2.329,1.28,21
58146691,"Pasta, whole grain, with cream sauce, and added vegetables, restaurant","Pasta mixed dishes, excludes macaroni and cheese",187,3.79,15.57,1.0,2.0,12.79,3.934,4.045,3.128,15
58146692,"Pasta, whole grain, with cream sauce, and added vegetables, home recipe","Pasta mixed dishes, excludes macaroni and cheese",136,4.1,16.87,1.08,2.2,6.44,3.272,1.243,0.543,16
58146693,"Pasta, whole grain, with cream sauce, and added vegetables, ready-to-heat","Pasta mixed dishes, excludes macaroni and cheese",149,4.01,16.5,1.06,2.1,8.12,3.443,1.984,1.227,16
58146701,"Pasta, whole grain, with cream sauce and meat, restaurant","Pasta mixed dishes, excludes macaroni and cheese",209,5.76,15.03,0.68,1.9,14.48,4.646,4.735,3.167,23
58146702,"Pasta, whole grain, with cream sauce and meat, home recipe","Pasta mixed dishes, excludes macaroni and cheese",160,6.24,16.28,0.74,2.0,8.27,4.043,1.991,0.586,25
58146703,"Pasta, whole grain, with cream sauce and meat, ready-to-heat","Pasta mixed dishes, excludes macaroni and cheese",172,6.11,15.93,0.73,2.0,9.9,4.197,2.715,1.269,24
58146711,"Pasta, whole grain, with cream sauce, meat, and added vegetables, restaurant","Pasta mixed dishes, excludes macaroni and cheese",199,5.74,15.35,0.88,2.0,13.23,3.928,4.471,3.126,19
58146712,"Pasta, whole grain, with cream sauce, meat, and added vegetables, home recipe","Pasta mixed dishes, excludes macaroni and cheese",149,6.22,16.63,0.95,2.2,6.92,3.265,1.704,0.542,21
58146713,"Pasta, whole grain, with cream sauce, meat, and added vegetables, ready-to-heat","Pasta mixed dishes, excludes macaroni and cheese",162,6.09,16.27,0.93,2.1,8.58,3.436,2.435,1.226,20
58146721,"Pasta, whole grain, with cream sauce and poultry, restaurant","Pasta mixed dishes, excludes macaroni and cheese",202,5.92,15.03,0.68,1.9,13.7,4.267,4.327,3.29,24
58146722,"Pasta, whole grain, with cream sauce and poultry, home recipe","Pasta mixed dishes, excludes macaroni and cheese",152,6.42,16.28,0.74,2.0,7.44,3.632,1.548,0.719,26
58146723,"Pasta, whole grain, with cream sauce and poultry, ready-to-heat","Pasta mixed dishes, excludes macaroni and cheese",165,6.28,15.93,0.73,2.0,9.09,3.795,2.282,1.4,25
58146731,"Pasta, whole grain, with cream sauce, poultry, and added vegetables, restaurant","Pasta mixed dishes, excludes macaroni and cheese",192,5.9,15.35,0.88,2.0,12.45,3.548,4.062,3.25,20
58146732,"Pasta, whole grain, with cream sauce, poultry, and added vegetables, home recipe","Pasta mixed dishes, excludes macaroni and cheese",141,6.39,16.63,0.95,2.2,6.08,2.854,1.261,0.676,22
58146733,"Pasta, whole grain, with cream sauce, poultry, and added vegetables, ready-to-heat","Pasta mixed dishes, excludes macaroni and cheese",154,6.26,16.27,0.93,2.1,7.76,3.034,2.002,1.357,21
58146741,"Pasta, whole grain, with cream sauce and seafood, restaurant","Pasta mixed dishes, excludes macaroni and cheese",197,5.5,15.28,0.68,1.9,13.2,4.129,4.123,3.167,28
58146742,"Pasta, whole grain, with cream sauce and seafood, home recipe","Pasta mixed dishes, excludes macaroni and cheese",147,5.95,16.55,0.74,2.0,6.89,3.483,1.328,0.586,31
58146743,"Pasta, whole grain, with cream sauce and seafood, ready-to-heat","Pasta mixed dishes, excludes macaroni and cheese",160,5.82,16.19,0.73,2.0,8.55,3.649,2.067,1.269,30
58146751,"Pasta, whole grain, with cream sauce, seafood, and added vegetables, restaurant","Pasta mixed dishes, excludes macaroni and cheese",187,5.48,15.59,0.88,2.0,11.95,3.41,3.858,3.127,25
58146752,"Pasta, whole grain, with cream sauce, seafood, and added vegetables, home recipe","Pasta mixed dishes, excludes macaroni and cheese",136,5.93,16.89,0.95,2.2,5.54,2.704,1.041,0.542,27
58146753,"Pasta, whole grain, with cream sauce, seafood, and added vegetables, ready-to-heat","Pasta mixed dishes, excludes macaroni and cheese",149,5.8,16.53,0.93,2.1,7.23,2.888,1.786,1.226,26
58147110,Pasta with tomato-based sauce and beans or lentils,"Pasta mixed dishes, excludes macaroni and cheese",125,5.23,20.94,2.2,3.0,2.28,0.326,0.751,0.848,1
58147330,"Macaroni or noodles, creamed, with cheese",Macaroni and cheese,158,4.72,22.03,0.68,1.3,5.49,2.874,1.1,0.428,14
58147340,"Macaroni or noodles, creamed, with cheese and tuna",Macaroni and cheese,143,7.85,17.35,0.54,1.0,4.52,2.31,0.89,0.393,19
58147510,Flavored pasta,"Pasta mixed dishes, excludes macaroni and cheese",87,2.47,14.45,0.99,0.4,2.21,0.436,0.993,0.719,0
58147520,"Yat Ga Mein with meat, fish, or poultry",Fried rice and lo/chow mein,134,10.36,11.16,1.54,1.5,5.57,1.65,2.199,1.172,26
58148110,"Macaroni or pasta salad, made with mayonnaise","Pasta mixed dishes, excludes macaroni and cheese",221,4.46,24.65,1.85,1.4,11.52,1.824,2.538,6.7,6
58148111,"Macaroni or pasta salad, made with light mayonnaise","Pasta mixed dishes, excludes macaroni and cheese",159,4.32,25.68,2.3,1.4,4.16,0.669,0.883,2.264,2
58148112,"Macaroni or pasta salad, made with mayonnaise-type salad dressing","Pasta mixed dishes, excludes macaroni and cheese",160,4.38,26.58,3.28,1.4,4.01,0.652,0.877,2.106,3
58148113,"Macaroni or pasta salad, made with light mayonnaise-type salad dressing","Pasta mixed dishes, excludes macaroni and cheese",159,4.32,25.68,2.3,1.4,4.16,0.669,0.883,2.264,2
58148114,"Macaroni or pasta salad, made with Italian dressing","Pasta mixed dishes, excludes macaroni and cheese",133,3.7,20.9,2.37,1.6,3.72,0.584,1.169,1.528,0
58148115,"Macaroni or pasta salad, made with light Italian dressing","Pasta mixed dishes, excludes macaroni and cheese",116,3.68,20.61,2.19,1.6,2.0,0.332,0.702,0.635,0
58148116,"Macaroni or pasta salad, made with creamy dressing","Pasta mixed dishes, excludes macaroni and cheese",156,3.8,20.11,1.65,1.6,6.62,1.081,1.615,3.389,3
58148117,"Macaroni or pasta salad, made with light creamy dressing","Pasta mixed dishes, excludes macaroni and cheese",123,3.82,20.22,1.78,1.6,2.92,0.493,0.897,1.233,0
58148118,"Macaroni or pasta salad, made with any type of fat free dressing","Pasta mixed dishes, excludes macaroni and cheese",134,4.25,26.54,3.42,1.7,1.14,0.23,0.413,0.252,1
58148120,Macaroni or pasta salad with egg,"Pasta mixed dishes, excludes macaroni and cheese",215,5.18,22.54,1.79,1.3,11.44,1.954,2.676,6.226,39
58148130,Macaroni or pasta salad with tuna,"Pasta mixed dishes, excludes macaroni and cheese",200,6.69,20.88,1.57,1.2,9.9,1.579,2.166,5.712,11
58148140,Macaroni or pasta salad with crab meat,"Pasta mixed dishes, excludes macaroni and cheese",201,6.48,20.94,1.57,1.2,9.9,1.58,2.175,5.73,20
58148150,Macaroni or pasta salad with shrimp,"Pasta mixed dishes, excludes macaroni and cheese",203,6.86,20.94,1.57,1.2,9.99,1.578,2.172,5.794,43
58148160,Macaroni or pasta salad with tuna and egg,"Pasta mixed dishes, excludes macaroni and cheese",197,7.14,19.36,1.53,1.1,9.96,1.709,2.313,5.382,39
58148170,Macaroni or pasta salad with chicken,"Pasta mixed dishes, excludes macaroni and cheese",213,7.82,20.94,1.57,1.2,10.75,1.787,2.563,5.833,22
58148180,Macaroni or pasta salad with cheese,"Pasta mixed dishes, excludes macaroni and cheese",246,6.89,21.78,1.66,1.3,14.43,4.069,3.171,5.987,18
58148550,Macaroni or pasta salad with meat,"Pasta mixed dishes, excludes macaroni and cheese",211,7.65,20.82,1.56,1.2,10.59,1.827,2.537,5.758,14
58149110,Noodle pudding,"Pasta mixed dishes, excludes macaroni and cheese",209,5.94,31.02,11.08,1.6,7.4,1.656,3.037,1.959,95
58150100,"Bibimbap, Korean",Rice mixed dishes,76,5.5,8.11,1.52,1.1,2.44,0.49,0.898,0.781,10
58150110,"Rice, fried, meatless",Fried rice and lo/chow mein,174,3.84,32.5,0.62,1.1,3.19,0.493,0.588,1.13,18
58150310,"Rice, fried, NFS",Fried rice and lo/chow mein,174,3.84,32.5,0.62,1.1,3.19,0.493,0.588,1.13,18
58150320,"Rice, fried, with chicken",Fried rice and lo/chow mein,173,7.28,27.62,0.53,0.9,3.66,0.656,0.906,1.101,32
58150330,"Rice, fried, with pork",Fried rice and lo/chow mein,179,7.56,27.62,0.53,0.9,4.16,0.946,1.148,1.074,27
58150340,"Rice, fried, with beef",Fried rice and lo/chow mein,178,7.86,27.62,0.53,0.9,4.06,0.931,1.075,1.016,29
58150510,"Rice, fried, with shrimp",Fried rice and lo/chow mein,166,6.68,27.85,0.53,0.9,2.97,0.497,0.554,1.049,47
58150520,"Dukboki or Tteokbokki, Korean",Rice mixed dishes,131,4.11,19.61,1.52,0.8,4.05,0.939,0.821,1.914,6
58150530,"Adobo, with rice",Poultry mixed dishes,181,17.69,8.86,0.03,0.2,7.94,2.58,3.607,1.022,75
58151100,"Sushi, NFS","Egg rolls, dumplings, sushi",94,2.92,18.39,2.13,1.0,0.67,0.133,0.397,0.131,4
58151170,"Sushi roll, avocado","Egg rolls, dumplings, sushi",93,1.8,17.65,1.21,1.4,1.47,0.223,0.927,0.217,0
58151180,"Sushi roll, California","Egg rolls, dumplings, sushi",94,2.92,18.39,2.13,1.0,0.67,0.133,0.397,0.131,4
58151190,"Sushi roll, eel","Egg rolls, dumplings, sushi",116,5.95,15.3,0.92,0.7,2.98,0.603,1.803,0.279,31
58151200,"Sushi roll, salmon","Egg rolls, dumplings, sushi",103,6.88,15.3,0.92,0.7,1.28,0.226,0.383,0.32,12
58151210,"Sushi roll, shrimp","Egg rolls, dumplings, sushi",100,7.01,15.67,0.92,0.7,0.55,0.154,0.136,0.192,51
58151220,Sushi roll tuna,"Egg rolls, dumplings, sushi",97,7.4,15.3,0.92,0.7,0.26,0.069,0.076,0.084,10
58151230,"Sushi roll, vegetable","Egg rolls, dumplings, sushi",93,1.8,17.65,1.21,1.4,1.47,0.223,0.927,0.217,0
58151400,"Sushi, topped with crab","Egg rolls, dumplings, sushi",95,3.85,18.58,2.97,0.8,0.28,0.098,0.137,0.091,7
58151410,"Sushi, topped with eel","Egg rolls, dumplings, sushi",126,7.6,13.39,0.8,0.6,4.16,0.84,2.533,0.369,44
58151420,"Sushi, topped with salmon","Egg rolls, dumplings, sushi",107,8.92,13.39,0.8,0.6,1.74,0.305,0.517,0.428,18
58151430,"Sushi, topped with shrimp","Egg rolls, dumplings, sushi",103,9.1,13.91,0.8,0.6,0.7,0.204,0.167,0.246,73
58151440,"Sushi, topped with tuna","Egg rolls, dumplings, sushi",100,9.66,13.39,0.8,0.6,0.29,0.083,0.082,0.092,14
58151450,"Sushi, topped with egg","Egg rolls, dumplings, sushi",119,7.32,10.25,0.69,0.4,5.23,1.669,1.905,0.971,212
58155320,"Seafood paella, Puerto Rican style",Rice mixed dishes,146,7.59,15.7,0.85,0.9,5.64,0.93,3.594,0.669,41
58155410,"Soupy rice with chicken, Puerto Rican style","Soups, broth-based",151,12.07,16.47,1.17,1.4,4.04,0.926,1.955,0.599,42
58155510,"Soupy rice mixture with chicken and potatoes, Puerto Rican style","Soups, broth-based",112,6.34,12.07,0.59,0.9,4.26,1.228,1.848,0.571,28
58155810,"Stewed rice, Puerto Rican style",Rice mixed dishes,224,3.96,33.43,0.34,0.7,7.8,1.648,3.467,2.221,4
58155910,"Rice with squid, Puerto Rican style",Rice mixed dishes,264,8.87,29.31,1.1,0.8,11.8,1.897,7.336,1.665,93
58156210,"Rice with vienna sausage, Puerto Rican style",Rice mixed dishes,269,6.46,33.54,0.41,0.8,11.6,3.296,5.4,2.171,24
58156310,"Rice with Spanish sausage, Puerto Rican style",Rice mixed dishes,289,8.39,32.39,0.4,0.8,13.58,3.729,5.837,3.068,30
58156710,"Rice with stewed beans, Puerto Rican style",Rice mixed dishes,138,3.66,23.02,0.1,1.5,3.23,0.466,1.326,1.224,0
58157300,"Congee, with meat, poultry, and/or seafood",Rice mixed dishes,58,4.34,7.0,0.01,0.1,1.28,0.449,0.542,0.134,14
58157310,"Congee, with meat, poultry, and/or seafood, and vegetables",Rice mixed dishes,48,2.73,7.44,0.19,0.3,0.7,0.238,0.283,0.088,7
58157320,"Congee, with vegetables",Rice mixed dishes,38,1.12,7.88,0.37,0.4,0.12,0.027,0.023,0.042,0
58157330,"Congee, with egg",Rice mixed dishes,60,3.12,6.91,0.05,0.1,2.06,0.658,0.747,0.382,82
58160000,Biryani with vegetables,Rice mixed dishes,109,1.93,17.91,1.18,1.2,3.2,1.705,0.676,0.152,9
58160100,"Beans and rice, from fast food / restaurant","Bean, pea, legume dishes",185,6.29,24.41,0.2,3.6,6.99,0.973,2.885,2.681,0
58160102,"Kidney beans and rice, from fast food / restaurant","Bean, pea, legume dishes",179,5.72,23.17,0.19,4.2,7.07,0.963,2.89,2.747,0
58160104,"Black beans and rice, from fast food / restaurant","Bean, pea, legume dishes",182,5.82,23.66,0.19,4.9,7.09,0.999,2.894,2.723,0
58160106,"Pinto beans and rice, from fast food / restaurant","Bean, pea, legume dishes",188,5.9,25.02,0.2,5.0,7.15,0.997,2.941,2.726,0
58160110,Beans and white rice,"Bean, pea, legume dishes",164,6.5,25.19,0.21,3.7,4.21,0.603,1.706,1.614,0
58160120,"Beans and rice, with tomatoes","Bean, pea, legume dishes",137,4.7,21.9,0.81,3.8,3.46,0.498,1.379,1.315,0
58160132,"Beans and rice, with meat","Bean, pea, legume dishes",162,7.49,23.54,0.25,4.4,4.24,0.722,1.741,1.474,6
58160150,Kidney beans and white rice,"Bean, pea, legume dishes",158,5.9,23.91,0.2,4.3,4.29,0.592,1.711,1.683,0
58160154,Black beans and white rice,"Bean, pea, legume dishes",160,6.01,24.42,0.2,5.0,4.32,0.63,1.715,1.658,0
58160156,Pinto beans and white rice,"Bean, pea, legume dishes",167,6.09,25.82,0.21,5.2,4.38,0.628,1.763,1.661,0
58160400,"Rice, white, with corn, NS as to fat",Rice mixed dishes,134,2.58,25.21,0.81,0.9,2.5,0.367,1.018,0.955,0
58160410,"Rice, white, with corn, no added fat",Rice mixed dishes,117,2.64,25.76,0.83,0.9,0.38,0.083,0.116,0.138,0
58160420,"Rice, white, with corn, fat added",Rice mixed dishes,134,2.58,25.21,0.81,0.9,2.5,0.367,1.018,0.955,0
58160430,"Rice, white, with peas, NS as to fat",Rice mixed dishes,133,3.22,24.03,1.11,1.4,2.42,0.356,0.983,0.914,0
58160440,"Rice, white, with peas, no added fat",Rice mixed dishes,116,3.29,24.56,1.14,1.4,0.28,0.07,0.072,0.089,0
58160450,"Rice, white, with peas, fat added",Rice mixed dishes,133,3.22,24.03,1.11,1.4,2.42,0.356,0.983,0.914,0
58160460,"Rice, white, with carrots, NS as to fat",Rice mixed dishes,123,2.16,22.64,0.86,1.0,2.42,0.353,0.984,0.909,0
58160470,"Rice, white, with carrots, no added fat",Rice mixed dishes,106,2.2,23.14,0.88,1.0,0.25,0.065,0.067,0.079,0
58160480,"Rice, white, with carrots, fat added",Rice mixed dishes,123,2.16,22.64,0.86,1.0,2.42,0.353,0.984,0.909,0
58160490,"Rice, white, with peas and carrots, NS as to fat",Rice mixed dishes,128,2.69,23.25,1.08,1.2,2.45,0.35,0.98,0.918,0
58160500,"Rice, white, with peas and carrots, no added fat",Rice mixed dishes,111,2.75,23.76,1.11,1.3,0.3,0.063,0.069,0.093,0
58160510,"Rice, white, with peas and carrots, fat added",Rice mixed dishes,128,2.69,23.25,1.08,1.2,2.45,0.35,0.98,0.918,0
58160520,"Rice, white, with tomatoes and/or tomato-based sauce, NS as to fat",Rice mixed dishes,107,2.0,19.41,0.87,0.9,2.18,0.317,0.882,0.818,0
58160530,"Rice, white, with tomatoes and/or tomato-based sauce, no added fat",Rice mixed dishes,91,2.04,19.79,0.89,0.9,0.27,0.062,0.072,0.084,0
58160540,"Rice, white, with tomatoes and/or tomato-based sauce, fat added",Rice mixed dishes,107,2.0,19.41,0.87,0.9,2.18,0.317,0.882,0.818,0
58160550,"Rice, white, with dark green vegetables, NS as to fat",Rice mixed dishes,125,2.62,22.21,0.39,0.9,2.45,0.356,0.984,0.891,0
58160560,"Rice, white, with dark green vegetables, no added fat",Rice mixed dishes,107,2.67,22.7,0.4,0.9,0.3,0.068,0.069,0.061,0
58160570,"Rice, white, with dark green vegetables, fat added",Rice mixed dishes,125,2.62,22.21,0.39,0.9,2.45,0.356,0.984,0.891,0
58160580,"Rice, white, with carrots and tomatoes and/or tomato-based sauce, NS as to fat",Rice mixed dishes,114,2.07,20.91,0.87,0.9,2.29,0.334,0.929,0.86,0
58160590,"Rice, white, with carrots and tomatoes and/or tomato-based sauce, no added fat",Rice mixed dishes,98,2.12,21.34,0.89,1.0,0.26,0.064,0.07,0.082,0
58160600,"Rice, white, with carrots and tomatoes and/or tomato-based sauce, fat added",Rice mixed dishes,114,2.07,20.91,0.87,0.9,2.29,0.334,0.929,0.86,0
58160610,"Rice, white, with dark green vegetables and tomatoes and/or tomato-based sauce, NS as to fat",Rice mixed dishes,115,2.29,20.78,0.64,0.9,2.32,0.336,0.934,0.856,0
58160620,"Rice, white, with dark green vegetables and tomatoes and/or tomato-based sauce, no added fat",Rice mixed dishes,99,2.34,21.21,0.65,0.9,0.28,0.065,0.07,0.074,0
58160630,"Rice, white, with dark green vegetables and tomatoes and/or tomato-based sauce, fat added",Rice mixed dishes,115,2.29,20.78,0.64,0.9,2.32,0.336,0.934,0.856,0
58160640,"Rice, white, with carrots and dark green vegetables, NS as to fat",Rice mixed dishes,124,2.38,22.49,0.62,0.9,2.44,0.356,0.988,0.904,0
58160650,"Rice, white, with carrots and dark green vegetables, no added fat",Rice mixed dishes,107,2.44,22.99,0.64,1.0,0.28,0.067,0.068,0.07,0
58160660,"Rice, white, with carrots and dark green vegetables, fat added",Rice mixed dishes,124,2.38,22.49,0.62,0.9,2.44,0.356,0.988,0.904,0
58160670,"Rice, white, with carrots, dark green vegetables, and tomatoes and/or tomato-based sauce, NS as to fat",Rice mixed dishes,115,2.26,20.84,0.74,1.0,2.28,0.331,0.916,0.842,0
58160680,"Rice, white, with carrots, dark green vegetables, and tomatoes and/or tomato-based sauce, no added fat",Rice mixed dishes,101,2.3,21.81,0.73,0.9,0.27,0.065,0.069,0.075,0
58160690,"Rice, white, with carrots, dark green vegetables, and tomatoes and/or tomato-based sauce, fat added",Rice mixed dishes,118,2.25,21.35,0.71,0.9,2.35,0.341,0.948,0.872,0
58160700,"Rice, white, with other vegetables, NS as to fat",Rice mixed dishes,124,2.3,22.68,0.9,0.8,2.41,0.359,0.985,0.902,0
58160710,"Rice, white, with other vegetables, no added fat",Rice mixed dishes,107,2.36,23.16,0.95,0.7,0.26,0.066,0.07,0.08,0
58160720,"Rice, white, with other vegetables, fat added",Rice mixed dishes,124,2.3,22.68,0.9,0.8,2.41,0.359,0.985,0.902,0
58160800,"Rice, white, with lentils, NS as to fat",Rice mixed dishes,150,5.5,21.43,1.29,4.1,4.83,0.664,1.979,1.856,0
58160805,"Rice, white, with lentils, fat added",Rice mixed dishes,150,5.5,21.43,1.29,4.1,4.83,0.664,1.979,1.856,0
58160810,"Rice, white, with lentils, no added fat",Rice mixed dishes,115,5.76,22.44,1.35,4.3,0.33,0.064,0.071,0.13,0
58161200,"Rice, cooked with coconut milk",Rice mixed dishes,267,3.57,26.55,3.34,1.9,17.23,15.17,0.781,0.235,0
58161320,Beans and brown rice,"Bean, pea, legume dishes",162,6.4,24.29,0.28,3.9,4.54,0.652,1.813,1.718,0
58161321,Kidney beans and brown rice,"Bean, pea, legume dishes",155,5.81,23.02,0.27,4.5,4.63,0.641,1.817,1.787,0
58161322,Black beans and brown rice,"Bean, pea, legume dishes",158,5.91,23.52,0.27,5.3,4.65,0.679,1.822,1.762,0
58161323,Pinto beans and brown rice,"Bean, pea, legume dishes",164,6.0,24.92,0.28,5.4,4.71,0.677,1.87,1.765,0
58161420,"Rice, brown, with corn, NS as to fat",Rice mixed dishes,128,2.64,23.66,0.84,1.7,2.71,0.464,1.097,1.049,0
58161422,"Rice, brown, with corn, no added fat",Rice mixed dishes,113,2.69,24.1,0.86,1.8,0.9,0.225,0.33,0.354,0
58161424,"Rice, brown, with corn, fat added",Rice mixed dishes,128,2.64,23.66,0.84,1.7,2.71,0.464,1.097,1.049,0
58161430,"Rice, brown, with peas, NS as to fat",Rice mixed dishes,127,3.18,22.64,1.1,2.2,2.64,0.456,1.068,1.015,0
58161432,"Rice, brown, with peas, no added fat",Rice mixed dishes,113,3.24,23.07,1.12,2.2,0.82,0.214,0.294,0.314,0
58161434,"Rice, brown, with peas, fat added",Rice mixed dishes,127,3.18,22.64,1.1,2.2,2.64,0.456,1.068,1.015,0
58161435,"Rice, brown, with carrots, NS as to fat",Rice mixed dishes,119,2.27,21.43,0.9,1.9,2.63,0.454,1.069,1.01,0
58161437,"Rice, brown, with carrots, no added fat",Rice mixed dishes,104,2.31,21.84,0.91,1.9,0.8,0.211,0.291,0.306,0
58161439,"Rice, brown, with carrots, fat added",Rice mixed dishes,119,2.27,21.43,0.9,1.9,2.63,0.454,1.069,1.01,0
58161440,"Rice, brown, with peas and carrots, NS as to fat",Rice mixed dishes,123,2.73,21.97,1.08,2.0,2.66,0.451,1.066,1.018,0
58161442,"Rice, brown, with peas and carrots, no added fat",Rice mixed dishes,109,2.78,22.39,1.1,2.1,0.84,0.209,0.292,0.318,0
58161444,"Rice, brown, with peas and carrots, fat added",Rice mixed dishes,123,2.73,21.97,1.08,2.0,2.66,0.451,1.066,1.018,0
58161460,"Rice, brown, with tomatoes and/or tomato based sauce, NS as to fat",Rice mixed dishes,105,2.13,18.77,0.89,1.7,2.41,0.413,0.973,0.922,0
58161462,"Rice, brown, with tomatoes and/or tomato based sauce, no added fat",Rice mixed dishes,92,2.16,19.08,0.91,1.7,0.76,0.194,0.272,0.288,0
58161464,"Rice, brown, with tomatoes and/or tomato based sauce, fat added",Rice mixed dishes,105,2.13,18.77,0.89,1.7,2.41,0.413,0.973,0.922,0
58161470,"Rice, brown, with dark green vegetables, NS as to fat",Rice mixed dishes,120,2.67,21.09,0.48,1.7,2.67,0.456,1.07,0.996,0
58161472,"Rice, brown, with dark green vegetables, no added fat",Rice mixed dishes,105,2.72,21.48,0.49,1.8,0.84,0.213,0.292,0.292,0
58161474,"Rice, brown, with dark green vegetables, fat added",Rice mixed dishes,120,2.67,21.09,0.48,1.7,2.67,0.456,1.07,0.996,0
58161480,"Rice, brown, with carrots and tomatoes and/or tomato-based sauce, NS as to fat",Rice mixed dishes,111,2.2,20.02,0.9,1.7,2.51,0.432,1.018,0.963,0
58161482,"Rice, brown, with carrots and tomatoes and/or tomato-based sauce, no added fat",Rice mixed dishes,97,2.24,20.38,0.91,1.8,0.78,0.202,0.281,0.297,0
58161484,"Rice, brown, with carrots and tomatoes and/or tomato-based sauce, fat added",Rice mixed dishes,111,2.2,20.02,0.9,1.7,2.51,0.432,1.018,0.963,0
58161490,"Rice, brown, with dark green vegetables and tomatoes and/or tomato-based sauce, NS as to fat",Rice mixed dishes,112,2.38,19.91,0.7,1.7,2.54,0.434,1.022,0.96,0
58161492,"Rice, brown, with dark green vegetables and tomatoes and/or tomato-based sauce, no added fat",Rice mixed dishes,98,2.42,20.26,0.71,1.7,0.8,0.203,0.283,0.291,0
58161494,"Rice, brown, with dark green vegetables and tomatoes and/or tomato-based sauce, fat added",Rice mixed dishes,110,2.39,19.42,0.72,1.7,2.46,0.42,0.985,0.926,0
58161500,"Rice, brown, with carrots and dark green vegetables, NS as to fat",Rice mixed dishes,120,2.47,21.32,0.69,1.8,2.66,0.457,1.074,1.007,0
58161502,"Rice, brown, with carrots and dark green vegetables, no added fat",Rice mixed dishes,105,2.51,21.72,0.7,1.8,0.82,0.213,0.293,0.3,0
58161504,"Rice, brown, with carrots and dark green vegetables, fat added",Rice mixed dishes,120,2.47,21.32,0.69,1.8,2.66,0.457,1.074,1.007,0
58161510,Grape leaves stuffed with rice,Rice mixed dishes,168,2.28,13.88,2.78,3.1,11.95,1.871,7.872,1.313,0
58161520,"Rice, brown, with carrots, dark green vegetables, and tomatoes and/or tomato-based sauce, NS as to fat",Rice mixed dishes,114,2.35,20.39,0.76,1.7,2.57,0.44,1.036,0.975,0
58161522,"Rice, brown, with carrots, dark green vegetables, and tomatoes and/or tomato-based sauce, no added fat",Rice mixed dishes,100,2.39,20.76,0.78,1.8,0.8,0.206,0.285,0.295,0
58161524,"Rice, brown, with carrots, dark green vegetables, and tomatoes and/or tomato-based sauce, fat added",Rice mixed dishes,114,2.35,20.39,0.76,1.7,2.57,0.44,1.036,0.975,0
58161530,"Rice, brown, with other vegetables, NS as to fat",Rice mixed dishes,119,2.4,21.47,0.94,1.6,2.64,0.454,1.07,1.01,0
58161532,"Rice, brown, with other vegetables, no added fat",Rice mixed dishes,105,2.45,21.88,0.96,1.6,0.81,0.212,0.294,0.307,0
58161534,"Rice, brown, with other vegetables, fat added",Rice mixed dishes,119,2.4,21.47,0.94,1.6,2.64,0.454,1.07,1.01,0
58161710,Rice croquette,Rice mixed dishes,154,3.35,20.08,0.62,0.9,6.58,1.72,2.629,1.756,43
58162090,"Stuffed pepper, with meat",Vegetable dishes,198,9.2,4.23,1.59,0.7,15.87,4.736,6.015,3.421,31
58162110,"Stuffed pepper, with rice and meat",Vegetable dishes,178,7.83,9.93,2.22,0.7,11.66,3.493,4.408,2.486,49
58162120,"Stuffed pepper, with rice, meatless",Vegetable dishes,166,3.75,12.02,1.51,0.7,11.28,3.046,4.02,3.131,10
58162130,"Stuffed tomato, with rice and meat",Vegetable dishes,99,4.75,9.86,2.05,1.0,4.54,1.187,1.927,0.934,12
58162140,"Stuffed tomato, with rice, meatless",Vegetable dishes,77,1.59,13.05,2.27,1.1,2.15,0.309,0.864,0.819,0
58162310,Rice pilaf,Rice mixed dishes,137,3.29,24.08,0.48,0.4,3.03,0.444,1.219,1.117,0
58163130,Dirty rice,Rice mixed dishes,112,5.12,17.25,0.87,0.6,2.25,0.403,0.784,0.702,53
58163310,Flavored rice mixture,Rice mixed dishes,127,1.87,19.83,0.56,0.4,4.26,0.861,1.961,1.259,1
58163330,Flavored rice mixture with cheese,Rice mixed dishes,124,2.99,25.22,1.8,0.6,1.2,0.599,0.256,0.228,3
58163360,"Flavored rice, brown and wild",Rice mixed dishes,106,2.72,19.34,0.38,1.1,2.15,0.395,0.919,0.689,0
58163380,Flavored rice and pasta mixture,Rice mixed dishes,118,2.68,19.11,0.18,0.3,3.49,0.705,1.636,1.087,0
58163400,"Flavored rice and pasta mixture, reduced sodium",Rice mixed dishes,111,2.59,17.29,0.76,0.6,3.43,0.832,1.434,0.917,1
58163405,"Spanish rice, from restaurant",Rice mixed dishes,185,3.28,31.16,1.3,1.2,5.29,1.005,1.511,2.317,0
58163410,"Spanish rice, fat added",Rice mixed dishes,115,2.87,19.65,1.55,1.1,2.6,0.501,1.036,0.819,3
58163420,"Spanish rice, no added fat",Rice mixed dishes,101,2.91,19.91,1.57,1.1,1.01,0.29,0.359,0.202,3
58163430,"Spanish rice, NS as to fat",Rice mixed dishes,115,2.87,19.64,1.55,1.1,2.6,0.501,1.036,0.818,3
58163450,Spanish rice with ground beef,Rice mixed dishes,163,9.68,14.79,1.17,0.8,6.91,2.277,2.988,0.761,28
58163510,Rice dressing,Rice mixed dishes,110,1.98,17.61,0.71,0.6,3.29,0.663,1.502,0.984,0
58164110,Rice with raisins,Rice mixed dishes,162,2.65,32.13,6.49,0.8,2.58,0.51,1.191,0.766,0
58164210,Rice dessert or salad with fruit,Rice mixed dishes,154,1.39,20.8,11.02,0.6,7.29,4.108,1.501,0.355,21
58164500,"Rice, white, with cheese and/or cream based sauce, NS as to fat",Rice mixed dishes,166,5.16,20.01,0.1,0.3,7.03,2.964,2.433,1.244,13
58164510,"Rice, white, with cheese and/or cream based sauce, no added fat",Rice mixed dishes,152,5.26,20.4,0.1,0.3,5.22,2.762,1.656,0.521,13
58164520,"Rice, white, with cheese and/or cream based sauce, fat added",Rice mixed dishes,166,5.16,20.01,0.1,0.3,7.03,2.964,2.433,1.244,13
58164530,"Rice, white, with gravy, NS as to fat",Rice mixed dishes,117,1.98,20.01,0.13,0.3,2.96,0.516,1.206,0.919,2
58164540,"Rice, white, with gravy, no added fat",Rice mixed dishes,102,2.02,20.4,0.13,0.3,1.06,0.265,0.402,0.186,2
58164550,"Rice, white, with gravy, fat added",Rice mixed dishes,117,1.98,20.01,0.13,0.3,2.96,0.516,1.206,0.919,2
58164560,"Rice, white, with soy-based sauce, NS as to fat",Fried rice and lo/chow mein,117,2.01,21.5,1.28,0.3,2.19,0.348,0.904,0.792,0
58164570,"Rice, white, with soy-based sauce, no added fat",Fried rice and lo/chow mein,101,2.05,21.92,1.31,0.3,0.28,0.093,0.094,0.058,0
58164580,"Rice, white, with soy-based sauce, fat added",Fried rice and lo/chow mein,117,2.01,21.5,1.28,0.3,2.19,0.348,0.904,0.792,0
58164800,"Rice, brown, with cheese and/or cream based sauce, NS as to fat",Rice mixed dishes,157,4.87,19.29,0.22,1.1,6.62,2.712,2.319,1.291,11
58164810,"Rice, brown, with cheese and/or cream based sauce, no added fat",Rice mixed dishes,144,4.95,19.61,0.22,1.2,5.04,2.532,1.644,0.666,11
58164820,"Rice, brown, with cheese and/or cream based sauce, fat added",Rice mixed dishes,157,4.87,19.29,0.22,1.1,6.62,2.712,2.319,1.291,11
58164830,"Rice, brown, with gravy, NS as to fat",Rice mixed dishes,114,2.11,19.28,0.25,1.1,3.08,0.585,1.254,1.009,1
58164840,"Rice, brown, with gravy, no added fat",Rice mixed dishes,101,2.14,19.61,0.26,1.2,1.44,0.369,0.558,0.377,1
58164850,"Rice, brown, with gravy, fat added",Rice mixed dishes,114,2.11,19.28,0.25,1.1,3.08,0.585,1.254,1.009,1
58164860,"Rice, brown, with soy-based sauce, NS as to fat",Fried rice and lo/chow mein,114,2.14,20.58,1.25,1.1,2.42,0.439,0.992,0.899,0
58164870,"Rice, brown, with soy-based sauce, no added fat",Fried rice and lo/chow mein,100,2.17,20.92,1.27,1.2,0.77,0.221,0.292,0.265,0
58164880,"Rice, brown, with soy-based sauce, fat added",Fried rice and lo/chow mein,114,2.14,20.58,1.25,1.1,2.42,0.439,0.992,0.899,0
58165000,"Rice, white, with vegetables, cheese and/or cream based sauce, NS as to fat",Rice mixed dishes,146,4.7,18.63,0.7,1.1,5.66,2.381,1.951,1.011,10
58165010,"Rice, white, with vegetables, cheese and/or cream based sauce, no added fat",Rice mixed dishes,134,4.77,18.92,0.71,1.1,4.2,2.211,1.324,0.431,10
58165020,"Rice, white, with vegetables, cheese and/or cream based sauce, fat added",Rice mixed dishes,146,4.7,18.63,0.7,1.1,5.66,2.381,1.951,1.011,10
58165030,"Rice, white, with vegetables and gravy, NS as to fat",Rice mixed dishes,107,2.15,18.63,0.73,1.1,2.4,0.419,0.967,0.75,1
58165040,"Rice, white, with vegetables and gravy, no added fat",Rice mixed dishes,95,2.19,18.92,0.74,1.1,0.88,0.217,0.322,0.163,1
58165050,"Rice, white, with vegetables and gravy, fat added",Rice mixed dishes,107,2.15,18.63,0.73,1.1,2.4,0.419,0.967,0.75,1
58165060,"Rice, white, with vegetables, soy-based sauce, NS as to fat",Fried rice and lo/chow mein,106,2.18,19.82,1.65,1.1,1.79,0.285,0.726,0.649,0
58165070,"Rice, white, with vegetables, soy-based sauce, no added fat",Fried rice and lo/chow mein,94,2.22,20.13,1.67,1.1,0.26,0.081,0.077,0.061,0
58165080,"Rice, white, with vegetables, soy-based sauce, fat added",Fried rice and lo/chow mein,106,2.18,19.82,1.65,1.1,1.79,0.285,0.726,0.649,0
58165400,"Rice, brown, with vegetables, cheese and/or cream based sauce, NS as to fat",Rice mixed dishes,140,4.51,18.19,0.74,1.7,5.47,2.236,1.91,1.075,9
58165410,"Rice, brown, with vegetables, cheese and/or cream based sauce, no added fat",Rice mixed dishes,130,4.57,18.44,0.74,1.7,4.17,2.083,1.351,0.559,9
58165420,"Rice, brown, with vegetables, cheese and/or cream based sauce, fat added",Rice mixed dishes,140,4.51,18.19,0.74,1.7,5.47,2.236,1.91,1.075,9
58165430,"Rice, brown, with vegetables and gravy, NS as to fat",Rice mixed dishes,105,2.24,18.18,0.76,1.7,2.56,0.486,1.033,0.842,1
58165440,"Rice, brown, with vegetables and gravy, no added fat",Rice mixed dishes,94,2.27,18.43,0.77,1.7,1.21,0.308,0.459,0.322,1
58165450,"Rice, brown, with vegetables and gravy, fat added",Rice mixed dishes,105,2.24,18.18,0.76,1.7,2.56,0.486,1.033,0.842,1
58165460,"Rice, brown, with vegetables, soy-based sauce, NS as to fat",Fried rice and lo/chow mein,105,2.27,19.24,1.58,1.7,2.02,0.367,0.817,0.752,0
58165470,"Rice, brown, with vegetables, soy-based sauce, no added fat",Fried rice and lo/chow mein,94,2.3,19.51,1.6,1.7,0.66,0.186,0.241,0.23,0
58165480,"Rice, brown, with vegetables, soy-based sauce, fat added",Fried rice and lo/chow mein,105,2.27,19.24,1.58,1.7,2.02,0.367,0.817,0.752,0
58174000,Upma,Grits and other cooked cereals,87,1.98,13.81,1.61,1.3,2.64,0.36,1.047,1.03,0
58174100,"Dosa, with filling","Pancakes, waffles, French toast",184,5.46,30.8,1.1,2.2,4.27,0.583,1.685,1.657,0
58175000,Vada,Turnovers and other grain-based items,266,12.75,33.25,1.31,5.8,9.73,1.309,3.993,3.78,0
58175110,Tabbouleh,Turnovers and other grain-based items,127,1.64,9.65,1.34,1.8,9.66,1.503,6.478,0.971,0
58200210,Vegetable sandwich on white,Vegetable sandwiches/burgers,120,3.94,21.53,4.0,1.6,2.11,0.468,0.741,0.772,0
58200220,"Vegetable sandwich on white, with cheese",Vegetable sandwiches/burgers,147,5.82,19.65,3.86,1.4,5.11,2.28,1.387,0.804,10
58200230,Vegetable sandwich on wheat,Vegetable sandwiches/burgers,119,4.67,20.14,3.95,2.7,2.25,0.431,0.717,0.66,0
58200240,"Vegetable sandwich on wheat, with cheese",Vegetable sandwiches/burgers,146,6.46,18.42,3.82,2.4,5.24,2.247,1.365,0.705,10
58200250,Vegetable sandwich wrap,Vegetable sandwiches/burgers,160,5.42,19.71,3.33,1.8,6.55,2.966,1.724,0.941,10
58201000,"Jelly sandwich, NFS",Peanut butter and jelly sandwiches,267,5.72,57.5,23.69,1.8,2.16,0.495,0.431,1.124,0
58201005,"Jelly sandwich, on white bread",Peanut butter and jelly sandwiches,267,5.72,57.5,23.69,1.8,2.16,0.495,0.431,1.124,0
58201015,"Jelly sandwich, on wheat bread",Peanut butter and jelly sandwiches,265,6.9,55.23,23.61,3.6,2.39,0.434,0.392,0.941,0
58302080,"Noodles with vegetables in tomato-based sauce, diet frozen meal","Pasta mixed dishes, excludes macaroni and cheese",70,3.63,10.82,2.71,1.7,1.55,0.667,0.347,0.21,3
58304010,"Spaghetti and meatballs dinner, NFS, frozen meal","Pasta mixed dishes, excludes macaroni and cheese",113,5.58,15.06,2.88,1.5,3.39,1.008,1.403,0.545,9
58304060,"Spaghetti with meat sauce, diet frozen meal","Pasta mixed dishes, excludes macaroni and cheese",113,5.58,15.06,2.88,1.5,3.39,1.008,1.403,0.545,9
58310310,"Pancakes and sausage, frozen meal",Meat mixed dishes,272,9.0,27.92,9.61,0.6,13.85,3.554,6.052,3.282,50
58400000,"Soup, NFS","Soups, broth-based",49,3.51,6.09,1.31,1.8,1.3,0.353,0.516,0.261,7
58400100,"Soup, noodle, NFS","Soups, broth-based",90,5.48,10.08,0.62,0.8,2.99,0.689,1.142,0.803,35
58400200,"Soup, rice","Soups, broth-based",51,3.54,6.78,0.76,0.5,1.15,0.27,0.445,0.299,12
58401010,"Soup, barley","Soups, broth-based",58,3.34,6.66,0.8,1.1,2.07,0.7,0.871,0.222,9
58403010,"Soup, chicken noodle, canned","Soups, broth-based",42,2.38,6.02,1.2,0.8,0.98,0.212,0.349,0.276,10
58403040,"Soup, chicken noodle","Soups, broth-based",53,3.84,6.21,0.81,0.7,1.4,0.323,0.52,0.371,17
58403060,"Soup, chicken, canned, reduced sodium","Soups, broth-based",34,2.02,4.87,1.23,0.9,0.72,0.154,0.264,0.201,6
58404500,"Soup, Matzo ball","Soups, broth-based",73,3.09,10.68,1.07,0.9,1.96,0.549,0.683,0.459,61
58407030,"Soup, ramen noodles, water added",Ramen and Asian broth-based soups,66,1.53,9.04,0.3,0.4,2.64,1.218,0.923,0.33,0
58407034,"Ramen bowl, NFS",Ramen and Asian broth-based soups,127,7.13,13.95,0.42,0.9,4.57,1.055,1.764,1.235,53
58407038,Ramen bowl with beef,Ramen and Asian broth-based soups,137,6.81,15.4,0.44,1.0,5.19,1.328,2.119,1.138,13
58407042,Ramen bowl with chicken,Ramen and Asian broth-based soups,126,7.04,15.4,0.44,1.0,3.86,0.705,1.491,1.284,18
58407046,Ramen bowl with fish,Ramen and Asian broth-based soups,112,5.78,15.4,0.44,1.0,2.87,0.417,1.061,1.089,10
58407052,"Ramen bowl, vegetarian",Ramen and Asian broth-based soups,108,4.01,15.57,0.54,1.1,3.33,0.476,1.168,1.361,0
58407056,Ramen bowl with meat and egg,Ramen and Asian broth-based soups,127,7.13,13.95,0.42,0.9,4.57,1.055,1.764,1.235,53
58407060,"Ramen bowl, vegetarian with egg",Ramen and Asian broth-based soups,112,4.85,14.11,0.51,1.0,3.99,0.748,1.414,1.407,41
58408010,"Soup, wonton",Ramen and Asian broth-based soups,33,2.39,2.95,0.74,0.3,1.31,0.406,0.565,0.17,4
58421020,"Soup, sopa de fideo aguada","Soups, broth-based",95,2.54,13.73,1.16,1.1,3.29,0.461,1.282,1.25,0
58421080,"Soup, tortilla","Soups, broth-based",102,4.22,12.56,0.87,1.3,4.17,0.679,1.277,1.892,12
59003000,"Meat substitute, cereal- and vegetable protein-based, fried",Soy and meat-alternative products,359,12.8,61.25,0.5,8.9,7.23,1.019,2.351,2.872,0
61100600,"Clementine, raw",Citrus fruits,53,0.81,13.34,10.58,1.8,0.31,0.039,0.06,0.065,0
61101010,"Grapefruit, raw",Citrus fruits,42,0.77,10.66,6.89,1.6,0.14,0.021,0.02,0.036,0
61101200,"Grapefruit, canned",Citrus fruits,36,0.58,9.15,8.75,0.4,0.1,0.014,0.014,0.024,0
61110010,"Kumquat, raw",Citrus fruits,71,1.88,15.9,9.36,6.5,0.86,0.103,0.154,0.171,0
61113010,"Lemon, raw",Citrus fruits,29,1.1,9.32,2.5,2.8,0.3,0.039,0.011,0.089,0
61113500,Lemon pie filling,"Jams, syrups, toppings",354,4.71,68.92,62.16,0.4,6.93,1.666,2.816,1.653,127
61116010,"Lime, raw",Citrus fruits,30,0.7,10.54,1.69,2.8,0.2,0.022,0.019,0.055,0
61119010,"Orange, raw",Citrus fruits,50,0.92,11.78,8.96,2.2,0.14,0.015,0.023,0.025,0
61122300,"Orange, canned, NFS",Citrus fruits,46,0.6,11.82,11.14,0.7,0.04,0.003,0.005,0.005,0
61122320,"Orange, canned, juice pack",Citrus fruits,37,0.62,9.57,8.87,0.7,0.03,0.003,0.005,0.005,0
61122330,"Orange, canned, in syrup",Citrus fruits,55,0.59,14.07,13.42,0.7,0.04,0.003,0.005,0.005,0
61125010,"Tangerine, raw",Citrus fruits,53,0.81,13.34,10.58,1.8,0.31,0.039,0.06,0.065,0
61201010,"Grapefruit juice, 100%, freshly squeezed",Citrus juice,39,0.5,9.2,9.1,0.1,0.1,0.014,0.013,0.024,0
61201020,"Grapefruit juice, 100%, NS as to form",Citrus juice,40,0.56,8.35,7.42,0.2,0.48,0.082,0.093,0.175,1
61201220,"Grapefruit juice, 100%, canned, bottled or in a carton",Citrus juice,40,0.56,8.35,7.42,0.2,0.48,0.082,0.093,0.175,1
61201225,"Grapefruit juice, 100%, with calcium added",Citrus juice,39,0.51,7.74,7.96,0.3,0.68,0.173,0.16,0.296,0
61204000,"Lemon juice, 100%, NS as to form",Mustard and other condiments,22,0.35,6.9,2.52,0.3,0.24,0.04,0.006,0.021,0
61204010,"Lemon juice, 100%, freshly squeezed",Mustard and other condiments,22,0.35,6.9,2.52,0.3,0.24,0.04,0.006,0.021,0
61204200,"Lemon juice, 100%, canned or bottled",Mustard and other condiments,17,0.45,5.62,1.53,0.7,0.07,0.027,0.006,0.017,0
61207000,"Lime juice, 100%, NS as to form",Mustard and other condiments,25,0.42,8.42,1.69,0.4,0.07,0.008,0.008,0.023,0
61207010,"Lime juice, 100%, freshly squeezed",Mustard and other condiments,25,0.42,8.42,1.69,0.4,0.07,0.008,0.008,0.023,0
61207200,"Lime juice, 100%, canned or bottled",Mustard and other condiments,21,0.25,6.69,1.37,0.4,0.23,0.026,0.022,0.064,0
61210000,"Orange juice, 100%, NFS",Citrus juice,47,0.77,10.17,8.18,0.3,0.34,0.014,0.022,0.03,0
61210010,"Orange juice, 100%,  freshly squeezed",Citrus juice,47,0.81,10.01,8.08,0.3,0.36,0.014,0.022,0.03,0
61210220,"Orange juice, 100%, canned, bottled or in a carton",Citrus juice,47,0.77,10.18,8.18,0.3,0.34,0.014,0.022,0.03,0
61210250,"Orange juice, 100%, with calcium added, canned, bottled or in a carton",Citrus juice,47,0.77,10.17,8.18,0.3,0.34,0.014,0.022,0.03,0
61210620,"Orange juice, 100%, frozen, reconstituted",Citrus juice,42,0.68,10.04,8.47,0.3,0.07,0.017,0.014,0.018,0
61210720,"Orange juice, 100%, frozen, not reconstituted",Citrus juice,148,2.4,35.19,29.68,1.0,0.25,0.059,0.05,0.063,0
61210820,"Orange juice, 100%, with calcium added, frozen, reconstituted",Citrus juice,42,0.68,9.67,8.48,0.3,0.07,0.017,0.014,0.018,0
61213220,"Tangerine juice, 100%",Citrus juice,43,0.5,10.1,9.9,0.2,0.2,0.024,0.036,0.04,0
61213800,"Fruit juice blend, citrus, 100% juice",Other fruit juice,47,0.77,10.18,8.18,0.3,0.34,0.014,0.022,0.03,0
62101050,"Dried, fruit, NFS",Dried fruits,298,2.28,78.62,66.33,4.8,0.62,0.104,0.153,0.111,0
62101100,"Apple, dried",Dried fruits,243,0.93,65.89,57.19,8.7,0.32,0.052,0.013,0.093,0
62104100,"Apricot, dried",Dried fruits,241,3.39,62.64,53.44,7.3,0.51,0.017,0.074,0.074,0
62105000,"Blueberries, dried",Dried fruits,317,2.5,80.0,67.5,7.5,2.5,0.2,0.405,1.3,0
62106000,"Cherries, dried",Dried fruits,333,1.25,80.45,67.15,2.5,0.73,0.146,0.177,0.194,0
62107200,Banana chips,Dried fruits,519,2.3,58.4,35.34,7.7,33.6,28.97,1.95,0.63,0
62108100,"Currants, dried",Dried fruits,290,3.43,76.98,62.28,4.4,0.22,0.085,0.021,0.047,0
62109100,"Cranberries, dried",Dried fruits,308,0.17,82.8,72.56,5.3,1.09,0.088,0.298,0.182,0
62110100,Date,Dried fruits,282,2.45,75.03,63.35,8.0,0.39,0.032,0.036,0.019,0
62113100,"Fig, dried",Dried fruits,277,3.3,63.9,47.9,9.8,0.92,0.144,0.159,0.345,0
62114050,"Mango, dried",Dried fruits,319,2.45,78.58,66.27,2.4,1.18,0.287,0.439,0.222,0
62114110,"Papaya, dried",Dried fruits,302,1.25,75.43,67.55,4.5,0.84,0.215,0.191,0.154,0
62116100,"Peach, dried",Dried fruits,239,3.61,61.33,41.74,8.2,0.76,0.082,0.278,0.367,0
62119100,"Pear, dried",Dried fruits,262,1.87,69.7,62.2,7.5,0.63,0.035,0.132,0.148,0
62120000,"Persimmon, dried",Dried fruits,374,1.54,96.07,80.06,9.6,0.66,0.053,0.098,0.114,0
62120100,"Pineapple, dried",Dried fruits,347,1.22,84.11,77.12,2.4,0.71,0.024,0.035,0.106,0
62122100,"Prune, dried",Dried fruits,240,2.18,63.88,38.13,7.1,0.38,0.088,0.053,0.062,0
62125100,Raisins,Dried fruits,299,3.3,79.32,65.18,4.5,0.25,0.094,0.024,0.053,0
63100100,"Fruit, NFS",Other fruits and fruit salads,68,0.68,16.24,12.0,1.8,0.21,0.052,0.02,0.053,0
63100110,"Fruit, pickled",Other fruits and fruit salads,63,0.56,15.32,13.68,1.4,0.24,0.032,0.072,0.052,0
63101000,"Apple, raw",Apples,61,0.17,14.8,12.08,2.1,0.15,0.028,0.007,0.051,0
63101110,"Applesauce, regular",Apples,75,0.25,17.97,15.56,1.0,0.17,0.007,0.002,0.013,0
63101120,"Applesauce, unsweetened",Apples,52,0.27,12.26,9.66,1.1,0.16,0.008,0.002,0.014,0
63101150,"Applesauce, flavored",Apples,75,0.25,17.97,15.56,1.0,0.17,0.007,0.002,0.013,0
63101210,Apple pie filling,Apples,100,0.1,26.1,13.8,1.0,0.1,0.0,0.0,0.0,0
63101310,"Apple, baked",Apples,113,0.32,22.7,19.01,2.5,3.08,1.639,0.604,0.143,8
63103010,"Apricot, raw",Other fruits and fruit salads,48,1.4,11.12,9.24,2.0,0.39,0.027,0.17,0.077,0
63103110,"Apricot, canned",Other fruits and fruit salads,57,0.65,13.85,12.39,1.5,0.17,0.01,0.063,0.029,0
63105010,"Avocado, raw",Other vegetables and combinations,160,2.0,8.53,0.66,6.7,14.66,2.126,9.799,1.816,0
63107010,"Banana, raw",Bananas,97,0.74,22.71,15.8,1.7,0.28,0.112,0.032,0.073,0
63107410,"Banana, baked",Bananas,161,0.82,32.43,24.74,1.8,3.21,1.728,0.63,0.166,8
63109010,"Cantaloupe, raw",Melons,38,0.82,8.16,7.88,0.8,0.18,0.051,0.003,0.081,0
63109015,"Melon, frozen",Melons,35,0.66,8.27,7.4,0.7,0.16,0.035,0.014,0.063,0
63109700,"Starfruit, raw",Other fruits and fruit salads,31,1.04,6.73,3.98,2.8,0.33,0.019,0.03,0.184,0
63111010,"Cherries, maraschino",Other fruits and fruit salads,165,0.22,41.97,38.77,3.2,0.21,0.039,0.049,0.055,0
63113030,Cherry pie filling,"Jams, syrups, toppings",122,0.6,28.59,24.96,0.9,0.91,0.163,0.392,0.255,0
63115010,"Cherries, raw",Other fruits and fruit salads,71,1.04,16.16,13.87,2.1,0.19,0.038,0.047,0.052,0
63115110,"Cherries, canned",Other fruits and fruit salads,74,0.71,18.79,17.42,1.4,0.14,0.026,0.031,0.035,0
63115200,"Cherries, frozen",Other fruits and fruit salads,71,1.04,16.16,13.87,2.1,0.19,0.038,0.047,0.052,0
63116010,Dragon fruit,Other fruits and fruit salads,68,0.68,16.24,12.0,1.8,0.21,0.052,0.02,0.053,0
63119010,"Fig, raw",Other fruits and fruit salads,74,0.75,19.18,16.26,2.9,0.3,0.06,0.066,0.144,0
63119110,"Fig, canned",Other fruits and fruit salads,76,0.56,19.36,17.18,2.2,0.24,0.045,0.05,0.108,0
63123000,"Grapes, raw",Grapes,83,0.9,19.4,16.74,0.9,0.2,0.054,0.007,0.048,0
63125010,"Guava, raw",Other fruits and fruit salads,68,2.55,14.32,8.92,5.4,0.95,0.272,0.087,0.401,0
63126500,"Kiwi fruit, raw",Other fruits and fruit salads,64,1.06,14.0,8.99,3.0,0.44,0.029,0.047,0.287,0
63126510,Lychee,Other fruits and fruit salads,66,0.83,16.53,15.23,1.3,0.44,0.099,0.12,0.132,0
63127010,"Honeydew melon, raw",Melons,36,0.54,9.09,8.12,0.8,0.14,0.038,0.003,0.059,0
63129010,"Mango, raw",Mango and papaya,60,0.82,14.98,13.66,1.6,0.38,0.092,0.14,0.071,0
63129030,"Mango, canned",Mango and papaya,65,0.62,16.22,15.24,1.2,0.3,0.069,0.105,0.053,0
63129050,"Mango, frozen",Mango and papaya,60,0.82,14.98,13.66,1.6,0.38,0.092,0.14,0.071,0
63131010,"Nectarine, raw",Peaches and nectarines,43,1.06,9.18,7.89,1.5,0.28,0.0,0.0,0.0,0
63133010,"Papaya, raw",Mango and papaya,43,0.47,10.82,7.82,1.7,0.26,0.081,0.072,0.058,0
63133100,"Papaya, canned",Mango and papaya,52,0.35,13.1,10.86,1.3,0.21,0.061,0.054,0.044,0
63134010,"Passion fruit, raw",Other fruits and fruit salads,97,2.2,23.38,11.2,10.4,0.7,0.059,0.086,0.411,0
63135010,"Peach, raw",Peaches and nectarines,46,0.91,10.1,8.39,1.5,0.27,0.019,0.067,0.086,0
63135110,"Peach, canned, NFS",Peaches and nectarines,48,0.43,11.94,10.65,1.2,0.09,0.009,0.02,0.032,0
63135140,"Peach, canned, in syrup",Peaches and nectarines,54,0.4,13.59,12.41,1.2,0.08,0.006,0.019,0.026,0
63135170,"Peach, canned, juice pack",Peaches and nectarines,41,0.45,10.3,8.89,1.2,0.1,0.012,0.02,0.038,0
63135620,"Peach, frozen",Peaches and nectarines,46,0.91,10.1,8.39,1.5,0.27,0.019,0.067,0.086,0
63137010,"Pear, raw",Pears,59,0.37,15.18,9.73,3.1,0.15,0.022,0.084,0.094,0
63137050,"Pear, Asian, raw",Pears,42,0.5,10.65,7.05,3.6,0.23,0.012,0.049,0.055,0
63137110,"Pear, canned, NFS",Pears,52,0.2,13.47,11.81,1.5,0.06,0.006,0.007,0.012,0
63137140,"Pear, canned, in syrup",Pears,59,0.18,15.15,13.6,1.5,0.05,0.002,0.006,0.006,0
63137170,"Pear, canned, juice pack",Pears,45,0.23,11.79,10.03,1.5,0.07,0.009,0.007,0.019,0
63139010,"Persimmon, raw",Other fruits and fruit salads,70,0.58,18.59,12.53,3.6,0.19,0.02,0.037,0.043,0
63141010,"Pineapple, raw",Pineapple,60,0.46,14.09,11.42,0.9,0.21,0.009,0.013,0.04,0
63141110,"Pineapple, canned, NFS",Pineapple,55,0.42,13.91,13.07,0.7,0.12,0.009,0.01,0.034,0
63141140,"Pineapple, canned, in syrup",Pineapple,62,0.4,15.6,14.88,0.7,0.11,0.006,0.01,0.029,0
63141170,"Pineapple, canned, juice pack",Pineapple,48,0.44,12.22,11.26,0.8,0.12,0.012,0.011,0.04,0
63141200,"Pineapple, frozen",Pineapple,60,0.46,14.09,11.42,0.9,0.21,0.009,0.013,0.04,0
63143010,"Plum, raw",Other fruits and fruit salads,46,0.7,11.42,9.92,1.4,0.28,0.017,0.134,0.044,0
63143110,"Plum, canned",Other fruits and fruit salads,55,0.52,13.54,12.43,1.0,0.23,0.013,0.1,0.033,0
63145010,"Pomegranate, raw",Other fruits and fruit salads,83,1.67,18.7,13.67,4.0,1.17,0.12,0.093,0.079,0
63147110,Rhubarb,Other fruits and fruit salads,73,0.81,17.45,14.4,1.6,0.22,0.047,0.035,0.089,0
63148750,Tamarind,Other fruits and fruit salads,239,2.8,62.5,38.8,5.1,0.6,0.272,0.181,0.059,0
63149010,"Watermelon, raw",Melons,30,0.61,7.55,6.2,0.4,0.15,0.016,0.037,0.05,0
63200100,"Berries, NFS",Blueberries and other berries,44,0.66,9.94,6.21,2.0,0.25,0.008,0.014,0.044,0
63200110,"Berries, frozen",Blueberries and other berries,52,0.76,12.47,6.59,4.1,0.34,0.023,0.053,0.238,0
63201010,"Blackberries, raw",Blueberries and other berries,43,1.39,9.61,4.88,5.3,0.49,0.014,0.047,0.28,0
63201600,"Blackberries, frozen",Blueberries and other berries,64,1.18,15.67,10.67,5.0,0.43,0.015,0.041,0.245,0
63203010,"Blueberries, raw",Blueberries and other berries,64,0.7,14.57,9.36,2.4,0.31,0.028,0.047,0.146,0
63203110,"Bluberries, canned",Blueberries and other berries,88,1.04,22.66,17.45,2.6,0.4,0.028,0.062,0.19,0
63203600,"Blueberries, frozen",Blueberries and other berries,51,0.42,12.17,8.45,2.7,0.64,0.053,0.091,0.279,0
63203700,Blueberry pie filling,"Jams, syrups, toppings",181,0.41,44.38,37.75,2.6,0.2,0.0,0.0,0.0,0
63207010,"Cranberries, raw",Blueberries and other berries,46,0.46,11.97,4.27,3.6,0.13,0.008,0.018,0.055,0
63207110,Cranberry sauce,Blueberries and other berries,159,0.9,40.4,31.75,1.1,0.15,0.007,0.007,0.031,0
63219000,"Raspberries, raw",Blueberries and other berries,57,1.01,12.9,2.68,6.5,0.19,0.019,0.064,0.375,0
63219610,"Raspberries, frozen",Blueberries and other berries,57,1.01,12.9,2.68,6.5,0.19,0.019,0.064,0.375,0
63223020,"Strawberries, raw",Strawberries,36,0.64,7.96,4.86,1.8,0.22,0.0,0.0,0.0,0
63223110,"Strawberries, canned",Strawberries,92,0.56,23.53,21.83,1.7,0.26,0.014,0.036,0.129,0
63223610,"Strawberries, frozen",Strawberries,35,0.43,9.13,4.56,2.1,0.11,0.006,0.015,0.054,0
63301010,Ambrosia,Other fruits and fruit salads,75,0.81,16.45,12.81,2.0,0.98,0.748,0.056,0.047,0
63311000,"Fruit salad, fresh or raw, excluding citrus fruits, no dressing",Other fruits and fruit salads,59,0.64,13.94,10.45,1.5,0.21,0.045,0.014,0.047,0
63311050,"Fruit salad, fresh or raw, including citrus fruits, no dressing",Other fruits and fruit salads,56,0.71,13.48,10.22,1.7,0.19,0.039,0.016,0.043,0
63311110,"Fruit cocktail, canned, NFS",Other fruits and fruit salads,55,0.41,14.1,13.08,0.9,0.08,0.009,0.009,0.024,0
63311140,"Fruit cocktail, canned, in syrup",Other fruits and fruit salads,62,0.39,15.8,14.89,0.9,0.07,0.006,0.008,0.018,0
63311170,"Fruit cocktail, canned, juice pack",Other fruits and fruit salads,48,0.43,12.41,11.27,0.9,0.09,0.012,0.01,0.031,0
63311180,"Fruit mixture, frozen",Other fruits and fruit salads,48,0.69,11.29,9.18,1.4,0.23,0.035,0.048,0.066,0
63401010,Apple salad with dressing,Other fruits and fruit salads,180,1.45,12.2,9.1,2.0,14.24,1.901,2.766,8.98,5
63401060,"Apple, candied",Apples,134,1.34,29.61,24.17,1.8,2.15,0.64,0.391,0.908,2
63401070,"Fruit, chocolate covered",Other fruits and fruit salads,133,1.41,20.12,15.65,2.7,6.69,3.859,2.167,0.21,0
63402950,"Fruit salad, excluding citrus fruits, with salad dressing or mayonnaise",Other fruits and fruit salads,247,1.78,13.57,9.93,1.5,20.68,2.851,4.137,12.916,8
63402960,"Fruit salad, excluding citrus fruits, with whipped cream",Other fruits and fruit salads,164,1.99,15.25,11.14,1.6,10.62,3.0,1.742,4.632,12
63402970,"Fruit salad, excluding citrus fruits, with nondairy whipped topping",Other fruits and fruit salads,153,1.93,17.28,13.09,1.7,8.67,2.303,1.038,4.692,0
63402980,"Fruit salad, excluding citrus fruits, with marshmallows",Other fruits and fruit salads,251,1.78,17.54,12.72,1.4,19.48,2.687,3.899,12.161,8
63402990,"Fruit salad, including citrus fruits, with pudding",Other fruits and fruit salads,133,1.95,17.49,12.8,1.8,6.34,0.727,1.261,3.844,0
63403000,"Fruit salad, excluding citrus fruits, with pudding",Other fruits and fruit salads,137,1.86,18.11,13.32,1.4,6.48,0.739,1.283,3.922,0
63403010,"Fruit salad, including citrus fruits, with salad dressing or mayonnaise",Other fruits and fruit salads,240,1.87,13.02,9.46,1.8,20.26,2.796,4.057,12.656,8
63403020,"Fruit salad, including citrus fruit, with whipped cream",Other fruits and fruit salads,158,2.08,14.61,10.6,2.0,10.37,2.936,1.707,4.528,12
63403030,"Fruit salad, including citrus fruits, with nondairy whipped topping",Other fruits and fruit salads,148,2.03,16.57,12.48,2.1,8.45,2.253,1.017,4.582,0
63403040,"Fruit salad, including citrus fruits, with marshmallows",Other fruits and fruit salads,244,1.87,16.95,12.23,1.7,19.1,2.638,3.828,11.931,8
63403150,Lime souffle,Pudding,328,8.82,39.83,37.32,0.8,15.02,2.727,6.946,3.871,250
63409010,"Guacamole, NFS","Dips, gravies, other sauces",155,1.95,8.45,0.72,6.5,14.18,2.057,9.477,1.757,0
63409015,Guacamole with tomatoes,"Dips, gravies, other sauces",145,1.87,8.09,0.87,6.1,13.09,1.899,8.74,1.626,0
63409020,Chutney,Mustard and other condiments,246,0.33,60.6,42.68,1.0,0.06,0.009,0.033,0.0,0
63413010,Pineapple salad with dressing,Other fruits and fruit salads,105,0.5,12.79,10.35,0.8,5.79,0.884,1.272,3.382,3
63415100,"Soup, fruit","Soups, broth-based",30,0.54,7.04,5.83,0.8,0.12,0.016,0.012,0.036,0
63420105,Frozen fruit juice bar,"Gelatins, ices, sorbets",106,0.81,25.4,22.6,0.5,0.06,0.0,0.0,0.014,0
63420205,"Frozen fruit juice bar, no sugar added","Gelatins, ices, sorbets",30,0.12,7.35,3.12,0.1,0.01,0.0,0.0,0.003,0
63430150,Sorbet,"Gelatins, ices, sorbets",110,0.79,27.12,25.78,0.5,0.05,0.0,0.0,0.015,0
64100100,"Fruit juice, NFS",Other fruit juice,51,0.29,12.1,10.4,0.2,0.26,0.02,0.01,0.033,0
64100110,"Fruit juice blend, 100% juice",Other fruit juice,50,0.16,12.46,10.92,0.2,0.12,0.023,0.005,0.032,0
64100200,"Cranberry juice blend, 100% juice",Other fruit juice,46,0.12,11.16,9.04,0.2,0.18,0.02,0.01,0.042,0
64100220,"Cranberry juice blend, 100% juice, with calcium added",Other fruit juice,45,0.27,10.91,9.8,0.1,0.12,0.002,0.002,0.002,0
64101010,Apple cider,Apple juice,46,0.1,11.3,9.62,0.2,0.13,0.022,0.006,0.039,0
64104010,"Apple juice, 100%",Apple juice,48,0.09,11.34,10.13,0.2,0.25,0.022,0.006,0.039,0
64104030,"Apple juice, 100%, with calcium added",Apple juice,48,0.12,11.49,9.47,0.3,0.17,0.029,0.008,0.051,0
64104600,"Blackberry juice, 100%",Other fruit juice,38,0.3,7.8,7.7,0.1,0.6,0.018,0.058,0.344,0
64104610,Blueberry juice,Other fruit juice,42,0.46,9.47,6.08,1.6,0.2,0.018,0.031,0.095,0
64105400,"Cranberry juice, 100%, not a blend",Other fruit juice,32,0.0,7.26,3.41,0.1,0.34,0.01,0.023,0.07,0
64116020,"Grape juice, 100%",Other fruit juice,66,0.18,15.73,14.24,0.2,0.28,0.025,0.003,0.022,0
64116060,"Grape juice, 100%, with calcium added",Other fruit juice,62,0.37,14.77,14.2,0.2,0.13,0.025,0.003,0.022,0
64120010,"Papaya juice, 100%",Other fruit juice,57,0.17,14.51,13.91,0.6,0.15,0.047,0.041,0.035,0
64121000,"Passion fruit juice, 100%",Other fruit juice,51,0.39,13.6,13.4,0.2,0.05,0.004,0.006,0.029,0
64124020,"Pineapple juice, 100%",Other fruit juice,53,0.36,12.87,9.98,0.2,0.12,0.008,0.014,0.042,0
64126000,"Pomegranate juice, 100%",Other fruit juice,54,0.15,13.13,12.65,0.1,0.29,0.077,0.059,0.05,0
64132010,"Prune juice, 100%",Other fruit juice,71,0.61,17.45,16.45,1.0,0.03,0.003,0.021,0.007,0
64132500,"Strawberry juice, 100%",Other fruit juice,23,0.42,5.17,3.16,1.2,0.14,0.0,0.0,0.0,0
64133100,"Watermelon juice, 100%",Other fruit juice,30,0.61,7.55,6.2,0.4,0.15,0.016,0.037,0.05,0
64134015,"Fruit smoothie, with whole fruit, no dairy",Smoothies and grain drinks,54,0.61,12.67,8.78,1.5,0.35,0.038,0.038,0.099,0
64134020,"Fruit smoothie, with whole fruit, no dairy, added protein",Smoothies and grain drinks,76,6.23,12.2,8.14,1.6,0.44,0.092,0.046,0.114,1
64134025,"Fruit smoothie, with whole fruit, non-dairy",Smoothies and grain drinks,60,1.45,11.56,5.17,1.1,1.06,0.135,0.339,0.465,0
64134030,"Fruit smoothie juice drink, no dairy",Smoothies and grain drinks,51,0.6,11.88,8.35,1.0,0.24,0.031,0.02,0.042,0
64134100,"Fruit smoothie, light",Smoothies and grain drinks,53,2.61,9.71,7.47,1.0,0.61,0.315,0.144,0.078,2
64134200,"Fruit smoothie, bottled",Smoothies and grain drinks,50,0.48,11.66,10.05,0.6,0.27,0.061,0.016,0.029,0
64200100,"Fruit nectar, NFS",Fruit drinks,51,0.11,13.12,12.45,0.3,0.06,0.014,0.022,0.011,0
64201010,Apricot nectar,Fruit drinks,56,0.17,13.63,12.79,0.1,0.45,0.033,0.186,0.087,0
64201500,Banana nectar,Fruit drinks,74,0.26,18.01,15.51,0.6,0.13,0.039,0.011,0.026,0
64202010,Cantaloupe nectar,Fruit drinks,65,0.33,15.64,15.55,0.3,0.11,0.02,0.001,0.032,0
64203020,Guava nectar,Fruit drinks,48,0.3,13.3,10.15,1.2,0.07,0.023,0.02,0.017,0
64204010,Mango nectar,Fruit drinks,51,0.11,13.12,12.45,0.3,0.06,0.014,0.022,0.011,0
64205010,Peach nectar,Fruit drinks,49,0.1,11.61,12.08,0.1,0.57,0.037,0.004,0.008,0
64210010,Papaya nectar,Fruit drinks,57,0.17,14.51,13.91,0.6,0.15,0.047,0.041,0.035,0
64213010,Passion fruit nectar,Fruit drinks,69,0.16,17.39,17.34,0.1,0.06,0.002,0.002,0.012,0
64215010,Pear nectar,Fruit drinks,60,0.11,15.76,15.16,0.6,0.01,0.001,0.003,0.003,0
64221010,"Soursop, nectar",Fruit drinks,59,0.11,14.93,13.07,0.1,0.17,0.029,0.051,0.039,0
64401000,Vinegar,Mustard and other condiments,21,0.0,0.93,0.4,0.0,0.0,0.0,0.0,0.0,0
67100000,"Baby Toddler fruit, NFS",Baby food: fruit,68,0.68,16.44,10.49,1.7,0.21,0.049,0.022,0.046,0
67100100,"Baby Toddler multiple fruit, Stage 2",Baby food: fruit,68,0.68,16.44,10.49,1.7,0.21,0.049,0.022,0.046,0
67100105,"Baby Toddler multiple fruit, Stage 3",Baby food: fruit,68,0.68,16.44,10.49,1.7,0.21,0.049,0.022,0.046,0
67100250,"Baby Toddler fruit, with grain",Baby food: mixtures,78,1.07,17.96,10.11,2.0,0.41,0.082,0.083,0.116,0
67100260,"Baby Toddler fruit, with yogurt",Baby food: mixtures,76,1.87,13.36,8.82,1.1,1.83,0.911,0.346,0.063,5
67100350,"Baby Toddler fruit and vegetables, Stage 2",Baby food: mixtures,59,0.98,13.69,7.46,1.7,0.23,0.056,0.029,0.062,0
67100360,"Baby Toddler fruit and vegetables, Stage 3",Baby food: mixtures,59,0.98,13.69,7.46,1.7,0.23,0.056,0.029,0.062,0
67100450,"Baby Toddler fruit and vegetables, with grain",Baby food: mixtures,69,1.48,15.31,6.73,2.0,0.48,0.1,0.102,0.158,0
67100460,"Baby Toddler fruit and vegetables, with yogurt",Baby food: mixtures,69,2.1,11.29,6.55,1.0,1.84,0.917,0.351,0.074,5
67100470,"Baby Toddler fruit, vegetables, and meat",Baby food: mixtures,75,2.63,14.14,6.06,1.8,1.06,0.262,0.356,0.289,6
67100480,Baby Toddler fruit and meat,Baby food: mixtures,82,2.26,16.44,9.06,1.8,0.99,0.246,0.338,0.25,5
67102010,"Baby Toddler apples, Stage 1",Baby food: fruit,41,0.2,10.8,9.87,1.7,0.2,0.032,0.008,0.056,0
67102030,"Baby Toddler apples, Stage 2",Baby food: fruit,37,0.0,10.3,8.48,1.7,0.0,0.0,0.0,0.0,0
67105030,"Baby Toddler bananas, Stage 1",Baby food: fruit,91,1.0,21.34,11.36,1.6,0.2,0.072,0.028,0.041,0
67105040,"Baby Toddler bananas, Stage 2",Baby food: fruit,91,1.0,21.34,11.36,1.6,0.2,0.072,0.028,0.041,0
67108010,"Baby Toddler peaches, Stage 1",Baby food: fruit,65,0.94,14.48,11.5,1.3,0.33,0.02,0.01,0.04,0
67108040,"Baby Toddler peaches, Stage 2",Baby food: fruit,65,0.94,14.48,11.5,1.3,0.33,0.02,0.01,0.04,0
67109010,"Baby Toddler pears, Stage 1",Baby food: fruit,42,0.3,10.8,6.98,2.8,0.2,0.012,0.042,0.046,0
67109040,"Baby Toddler pears, Stage 2",Baby food: fruit,44,0.3,11.6,7.34,2.8,0.1,0.006,0.021,0.023,0
67110000,Baby Toddler prunes,Baby food: fruit,100,1.0,23.52,14.28,2.7,0.2,0.02,0.13,0.04,0
67110100,Baby Toddler mangoes,Baby food: fruit,60,0.82,14.98,13.66,1.6,0.38,0.092,0.14,0.071,0
67201000,"Baby Toddler juice, NFS",Baby juice,47,0.0,11.7,10.7,0.1,0.1,0.018,0.002,0.031,0
67202000,"Baby Toddler juice, apple",Baby juice,47,0.0,11.7,10.7,0.1,0.1,0.018,0.002,0.031,0
67203800,"Baby Toddler juice, grape",Baby juice,62,0.0,15.38,15.3,0.0,0.0,0.0,0.0,0.0,0
67204000,"Baby Toddler juice, mixed fruit",Baby juice,47,0.0,11.7,10.7,0.1,0.1,0.018,0.002,0.031,0
67212000,"Baby Toddler juice, pear",Baby juice,43,0.0,11.86,7.28,0.1,0.0,0.0,0.0,0.0,0
67230600,"Baby Toddler juice, fruit and vegetable",Baby juice,47,0.3,11.4,9.6,0.5,0.1,0.03,0.01,0.05,0
67250150,"Baby Toddler juice, fruit and yogurt blend",Baby food: mixtures,69,1.56,12.7,8.59,1.0,1.48,0.727,0.276,0.058,4
67408010,Baby Toddler pudding,Baby food: snacks and sweets,86,1.76,17.58,12.2,0.2,0.98,0.325,0.364,0.128,38
67430500,Baby Toddler yogurt melts,Baby food: snacks and sweets,380,14.29,71.82,57.14,2.3,4.0,2.236,0.968,0.194,0
71000100,"Potato, NFS","White potatoes, baked or boiled",126,1.87,20.45,1.62,1.4,4.25,1.113,1.478,1.234,3
71100100,"Potato, baked, NFS","White potatoes, baked or boiled",93,1.95,21.45,1.69,1.5,0.1,0.026,0.002,0.043,0
71101000,"Potato, baked, peel not eaten","White potatoes, baked or boiled",93,1.95,21.45,1.69,1.5,0.1,0.026,0.002,0.043,0
71102980,"Potato, boiled, NFS","White potatoes, baked or boiled",126,1.87,20.45,1.62,1.4,4.25,1.113,1.478,1.234,3
71102990,"Potato, boiled, ready-to-heat","White potatoes, baked or boiled",126,1.87,20.45,1.62,1.4,4.25,1.113,1.478,1.234,3
71103000,"Potato, boiled, from fresh, peel not eaten, NS as to fat","White potatoes, baked or boiled",126,1.87,20.45,1.62,1.4,4.25,1.113,1.478,1.234,3
71103010,"Potato, boiled, from fresh, peel not eaten, no added fat","White potatoes, baked or boiled",93,1.95,21.46,1.69,1.5,0.1,0.026,0.002,0.043,0
71103020,"Potato, boiled, from fresh, peel not eaten, fat added, NS as to fat type","White potatoes, baked or boiled",126,1.87,20.45,1.62,1.4,4.25,1.113,1.478,1.234,3
71103030,"Potato, boiled, from fresh, peel not eaten, made with oil","White potatoes, baked or boiled",131,1.86,20.45,1.61,1.4,4.84,0.659,2.012,1.863,0
71103040,"Potato, boiled, from fresh, peel not eaten, made with butter","White potatoes, baked or boiled",123,1.9,20.45,1.64,1.4,3.99,2.188,0.804,0.16,11
71103050,"Potato, boiled, from fresh, peel not eaten, made with margarine","White potatoes, baked or boiled",116,1.87,20.48,1.61,1.4,3.18,0.635,1.151,1.271,0
71103105,"Potato, boiled, from fresh, peel eaten, NS as to fat","White potatoes, baked or boiled",126,2.39,20.08,1.13,2.1,4.28,1.12,1.478,1.247,3
71103115,"Potato, boiled, from fresh, peel eaten, fat added, NS as to fat type","White potatoes, baked or boiled",126,2.39,20.08,1.13,2.1,4.28,1.12,1.478,1.247,3
71103125,"Potato, boiled, from fresh,  peel eaten, no added fat","White potatoes, baked or boiled",93,2.49,21.07,1.18,2.2,0.13,0.034,0.003,0.057,0
71103135,"Potato, boiled, from fresh, peel eaten, made with oil","White potatoes, baked or boiled",131,2.37,20.07,1.12,2.1,4.87,0.666,2.013,1.876,0
71103140,"Potato, boiled, from fresh, peel eaten, made with butter","White potatoes, baked or boiled",123,2.41,20.07,1.15,2.1,4.02,2.195,0.805,0.174,11
71103150,"Potato, boiled, from fresh, peel eaten, made with margarine","White potatoes, baked or boiled",116,2.38,20.1,1.12,2.1,3.21,0.642,1.152,1.284,0
71103300,"Potato, canned, NS as to fat","White potatoes, baked or boiled",94,1.34,12.91,0.57,2.3,4.35,1.136,1.48,1.274,3
71103310,"Potato, canned, fat added, NS as to fat type","White potatoes, baked or boiled",94,1.34,12.91,0.57,2.3,4.35,1.136,1.48,1.274,3
71103320,"Potato, canned, no added fat","White potatoes, baked or boiled",60,1.39,13.55,0.59,2.4,0.2,0.051,0.005,0.085,0
71104030,"Potato, roasted, NFS","White potatoes, baked or boiled",126,1.87,20.45,1.62,1.4,4.25,1.113,1.478,1.234,3
71104040,"Potato, roasted, from fresh, peel eaten, NS as to fat","White potatoes, baked or boiled",126,2.39,20.08,1.13,2.1,4.28,1.12,1.478,1.247,3
71104050,"Potato, roasted, from fresh, peel eaten, no added fat","White potatoes, baked or boiled",93,2.49,21.07,1.18,2.2,0.13,0.034,0.003,0.057,0
71104060,"Potato, roasted, from fresh, peel eaten, fat added, NS as to fat type","White potatoes, baked or boiled",126,2.39,20.08,1.13,2.1,4.28,1.12,1.478,1.247,3
71104070,"Potato, roasted, from fresh, peel eaten, made with oil","White potatoes, baked or boiled",131,2.37,20.07,1.12,2.1,4.87,0.666,2.013,1.876,0
71104080,"Potato, roasted, from fresh, peel eaten, made with butter","White potatoes, baked or boiled",123,2.41,20.07,1.15,2.1,4.02,2.195,0.805,0.174,11
71104090,"Potato, roasted, from fresh, peel eaten, made with margarine","White potatoes, baked or boiled",116,2.38,20.1,1.12,2.1,3.21,0.642,1.152,1.284,0
71104100,"Potato, roasted, from fresh, peel not eaten, NS as to fat","White potatoes, baked or boiled",126,1.87,20.45,1.62,1.4,4.25,1.113,1.478,1.234,3
71104110,"Potato, roasted, from fresh, peel not eaten, fat added, NS as to fat type","White potatoes, baked or boiled",126,1.87,20.45,1.62,1.4,4.25,1.113,1.478,1.234,3
71104120,"Potato, roasted, from fresh, peel not eaten, no added fat","White potatoes, baked or boiled",93,1.95,21.46,1.69,1.5,0.1,0.026,0.002,0.043,0
71104130,"Potato, roasted, from fresh, peel not eaten, made with oil","White potatoes, baked or boiled",131,1.86,20.45,1.61,1.4,4.84,0.659,2.012,1.863,0
71104140,"Potato, roasted, from fresh, peel not eaten, made with butter","White potatoes, baked or boiled",123,1.9,20.45,1.64,1.4,3.99,2.188,0.804,0.16,11
71104150,"Potato, roasted, from fresh, peel not eaten, made with margarine","White potatoes, baked or boiled",116,1.87,20.48,1.61,1.4,3.18,0.635,1.151,1.271,0
71104200,"Potato, roasted, ready-to-heat","White potatoes, baked or boiled",126,1.87,20.45,1.62,1.4,4.25,1.113,1.478,1.234,3
71106000,"Stewed potatoes, Puerto Rican style",Mashed potatoes and white potato mixtures,115,2.09,18.75,1.24,1.8,3.71,0.82,2.228,0.413,2
71106010,"Potato only from Puerto Rican mixed dishes, gravy and other components reported separately","White potatoes, baked or boiled",85,1.7,19.89,0.88,1.8,0.1,0.026,0.002,0.043,0
71106020,"Potato from Puerto Rican style stuffed pot roast, with gravy",Mashed potatoes and white potato mixtures,74,2.46,14.45,0.64,1.3,0.93,0.438,0.353,0.057,1
71106050,"Potato from Puerto Rican beef stew, with gravy",Mashed potatoes and white potato mixtures,74,2.46,14.45,0.64,1.3,0.93,0.438,0.353,0.057,1
71106070,"Potato from Puerto Rican chicken fricassee, with sauce",Mashed potatoes and white potato mixtures,72,1.34,14.62,0.67,1.2,1.02,0.25,0.377,0.176,2
71200010,"Potato chips, NFS",Potato chips,532,6.39,53.83,0.33,3.1,33.98,3.4,18.963,8.282,0
71200100,"Potato chips, plain",Potato chips,532,6.39,53.83,0.33,3.1,33.98,3.4,18.963,8.282,0
71200110,"Potato chips, barbecue flavored",Potato chips,487,6.51,55.92,5.47,3.8,31.06,4.002,13.221,12.207,0
71200120,"Potato chips, sour cream and onion flavored",Potato chips,487,6.51,55.92,5.47,3.8,31.06,4.002,13.221,12.207,0
71200130,"Potato chips, cheese flavored",Potato chips,487,6.51,55.92,5.47,3.8,31.06,4.002,13.221,12.207,0
71200140,"Potato chips, other flavored",Potato chips,487,6.51,55.92,5.47,3.8,31.06,4.002,13.221,12.207,0
71200200,"Potato chips, ruffled, plain",Potato chips,532,6.39,53.83,0.33,3.1,33.98,3.4,18.963,8.282,0
71200210,"Potato chips, ruffled, barbecue flavored",Potato chips,487,6.51,55.92,5.47,3.8,31.06,4.002,13.221,12.207,0
71200220,"Potato chips, ruffled, sour cream and onion flavored",Potato chips,487,6.51,55.92,5.47,3.8,31.06,4.002,13.221,12.207,0
71200230,"Potato chips, ruffled, cheese flavored",Potato chips,487,6.51,55.92,5.47,3.8,31.06,4.002,13.221,12.207,0
71200240,"Potato chips, ruffled, other flavored",Potato chips,487,6.51,55.92,5.47,3.8,31.06,4.002,13.221,12.207,0
71200300,"Potato chips, restructured, plain",Potato chips,543,4.61,55.21,0.76,2.9,35.17,8.617,6.122,15.456,0
71200310,"Potato chips, restructured, flavored",Potato chips,542,4.59,55.05,0.76,2.9,35.07,8.591,6.103,15.41,0
71200400,"Potato chips, baked, plain",Potato chips,469,5.0,71.4,5.01,4.8,18.2,2.631,9.91,4.234,0
71200410,"Potato chips, baked, flavored",Potato chips,467,4.97,71.04,4.99,4.8,18.11,2.618,9.861,4.213,0
71201050,"Potato chips, reduced fat",Potato chips,482,7.03,67.13,0.22,6.0,20.59,4.119,4.752,10.832,0
71201200,"Potato chips, restructured, reduced fat, lightly salted",Potato chips,502,4.56,64.76,0.63,3.2,26.14,6.759,4.553,12.201,0
71202000,"Potato chips, unsalted",Potato chips,537,6.25,59.66,0.19,5.4,30.3,5.269,7.548,15.975,0
71202500,"Potato chips, lightly salted",Potato chips,559,6.71,53.43,0.34,4.2,35.32,5.479,14.908,12.391,0
71202510,"Potato chips, restructured, lightly salted",Potato chips,559,6.71,53.43,0.34,4.2,35.32,5.479,14.908,12.391,0
71203010,"Potato chips, popped, plain",Potato chips,469,5.0,71.4,5.01,4.8,18.2,2.631,9.91,4.234,0
71203020,"Potato chips, popped, flavored",Potato chips,467,4.97,71.04,4.99,4.8,18.11,2.618,9.861,4.213,0
71203030,"Potato chips, popped, NFS",Potato chips,469,5.0,71.4,5.01,4.8,18.2,2.631,9.91,4.234,0
71205020,"Potato sticks, plain",Potato chips,522,6.7,53.3,0.22,3.4,34.4,8.88,6.16,17.9,0
71205030,"Potato sticks, flavored",Potato chips,517,6.63,52.77,0.22,3.4,34.06,8.792,6.099,17.723,0
71205040,"Potato sticks, fry shaped",Potato chips,517,6.63,52.77,0.22,3.4,34.06,8.792,6.099,17.723,0
71220000,Vegetable chips,"Tortilla, corn, other chips",495,4.72,59.2,6.9,7.8,26.56,1.824,14.988,6.766,0
71305015,"Potato, scalloped, NFS",Mashed potatoes and white potato mixtures,168,7.13,13.51,2.13,0.8,9.63,5.225,2.157,0.541,27
71305020,"Potato, scalloped, from fast food or restaurant",Mashed potatoes and white potato mixtures,206,6.66,12.99,1.96,0.7,14.34,7.632,3.533,1.102,38
71305030,"Potato, scalloped, from fresh",Mashed potatoes and white potato mixtures,168,7.13,13.51,2.13,0.8,9.63,5.225,2.157,0.541,27
71305040,"Potato, scalloped, from fresh, with meat",Mashed potatoes and white potato mixtures,173,7.44,12.88,2.08,0.7,10.36,5.465,2.399,0.7,30
71305050,"Potato, scalloped, from dry mix",Mashed potatoes and white potato mixtures,169,6.91,13.54,2.21,0.8,9.79,5.232,2.217,0.621,27
71305060,"Potato, scalloped, from dry mix, with meat",Mashed potatoes and white potato mixtures,167,7.3,13.12,2.19,0.7,9.6,5.096,2.208,0.618,28
71305070,"Potato, scalloped, ready-to-heat",Mashed potatoes and white potato mixtures,178,6.8,13.31,2.18,0.7,10.98,5.727,2.536,0.825,29
71305080,"Potato, scalloped, ready-to-heat, with meat",Mashed potatoes and white potato mixtures,183,7.1,12.74,2.14,0.7,11.58,5.925,2.74,0.958,31
71400990,"Potato, french fries, NFS",French fries and other fried white potatoes,225,2.5,23.23,0.34,1.8,14.07,1.986,5.556,4.857,0
71401000,"Potato, french fries, NS as to fresh or frozen",French fries and other fried white potatoes,225,2.5,23.23,0.34,1.8,14.07,1.986,5.556,4.857,0
71401010,"Potato, french fries, from fresh, fried",French fries and other fried white potatoes,198,1.93,18.5,1.25,1.6,13.1,1.763,5.511,5.036,0
71401015,"Potato, french fries, from fresh, baked",French fries and other fried white potatoes,166,2.02,19.34,1.3,1.7,9.16,1.238,3.841,3.524,0
71401020,"Potato, french fries, from frozen, baked",French fries and other fried white potatoes,158,2.75,25.55,0.37,2.0,5.48,0.848,1.874,1.502,0
71401030,"Potato, french fries, fast food",French fries and other fried white potatoes,312,3.43,41.44,0.3,3.8,14.73,2.336,5.969,5.398,0
71401031,"Potato, french fries, restaurant",French fries and other fried white potatoes,289,3.49,37.2,0.28,3.9,14.04,2.489,3.358,6.608,1
71401032,"Potato, french fries, from frozen, fried",French fries and other fried white potatoes,225,2.5,23.23,0.34,1.8,14.07,1.986,5.556,4.857,0
71401033,"Potato, french fries, school",French fries and other fried white potatoes,166,2.02,19.34,1.3,1.7,9.16,1.238,3.841,3.524,0
71401039,"Potato, french fries, with cheese, fast food / restaurant",French fries and other fried white potatoes,260,3.33,29.76,0.3,2.6,14.22,2.595,5.611,4.931,3
71401041,"Potato, french fries, with cheese, school",French fries and other fried white potatoes,181,4.55,17.67,1.2,1.5,10.29,2.374,3.987,3.261,8
71401045,"Potato, french fries, with chili, fast food / restaurant",French fries and other fried white potatoes,241,5.2,30.79,0.69,3.6,10.78,1.956,4.383,3.609,6
71401050,"Potato, french fries, with chili and cheese, fast food / restaurant",French fries and other fried white potatoes,221,4.66,24.87,0.59,2.7,11.42,2.246,4.527,3.724,7
71402500,"Potato, french fries, with cheese",French fries and other fried white potatoes,260,3.33,29.76,0.3,2.6,14.22,2.595,5.611,4.931,3
71402510,"Potato, french fries, with chili and cheese",French fries and other fried white potatoes,221,4.66,24.87,0.59,2.7,11.42,2.246,4.527,3.724,7
71402520,"Potato, french fries, with chili",French fries and other fried white potatoes,241,5.2,30.79,0.69,3.6,10.78,1.956,4.383,3.609,6
71403020,"Potato, home fries, NFS",French fries and other fried white potatoes,197,1.92,18.4,1.24,1.6,13.03,1.754,5.482,5.01,0
71403030,"Potato, home fries, from restaurant / fast food",French fries and other fried white potatoes,213,1.87,17.91,1.21,1.6,15.2,4.959,4.698,4.846,0
71403040,"Potato, home fries, from fresh",French fries and other fried white potatoes,185,1.96,18.76,1.26,1.6,11.52,1.553,4.843,4.431,0
71403050,"Potato, home fries, ready-to-heat",French fries and other fried white potatoes,197,1.92,18.4,1.24,1.6,13.03,1.754,5.482,5.01,0
71403500,"Potato, home fries, with vegetables",French fries and other fried white potatoes,173,1.72,15.6,1.84,1.5,11.77,1.587,4.942,4.528,0
71404000,"Potato, hash brown, NFS",French fries and other fried white potatoes,217,2.62,28.23,0.27,3.2,11.48,0.925,7.223,2.757,0
71404010,"Potato, hash brown, from fast food",French fries and other fried white potatoes,272,2.58,28.88,0.56,2.7,17.04,2.54,7.827,5.665,0
71404020,"Potato, hash brown, from fast food, with cheese",French fries and other fried white potatoes,295,6.03,24.47,0.52,2.2,19.87,5.317,7.762,4.917,17
71404030,"Potato, hash brown, from restaurant",French fries and other fried white potatoes,272,2.58,28.88,0.56,2.7,17.04,2.54,7.827,5.665,0
71404040,"Potato, hash brown, from restaurant, with cheese",French fries and other fried white potatoes,295,6.03,24.47,0.52,2.2,19.87,5.317,7.762,4.917,17
71404050,"Potato, hash brown, from school lunch",French fries and other fried white potatoes,218,2.64,28.4,0.27,3.2,11.54,0.93,7.266,2.774,0
71405010,"Potato, hash brown, from fresh",French fries and other fried white potatoes,190,1.94,18.57,1.25,1.6,12.27,1.653,5.161,4.719,0
71405019,"Potato, hash brown, from fresh, with cheese",French fries and other fried white potatoes,223,5.1,16.18,1.12,1.4,15.49,4.253,5.499,4.195,15
71405030,"Potato, hash brown, from dry mix",French fries and other fried white potatoes,217,2.62,28.23,0.27,3.2,11.48,0.925,7.223,2.757,0
71405040,"Potato, hash brown, ready-to-heat",French fries and other fried white potatoes,217,2.62,28.23,0.27,3.2,11.48,0.925,7.223,2.757,0
71405050,"Potato, hash brown, ready-to-heat, with cheese",French fries and other fried white potatoes,249,6.04,23.96,0.28,2.6,15.2,3.945,7.259,2.497,17
71410000,Potato skins without topping,French fries and other fried white potatoes,151,2.12,19.53,1.25,1.8,7.45,1.01,3.113,2.867,0
71410500,"Potato skins, with cheese",French fries and other fried white potatoes,199,6.07,16.34,1.08,1.5,12.4,4.403,3.92,2.552,19
71411000,"Potato skins, with cheese and bacon",French fries and other fried white potatoes,215,7.64,15.52,1.02,1.4,13.68,4.829,4.574,2.753,23
71411100,"Potato skins, NFS",French fries and other fried white potatoes,199,6.07,16.34,1.08,1.5,12.4,4.403,3.92,2.552,19
71501000,"Potato, mashed, NFS",Mashed potatoes and white potato mixtures,114,2.15,17.6,2.13,1.2,4.07,2.146,1.11,0.418,10
71501005,"Potato, mashed, from fast food",Mashed potatoes and white potato mixtures,89,1.65,14.65,0.5,1.3,2.82,0.577,0.72,1.342,0
71501006,"Potato, mashed, from fast food, with gravy",Mashed potatoes and white potato mixtures,81,1.46,12.78,0.46,1.1,2.78,0.589,0.781,1.155,1
71501007,"Potato, mashed, ready-to-heat",Mashed potatoes and white potato mixtures,106,1.97,13.29,1.76,1.9,5.01,2.632,1.236,0.684,13
71501010,"Potato, mashed, from fresh, made with milk",Mashed potatoes and white potato mixtures,114,2.15,17.6,2.13,1.2,4.07,2.146,1.11,0.418,10
71501011,"Potato, mashed, from fresh, made with milk, with cheese",Mashed potatoes and white potato mixtures,145,4.41,15.98,1.94,1.0,7.28,3.973,1.788,0.5,20
71501012,"Potato, mashed, from fresh, made with milk, with gravy",Mashed potatoes and white potato mixtures,100,1.86,15.14,1.77,1.0,3.78,1.845,1.093,0.416,9
71501013,"Potato, mashed, from fresh, NFS",Mashed potatoes and white potato mixtures,114,2.15,17.6,2.13,1.2,4.07,2.146,1.11,0.418,10
71501016,"Potato, mashed, from restaurant",Mashed potatoes and white potato mixtures,138,2.07,16.77,2.05,1.1,7.22,3.486,1.937,0.926,16
71501017,"Potato, mashed, from restaurant, with gravy",Mashed potatoes and white potato mixtures,120,1.8,14.48,1.7,0.9,6.3,2.917,1.755,0.822,14
71501018,"Potato, mashed, from school lunch",Mashed potatoes and white potato mixtures,77,2.14,13.2,1.85,1.0,1.89,0.491,0.644,0.655,1
71501035,"Potato, mashed, from dry mix, NFS",Mashed potatoes and white potato mixtures,117,2.05,12.63,1.6,0.9,6.7,3.444,1.827,0.728,16
71501040,"Potato, mashed, from dry mix, made with milk",Mashed potatoes and white potato mixtures,117,2.05,12.63,1.6,0.9,6.7,3.444,1.827,0.728,16
71501045,"Potato, mashed, from dry mix, made with milk, with cheese",Mashed potatoes and white potato mixtures,148,4.32,11.54,1.46,0.8,9.62,5.132,2.428,0.776,25
71501054,"Potato, mashed, from dry mix, made with milk, with gravy",Mashed potatoes and white potato mixtures,103,1.78,11.16,1.34,0.8,5.88,2.883,1.667,0.664,14
71501061,"Potato, mashed, ready-to-heat, NFS",Mashed potatoes and white potato mixtures,106,1.97,13.29,1.76,1.9,5.01,2.632,1.236,0.684,13
71501071,"Potato, mashed, ready-to-heat, with cheese",Mashed potatoes and white potato mixtures,138,4.26,12.13,1.61,1.7,8.12,4.407,1.901,0.737,22
71501075,"Potato, mashed, ready-to-heat, with gravy",Mashed potatoes and white potato mixtures,94,1.72,11.69,1.47,1.5,4.53,2.233,1.194,0.629,11
71503010,Potato patty,French fries and other fried white potatoes,171,3.89,13.49,1.48,1.5,11.32,3.112,4.083,3.195,74
71505000,"Potato tots, NFS",French fries and other fried white potatoes,237,1.9,24.4,0.28,2.3,15.46,2.315,6.24,5.734,0
71505010,"Potato tots, fast food / restaurant",French fries and other fried white potatoes,236,1.89,24.31,0.27,2.3,15.4,3.631,5.442,5.26,0
71505020,"Potato tots, school",French fries and other fried white potatoes,166,2.02,19.34,1.3,1.7,9.16,1.238,3.841,3.524,0
71505030,"Potato tots, from fresh, fried or baked",French fries and other fried white potatoes,237,1.9,24.4,0.28,2.3,15.46,2.315,6.24,5.734,0
71505040,"Potato tots, frozen, baked",French fries and other fried white potatoes,187,2.03,26.1,0.3,2.4,9.17,1.493,3.554,3.305,0
71505050,"Potato tots, frozen, fried",French fries and other fried white potatoes,237,1.9,24.4,0.28,2.3,15.46,2.315,6.24,5.734,0
71505060,"Potato tots, frozen, NS as to fried or baked",French fries and other fried white potatoes,237,1.9,24.4,0.28,2.3,15.46,2.315,6.24,5.734,0
71507005,"Potato, baked, peel not eaten, with butter","White potatoes, baked or boiled",125,1.9,20.39,1.64,1.4,4.19,2.295,0.843,0.166,12
71507010,"Potato, baked, peel not eaten, with sour cream","White potatoes, baked or boiled",131,2.0,19.05,1.8,1.3,5.44,3.056,1.111,0.224,15
71507020,"Potato, baked, peel not eaten, with cheese","White potatoes, baked or boiled",153,3.66,17.75,1.68,1.2,7.66,4.314,1.604,0.298,22
71507025,"Potato, baked, peel not eaten, with meat","White potatoes, baked or boiled",160,4.32,17.4,1.65,1.2,8.26,4.481,1.908,0.425,24
71507030,"Potato, baked, peel not eaten, with chili","White potatoes, baked or boiled",143,4.45,17.62,1.51,1.6,6.21,3.349,1.405,0.253,19
71507035,"Potato, baked, peel not eaten, with vegetables","White potatoes, baked or boiled",142,3.68,18.09,1.52,1.4,6.34,3.52,1.324,0.241,18
71508001,"Potato, baked, peel eaten","White potatoes, baked or boiled",93,2.49,21.05,1.18,2.2,0.13,0.034,0.003,0.057,0
71508005,"Potato, baked, peel eaten, with butter","White potatoes, baked or boiled",125,2.41,20.01,1.14,2.1,4.22,2.302,0.844,0.179,12
71508010,"Potato, baked, peel eaten, with sour cream","White potatoes, baked or boiled",131,2.47,18.7,1.35,1.9,5.46,3.063,1.112,0.236,15
71508020,"Potato, baked, peel eaten, with cheese","White potatoes, baked or boiled",153,4.09,17.43,1.27,1.7,7.69,4.32,1.605,0.309,22
71508025,"Potato, baked, peel eaten, with meat","White potatoes, baked or boiled",160,4.74,17.09,1.24,1.7,8.28,4.487,1.908,0.436,24
71508030,"Potato, baked, peel eaten, with chili","White potatoes, baked or boiled",143,4.85,17.33,1.13,2.1,6.23,3.355,1.406,0.263,19
71508035,"Potato, baked, peel eaten, with vegetables","White potatoes, baked or boiled",142,4.12,17.76,1.1,2.0,6.37,3.526,1.325,0.252,18
71600950,"Potato salad with egg, from restaurant",Mashed potatoes and white potato mixtures,175,3.04,15.37,1.8,1.1,11.35,1.972,2.768,6.152,51
71601010,"Potato salad with egg, made with mayonnaise",Mashed potatoes and white potato mixtures,157,1.96,16.18,4.95,1.3,9.4,1.437,2.0,4.983,17
71601015,"Potato salad with egg, made with light mayonnaise",Mashed potatoes and white potato mixtures,111,2.72,15.13,1.68,1.3,4.46,0.885,1.212,2.024,46
71601020,"Potato salad with egg, made with mayonnaise-type salad dressing",Mashed potatoes and white potato mixtures,112,2.76,15.91,2.56,1.3,4.32,0.871,1.207,1.882,46
71601025,"Potato salad with egg, made with light mayonnaise-type salad dressing",Mashed potatoes and white potato mixtures,111,2.72,15.13,1.68,1.3,4.46,0.885,1.212,2.024,46
71601030,"Potato salad with egg, made with creamy dressing",Mashed potatoes and white potato mixtures,142,2.93,14.89,1.54,1.3,7.91,1.441,1.852,3.991,49
71601035,"Potato salad with egg, made with light creamy dressing",Mashed potatoes and white potato mixtures,102,2.95,15.02,1.7,1.3,3.46,0.734,0.989,1.398,45
71601040,"Potato salad with egg, made with Italian dressing",Mashed potatoes and white potato mixtures,114,2.8,15.81,2.41,1.3,4.42,0.846,1.315,1.755,46
71601045,"Potato salad with egg, made with light Italian dressing",Mashed potatoes and white potato mixtures,94,2.79,15.49,2.2,1.3,2.35,0.542,0.754,0.68,46
71601050,"Potato salad with egg, made with any type of fat free dressing",Mashed potatoes and white potato mixtures,89,2.67,16.0,2.69,1.6,1.74,0.488,0.786,0.215,44
71602010,"Potato salad, German style",Mashed potatoes and white potato mixtures,108,2.92,17.17,1.46,1.9,3.22,1.199,1.394,0.458,5
71602950,"Potato salad, from restaurant",Mashed potatoes and white potato mixtures,178,1.73,17.32,1.9,1.3,11.45,1.794,2.588,6.804,6
71603010,"Potato salad, made with mayonnaise",Mashed potatoes and white potato mixtures,168,1.51,15.81,1.29,1.5,11.14,1.746,2.518,6.619,6
71603015,"Potato salad, made with light mayonnaise",Mashed potatoes and white potato mixtures,105,1.41,16.98,1.75,1.5,3.65,0.571,0.834,2.105,3
71603020,"Potato salad, made with mayonnaise-type salad dressing",Mashed potatoes and white potato mixtures,107,1.46,17.86,2.75,1.5,3.49,0.554,0.827,1.944,3
71603025,"Potato salad, made with light mayonnaise-type salad dressing",Mashed potatoes and white potato mixtures,105,1.41,16.98,1.75,1.5,3.65,0.571,0.834,2.105,3
71603030,"Potato salad, made with creamy dressing",Mashed potatoes and white potato mixtures,140,1.59,16.8,1.6,1.5,7.53,1.187,1.542,4.35,4
71603035,"Potato salad, made with light creamy dressing",Mashed potatoes and white potato mixtures,95,1.62,16.95,1.78,1.5,2.47,0.382,0.56,1.396,0
71603040,"Potato salad, made with Italian dressing",Mashed potatoes and white potato mixtures,108,1.44,17.86,2.59,1.5,3.56,0.507,0.929,1.803,0
71603045,"Potato salad, made with light Italian dressing",Mashed potatoes and white potato mixtures,85,1.43,17.49,2.35,1.5,1.2,0.162,0.291,0.578,0
71603050,"Potato salad, made with any type of fat free dressing",Mashed potatoes and white potato mixtures,81,1.38,17.94,2.9,1.8,0.58,0.125,0.356,0.059,2
71701000,Potato pancake,Mashed potatoes and white potato mixtures,196,4.47,20.64,1.11,2.2,10.8,1.759,4.426,3.826,66
71701500,Lefse,Mashed potatoes and white potato mixtures,218,4.37,36.39,2.31,2.0,6.34,2.717,1.536,0.921,13
71703990,Stewed potatoes,Mashed potatoes and white potato mixtures,103,1.99,16.26,0.96,2.1,3.39,0.443,1.322,1.236,0
71704000,Stewed potatoes with tomatoes,Mashed potatoes and white potato mixtures,87,1.71,12.89,1.68,1.9,3.29,0.434,1.295,1.219,0
71801000,"Soup, potato","Soups, cream-based",90,1.51,10.53,1.01,1.2,4.71,2.485,1.004,0.336,12
71801005,"Soup, potato with meat","Soups, cream-based",109,3.78,8.81,0.95,1.0,6.43,3.135,1.796,0.537,22
71900100,"Plantain, cooked, no added fat",Other starchy vegetables,122,1.3,31.8,17.46,1.7,0.35,0.0,0.0,0.0,0
71900200,"Plantain, cooked with oil",Other starchy vegetables,144,1.26,30.87,16.95,1.6,3.24,0.388,1.231,1.115,0
71905000,"Plantain, raw",Other starchy vegetables,122,1.3,31.89,17.51,1.7,0.35,0.0,0.0,0.0,0
71905008,"Plantain, cooked, fat added, NS as to fat type",Other starchy vegetables,141,1.27,30.88,16.96,1.6,2.88,0.666,0.903,0.73,2
71905100,"Plantain, cooked with butter or margarine",Other starchy vegetables,138,1.27,30.88,16.96,1.6,2.53,0.944,0.576,0.345,4
71905410,Plantain chips,"Tortilla, corn, other chips",531,2.28,63.84,0.92,3.5,29.59,8.337,5.632,11.739,0
71930120,"Cassava, cooked",Other starchy vegetables,191,1.42,39.62,1.78,1.9,3.03,0.793,1.049,0.835,2
71930190,Yuca fries,Fried vegetables,269,1.24,34.72,1.55,1.6,13.94,1.896,5.867,5.299,0
71930200,"Casabe, cassava bread","Biscuits, muffins, quick breads",299,2.54,71.22,3.18,3.4,0.52,0.138,0.14,0.09,0
71962040,"Taro, cooked",Other starchy vegetables,141,1.57,27.55,0.42,4.3,2.95,0.759,0.988,0.872,2
71970200,Fufu,Other starchy vegetables,166,1.5,33.59,1.1,3.1,2.99,0.776,1.019,0.853,2
71980200,Taro chips,"Tortilla, corn, other chips",498,2.3,68.1,3.82,7.2,24.9,6.43,4.43,12.88,0
72101100,"Beet greens, raw",Other dark green vegetables,22,2.2,4.33,0.5,3.7,0.13,0.02,0.026,0.046,0
72101220,"Beet greens, cooked",Other dark green vegetables,48,2.3,4.51,0.53,3.9,2.87,0.737,0.998,0.833,2
72103000,"Broccoli raab, raw",Broccoli,22,3.17,2.85,0.38,2.7,0.49,0.083,0.044,0.218,0
72103030,"Broccoli raab, cooked",Broccoli,46,3.2,2.88,0.39,2.7,3.15,0.778,0.985,0.981,2
72104100,"Chard, raw",Other dark green vegetables,19,1.8,3.74,1.1,1.6,0.2,0.03,0.04,0.07,0
72104220,"Chard, cooked",Other dark green vegetables,44,1.88,3.9,1.15,1.7,2.95,0.747,1.013,0.858,2
72107100,"Collards, raw",Other dark green vegetables,32,3.02,5.42,0.46,4.0,0.61,0.055,0.03,0.201,0
72107211,"Collards, fresh, cooked, no added fat",Other dark green vegetables,34,3.24,5.81,0.49,4.3,0.65,0.059,0.032,0.215,0
72107212,"Collards, frozen, cooked, no added fat",Other dark green vegetables,36,2.96,7.08,0.57,2.8,0.41,0.06,0.02,0.209,0
72107220,"Collards, NS as to form, cooked",Other dark green vegetables,58,3.15,5.65,0.48,4.2,3.37,0.773,1.003,0.994,2
72107221,"Collards, fresh, cooked, fat added, NS as to fat type",Other dark green vegetables,58,3.15,5.65,0.48,4.2,3.37,0.773,1.003,0.994,2
72107222,"Collards, frozen, cooked, fat added, NS as to fat type",Other dark green vegetables,58,2.88,6.88,0.56,2.7,2.94,0.724,0.923,0.934,2
72107227,"Collards, fresh, cooked with oil",Other dark green vegetables,61,3.14,5.64,0.48,4.2,3.76,0.475,1.355,1.409,0
72107228,"Collards, fresh, cooked with butter or margarine",Other dark green vegetables,54,3.16,5.65,0.49,4.2,2.99,1.072,0.651,0.58,4
72107230,"Collards, frozen, cooked with oil",Other dark green vegetables,61,2.88,6.87,0.55,2.7,3.3,0.446,1.25,1.319,0
72107231,"Collards, frozen, cooked with butter or margarine",Other dark green vegetables,55,2.89,6.88,0.56,2.7,2.58,1.002,0.595,0.548,4
72110100,"Cress, raw",Other dark green vegetables,32,2.6,5.5,4.4,1.1,0.7,0.023,0.239,0.228,0
72110221,"Cress, cooked",Other dark green vegetables,58,2.72,5.73,4.58,1.1,3.47,0.74,1.22,1.023,2
72113100,"Dandelion greens, raw",Other dark green vegetables,45,2.7,9.2,0.71,3.5,0.7,0.17,0.014,0.306,0
72113220,"Dandelion greens, cooked",Other dark green vegetables,71,2.82,9.58,0.74,3.6,3.47,0.893,0.986,1.104,2
72116000,"Romaine lettuce, raw",Lettuce and lettuce salads,21,0.98,4.06,1.19,1.8,0.07,0.039,0.012,0.16,0
72116150,"Caesar salad, with romaine, no dressing",Lettuce and lettuce salads,77,4.0,7.49,1.23,1.8,3.41,1.666,1.015,0.353,8
72116220,"Escarole, cooked",Other dark green vegetables,37,1.12,2.98,0.23,2.7,2.72,0.707,0.907,0.809,2
72118211,"Greens, fresh, cooked, no added fat",Other dark green vegetables,37,2.97,5.16,0.74,4.2,0.97,0.106,0.069,0.388,0
72118212,"Greens, frozen, cooked, no added fat",Other dark green vegetables,37,2.92,5.75,0.78,2.7,0.71,0.098,0.059,0.343,0
72118220,"Greens, NS as to form, cooked",Other dark green vegetables,58,2.89,5.02,0.72,4.1,3.4,0.748,0.941,1.084,2
72118221,"Greens, fresh, cooked, fat added",Other dark green vegetables,58,2.89,5.02,0.72,4.1,3.4,0.748,0.941,1.084,2
72118222,"Greens, frozen, cooked, fat added",Other dark green vegetables,59,2.84,5.59,0.76,2.6,3.24,0.761,0.96,1.064,2
72118223,"Greens, canned, cooked",Other dark green vegetables,41,1.32,2.71,0.41,1.3,2.82,0.73,0.918,0.842,2
72119190,"Kale, raw",Other dark green vegetables,43,2.92,4.42,0.8,4.1,1.49,0.178,0.104,0.673,0
72119211,"Kale, fresh, cooked, no added fat",Other dark green vegetables,46,3.13,4.74,0.86,4.4,1.6,0.191,0.111,0.721,0
72119212,"Kale, frozen, cooked, no added fat",Other dark green vegetables,44,2.93,5.28,1.12,2.3,1.21,0.158,0.092,0.595,0
72119220,"Kale, NS as to form, cooked",Other dark green vegetables,69,3.05,4.61,0.84,4.3,4.29,0.902,1.08,1.486,2
72119221,"Kale, fresh, cooked, fat added",Other dark green vegetables,69,3.05,4.61,0.84,4.3,4.29,0.902,1.08,1.486,2
72119222,"Kale, frozen, cooked, fat added",Other dark green vegetables,66,2.85,5.14,1.09,2.2,3.72,0.819,0.992,1.308,2
72120220,"Lambsquarter, cooked",Other dark green vegetables,54,3.11,4.85,0.6,2.0,3.22,0.716,1.03,1.027,2
72122100,"Mustard greens, raw",Other dark green vegetables,27,2.86,4.67,1.32,3.2,0.42,0.01,0.092,0.038,0
72122211,"Mustard greens, fresh, cooked, no added fat",Other dark green vegetables,29,3.07,5.01,1.42,3.4,0.45,0.011,0.099,0.041,0
72122212,"Mustard greens, frozen, cooked, no added fat",Other dark green vegetables,19,2.26,3.1,0.32,2.8,0.25,0.013,0.113,0.047,0
72122220,"Mustard greens, NS as to form, cooked",Other dark green vegetables,53,2.99,4.87,1.38,3.3,3.18,0.727,1.067,0.825,2
72122221,"Mustard greens, fresh, cooked, fat added",Other dark green vegetables,53,2.99,4.87,1.38,3.3,3.18,0.727,1.067,0.825,2
72122222,"Mustard greens, frozen, cooked, fat added",Other dark green vegetables,41,2.21,3.02,0.32,2.7,2.79,0.679,1.013,0.776,2
72123020,"Poke greens, cooked",Other dark green vegetables,42,2.24,3.01,1.55,1.5,2.93,0.755,0.916,0.901,2
72124100,"Radicchio, raw",Lettuce and lettuce salads,23,1.43,4.48,0.6,0.9,0.25,0.06,0.01,0.11,0
72125100,"Spinach, raw",Spinach,27,2.85,2.41,0.42,1.6,0.62,0.063,0.01,0.165,0
72125211,"Spinach, fresh, cooked, no added fat",Spinach,33,3.41,3.1,0.49,1.9,0.7,0.074,0.012,0.194,0
72125212,"Spinach, frozen, cooked, no added fat",Spinach,34,4.0,4.79,0.51,3.7,0.87,0.157,0.0,0.37,0
72125213,"Spinach, canned, cooked, no added fat",Spinach,23,2.81,3.4,0.4,2.4,0.5,0.081,0.013,0.211,0
72125217,"Spinach, fresh, cooked with oil",Spinach,63,3.31,3.01,0.48,1.8,4.1,0.528,1.459,1.5,0
72125218,"Spinach, fresh, cooked with butter or margarine",Spinach,55,3.33,3.02,0.49,1.8,3.26,1.182,0.689,0.594,5
72125220,"Spinach, NS as to form, cooked",Spinach,59,3.32,3.01,0.48,1.8,3.68,0.855,1.074,1.047,2
72125221,"Spinach, fresh, cooked, fat added, NS as to fat type",Spinach,59,3.32,3.01,0.48,1.8,3.68,0.855,1.074,1.047,2
72125222,"Spinach, frozen, cooked, fat added, NS as to fat type",Spinach,56,3.89,4.65,0.5,3.6,3.39,0.818,0.903,1.089,2
72125223,"Spinach, canned, cooked, fat added, NS as to fat type",Spinach,45,2.74,3.31,0.39,2.3,3.04,0.747,0.919,0.937,2
72125224,"Spinach, frozen, cooked with oil",Spinach,59,3.88,4.65,0.49,3.6,3.75,0.54,1.231,1.475,0
72125225,"Spinach, frozen, cooked with butter or margarine",Spinach,53,3.9,4.66,0.5,3.6,3.03,1.096,0.576,0.704,4
72125227,"Spinach, canned, cooked with oil",Spinach,49,2.73,3.3,0.39,2.3,3.4,0.468,1.247,1.324,0
72125228,"Spinach, canned, cooked with butter or margarine",Spinach,42,2.74,3.31,0.4,2.3,2.68,1.025,0.59,0.551,4
72125230,"Spinach, creamed",Spinach,90,2.39,6.11,0.76,1.2,6.09,3.296,1.178,0.368,16
72125240,Spinach souffle,Vegetable dishes,128,5.72,7.13,2.48,1.1,8.64,4.126,2.153,0.612,101
72125260,Spinach and cheese casserole,Vegetable dishes,130,7.05,9.86,1.01,2.8,7.59,3.859,1.76,0.776,19
72125310,Palak Paneer,Vegetable dishes,101,5.42,4.28,1.89,0.9,7.02,1.81,2.536,2.025,7
72125500,Channa Saag,Vegetable dishes,89,4.1,8.79,1.81,3.0,4.33,0.553,1.552,1.636,0
72126001,"Taro leaves, cooked",Other dark green vegetables,68,5.19,6.98,3.14,3.9,3.51,0.873,1.034,1.105,2
72128211,"Turnip greens, fresh, cooked, no added fat",Other dark green vegetables,20,1.14,4.35,0.53,3.5,0.23,0.053,0.015,0.091,0
72128212,"Turnip greens, frozen, cooked, no added fat",Other dark green vegetables,29,3.34,4.96,0.75,3.4,0.42,0.099,0.028,0.169,0
72128220,"Turrnip greens, NS as to form, cooked",Other dark green vegetables,42,1.11,4.23,0.52,3.4,2.77,0.717,0.918,0.818,2
72128221,"Turnip greens, fresh, cooked, fat added",Other dark green vegetables,42,1.11,4.23,0.52,3.4,2.77,0.717,0.918,0.818,2
72128222,"Turnip greens, frozen, cooked, fat added",Other dark green vegetables,51,3.25,4.83,0.73,3.3,2.95,0.762,0.93,0.895,2
72130100,"Watercress, raw",Other dark green vegetables,11,2.3,1.29,0.2,0.5,0.1,0.027,0.008,0.035,0
72130201,"Watercress, cooked",Other dark green vegetables,36,2.4,1.35,0.21,0.5,2.84,0.744,0.98,0.822,2
72132201,"Bitter melon, horseradish, jute, or radish leaves, cooked",Other dark green vegetables,56,3.49,6.47,1.01,1.8,2.74,0.697,0.908,0.811,2
72133201,"Sweet potato, squash, pumpkin, chrysanthemum, or bean leaves, cooked",Other dark green vegetables,57,2.12,7.15,5.31,1.8,2.88,0.729,0.915,0.86,2
72201100,"Broccoli, raw",Broccoli,39,2.57,6.27,1.4,2.4,0.34,0.039,0.011,0.017,0
72201190,"Broccoli, cooked, from restaurant",Broccoli,77,2.55,6.2,1.39,2.4,4.66,1.171,1.547,1.258,3
72201211,"Broccoli, fresh, cooked, no added fat",Broccoli,41,2.67,6.51,1.45,2.5,0.35,0.041,0.011,0.018,0
72201212,"Broccoli, frozen, cooked, no added fat",Broccoli,28,3.09,5.33,1.47,3.0,0.12,0.018,0.008,0.055,0
72201220,"Broccoli, NS as to form, cooked",Broccoli,63,2.6,6.33,1.42,2.4,3.0,0.733,0.952,0.778,2
72201221,"Broccoli, fresh, cooked, fat added, NS as to fat type",Broccoli,63,2.6,6.33,1.42,2.4,3.0,0.733,0.952,0.778,2
72201222,"Broccoli, frozen, cooked, fat added, NS as to fat type",Broccoli,50,3.01,5.18,1.43,2.9,2.66,0.684,0.911,0.784,2
72201223,"Broccoli, fresh, cooked with oil",Broccoli,67,2.59,6.32,1.41,2.4,3.37,0.444,1.293,1.179,0
72201224,"Broccoli, fresh, cooked with butter or margarine",Broccoli,60,2.61,6.33,1.42,2.4,2.62,1.023,0.611,0.377,4
72201226,"Broccoli, frozen, cooked with oil",Broccoli,53,3.0,5.18,1.42,2.9,3.02,0.406,1.239,1.169,0
72201227,"Broccoli, frozen, cooked with butter or margarine",Broccoli,47,3.02,5.19,1.43,2.9,2.3,0.961,0.584,0.398,4
72202010,Broccoli casserole with noodles,Vegetable dishes,112,3.55,15.86,1.34,1.9,3.77,1.731,0.787,0.385,16
72202020,Broccoli casserole with rice,Vegetable dishes,107,4.14,15.06,1.2,1.9,3.6,1.665,0.776,0.563,8
72202030,Fried broccoli,Fried vegetables,223,4.28,22.41,0.88,1.7,12.88,1.781,5.222,4.819,11
72203000,"Broccoli, chinese, raw",Broccoli,26,1.2,4.67,0.88,2.6,0.76,0.116,0.053,0.347,0
72203070,"Broccoli, Chinese, cooked",Broccoli,50,1.22,4.72,0.89,2.6,3.42,0.811,0.994,1.111,2
72302100,"Soup, broccoli cheese","Soups, cream-based",82,4.26,6.08,1.03,1.3,4.54,2.348,1.02,0.28,12
73101010,"Carrots, raw",Carrots,44,0.87,9.68,4.75,2.9,0.24,0.028,0.01,0.083,0
73101110,"Carrots, raw, salad","Coleslaw, non-lettuce salads",212,1.25,17.62,12.04,2.6,15.74,2.454,3.494,9.312,9
73101210,"Carrots, raw, salad with apples","Coleslaw, non-lettuce salads",181,0.85,8.59,4.47,2.3,16.02,2.491,3.558,9.489,9
73102190,"Carrots, cooked, from restaurant",Carrots,86,0.94,10.15,4.69,3.1,4.67,1.164,1.547,1.342,3
73102211,"Carrots, fresh, cooked, no added fat",Carrots,50,0.98,10.67,4.92,3.2,0.36,0.033,0.012,0.106,0
73102212,"Carrots, frozen, cooked, no added fat",Carrots,39,0.81,7.9,4.19,3.2,0.47,0.0,0.0,0.163,0
73102213,"Carrots, canned, cooked, no added fat",Carrots,25,0.64,5.54,2.48,1.5,0.19,0.036,0.009,0.092,0
73102217,"Carrots, fresh, cooked with oil",Carrots,76,0.95,10.36,4.78,3.1,3.38,0.437,1.294,1.265,0
73102218,"Carrots, fresh, cooked with butter or margarine",Carrots,69,0.96,10.37,4.79,3.1,2.63,1.016,0.612,0.462,4
73102220,"Carrots, NS as to form, cooked",Carrots,72,0.96,10.36,4.78,3.1,3.0,0.726,0.953,0.864,2
73102221,"Carrots, fresh, cooked, fat added, NS as to fat type",Carrots,72,0.96,10.36,4.78,3.1,3.0,0.726,0.953,0.864,2
73102222,"Carrots, frozen, cooked, fat added, NS as to fat type",Carrots,61,0.79,7.67,4.07,3.1,3.0,0.666,0.903,0.888,2
73102223,"Carrots, canned, cooked, fat added, NS as to fat type",Carrots,47,0.63,5.38,2.41,1.5,2.74,0.703,0.915,0.822,2
73102224,"Carrots, frozen, cooked with oil",Carrots,64,0.78,7.67,4.07,3.1,3.36,0.388,1.231,1.273,0
73102225,"Carrots, frozen, cooked with butter or margarine",Carrots,57,0.8,7.68,4.08,3.1,2.64,0.944,0.576,0.503,4
73102227,"Carrots, canned, cooked with oil",Carrots,50,0.62,5.38,2.41,1.5,3.1,0.424,1.243,1.208,0
73102228,"Carrots, canned, cooked with butter or margarine",Carrots,44,0.64,5.39,2.42,1.5,2.38,0.982,0.586,0.435,4
73102241,"Carrots, glazed, cooked",Carrots,97,0.9,17.32,12.14,2.9,2.78,1.393,0.516,0.169,7
73103010,"Carrots, canned, reduced sodium, cooked, no added fat",Carrots,23,0.59,5.36,2.46,1.8,0.14,0.024,0.007,0.068,0
73103020,"Carrots, canned, reduced sodium, cooked, fat added, NS as to fat type",Carrots,45,0.58,5.21,2.39,1.7,2.69,0.691,0.913,0.798,2
73103021,"Carrots, canned, reduced sodium, cooked with oil",Carrots,49,0.57,5.2,2.39,1.7,3.05,0.413,1.241,1.185,0
73103022,"Carrots, canned, reduced sodium, cooked with butter or margarine",Carrots,42,0.59,5.21,2.4,1.7,2.33,0.97,0.584,0.412,4
73105000,Beet juice,Vegetable juice,25,0.72,5.91,4.84,1.1,0.06,0.01,0.012,0.022,0
73105010,"Carrot juice, 100%",Vegetable juice,40,0.95,9.28,3.91,0.8,0.15,0.027,0.007,0.071,0
73111211,"Peas and carrots, fresh, cooked, no added fat",Other vegetables and combinations,67,3.3,12.84,5.41,4.6,0.39,0.053,0.024,0.15,0
73111212,"Peas and carrots, frozen, cooked, no added fat",Other vegetables and combinations,58,2.97,11.06,4.29,3.8,0.37,0.024,0.012,0.146,0
73111213,"Peas and carrots, canned, cooked, no added fat",Other vegetables and combinations,46,2.56,8.45,2.74,3.2,0.5,0.09,0.04,0.233,0
73111220,"Peas and carrots, cooked, NS as to form",Other vegetables and combinations,89,3.22,12.47,5.25,4.4,3.03,0.746,0.965,0.906,2
73111221,"Peas and carrots, fresh, cooked, fat added",Other vegetables and combinations,89,3.22,12.47,5.25,4.4,3.03,0.746,0.965,0.906,2
73111222,"Peas and carrots, frozen, cooked, fat added",Other vegetables and combinations,80,2.89,10.74,4.17,3.7,2.9,0.69,0.915,0.872,2
73111223,"Peas and carrots, canned, cooked, fat added",Other vegetables and combinations,68,2.49,8.21,2.66,3.1,3.03,0.755,0.945,0.959,2
73201013,"Pumpkin, canned, cooked",Other red and orange vegetables,56,1.08,7.86,3.21,2.8,2.82,0.81,0.942,0.747,2
73201020,"Pumpkin, cooked",Other red and orange vegetables,52,1.05,6.77,2.88,0.5,2.84,0.77,0.985,0.79,2
73302010,"Winter squash, raw",Other red and orange vegetables,26,1.0,6.5,2.76,0.5,0.1,0.052,0.013,0.005,0
73303010,"Winter squash, cooked, no added fat",Other red and orange vegetables,37,0.89,8.82,3.29,2.8,0.35,0.072,0.026,0.147,0
73303020,"Winter squash, cooked, fat added",Other red and orange vegetables,59,0.87,8.57,3.2,2.7,2.88,0.736,0.929,0.873,2
73305020,"Squash, winter, souffle",Vegetable dishes,78,3.4,12.14,5.77,2.1,2.26,0.747,0.701,0.446,73
73401000,"Sweet potato, NFS",Other red and orange vegetables,115,1.58,17.14,6.0,3.0,4.53,1.106,1.477,1.207,3
73403000,"Sweet potato, baked, NS as to fat",Other red and orange vegetables,115,1.58,17.14,6.0,3.0,4.53,1.106,1.477,1.207,3
73403010,"Sweet potato, baked, no added fat",Other red and orange vegetables,82,1.64,17.98,6.29,3.1,0.39,0.019,0.001,0.015,0
73403020,"Sweet potato, baked, fat added",Other red and orange vegetables,115,1.58,17.14,6.0,3.0,4.53,1.106,1.477,1.207,3
73405000,"Sweet potato, boiled, NS as to fat",Other red and orange vegetables,115,1.58,17.14,6.0,3.0,4.53,1.106,1.477,1.207,3
73405010,"Sweet potato, boiled, no added fat",Other red and orange vegetables,82,1.64,17.98,6.29,3.1,0.39,0.019,0.001,0.015,0
73405020,"Sweet potato, boiled, fat added",Other red and orange vegetables,115,1.58,17.14,6.0,3.0,4.53,1.106,1.477,1.207,3
73406000,"Sweet potato, candied",Other red and orange vegetables,187,1.18,37.69,29.38,2.2,3.48,0.83,1.108,0.906,3
73407000,"Sweet potato, canned, NS as to fat",Other red and orange vegetables,124,1.58,20.05,4.75,1.7,4.35,1.127,1.483,1.273,3
73407050,"Sweet potato, canned, no added fat",Other red and orange vegetables,91,1.64,21.04,4.98,1.8,0.2,0.041,0.008,0.084,0
73407060,"Sweet potato, canned, fat added",Other red and orange vegetables,124,1.58,20.05,4.75,1.7,4.35,1.127,1.483,1.273,3
73409000,"Sweet potato, casserole or mashed",Other red and orange vegetables,99,1.89,17.22,8.05,2.4,2.56,1.384,0.647,0.12,7
73410200,"Sweet potato fries, NFS",Fried vegetables,192,2.27,37.45,13.58,6.0,9.39,1.218,3.898,3.014,0
73410210,Sweet potato chips,"Tortilla, corn, other chips",529,2.92,56.54,8.78,8.8,32.19,2.926,9.109,12.163,0
73410320,"Sweet potato fries, frozen",Fried vegetables,192,2.27,37.45,13.58,6.0,9.39,1.218,3.898,3.014,0
73410340,"Sweet potato fries, from fresh",Fried vegetables,156,1.49,16.35,5.72,2.8,9.42,1.228,3.84,3.492,0
73410400,"Sweet potato fries, fast food / restaurant",Fried vegetables,305,1.92,31.63,11.47,5.1,23.93,6.257,8.269,7.636,0
73410500,"Sweet potato fries, school",Fried vegetables,192,2.27,37.45,13.58,6.0,9.39,1.218,3.898,3.014,0
73420020,Sweet potato tots,Fried vegetables,191,2.26,37.3,13.52,6.0,9.35,1.213,3.882,3.002,0
73420100,"Sweet potato tots, fast food / restaurant",Fried vegetables,240,2.12,34.87,12.64,5.6,15.6,3.376,5.763,4.989,0
73420200,"Sweet potato tots, school",Fried vegetables,192,2.27,37.45,13.58,6.0,9.39,1.218,3.898,3.014,0
73502000,"Soup, pumpkin","Soups, cream-based",72,1.1,6.86,2.07,1.5,4.7,2.533,1.018,0.325,12
74101000,"Tomatoes, raw",Tomatoes,20,0.82,4.04,2.63,1.2,0.31,0.028,0.031,0.083,0
74201000,"Tomatoes, NS as to form, cooked",Tomatoes,50,1.08,4.71,3.19,1.5,3.42,0.867,1.167,1.013,3
74201001,"Tomatoes, fresh, cooked",Tomatoes,50,1.08,4.71,3.19,1.5,3.42,0.867,1.167,1.013,3
74201003,"Tomatoes, canned, cooked",Tomatoes,43,0.82,3.23,2.91,1.8,3.04,0.701,0.945,0.83,2
74203010,"Tomatoes, scalloped",Vegetable dishes,110,2.7,14.1,3.74,1.9,4.97,2.46,1.004,0.467,12
74204500,"Tomatoes, canned, reduced sodium, cooked",Tomatoes,39,0.78,3.37,2.48,1.8,2.8,0.701,0.945,0.83,2
74205010,Fried green tomatoes,Fried vegetables,216,3.68,21.78,1.58,1.3,12.84,1.778,5.233,4.851,11
74205020,"Tomato, green, pickled","Olives, pickles, pickled vegetables",40,1.0,9.09,8.19,0.9,0.18,0.023,0.025,0.067,0
74206000,Sun-dried tomatoes,Tomatoes,258,14.11,55.76,37.59,12.3,2.97,0.426,0.487,1.115,0
74301100,"Tomato juice, 100%",Vegetable juice,23,0.86,4.32,2.57,0.4,0.29,0.019,0.005,0.027,0
74301150,"Tomato juice, 100%, low sodium",Vegetable juice,23,0.86,4.32,2.57,0.4,0.29,0.019,0.005,0.027,0
74302000,Tomato juice cocktail,Vegetable juice,22,0.93,3.87,2.84,0.5,0.31,0.088,0.06,0.076,0
74303000,"Tomato and vegetable juice, 100%",Vegetable juice,22,0.93,3.87,2.84,0.5,0.31,0.088,0.06,0.076,0
74303100,"Tomato and vegetable juice, 100%, low sodium",Vegetable juice,22,0.6,4.59,3.28,0.8,0.1,0.014,0.016,0.042,0
74401010,Ketchup,Tomato-based condiments,109,1.08,27.1,21.54,0.3,0.32,0.014,0.015,0.041,0
74401110,"Ketchup, reduced sodium",Tomato-based condiments,101,1.04,27.4,21.27,0.3,0.1,0.014,0.015,0.041,0
74402010,Tomato chili sauce,Tomato-based condiments,92,2.5,19.79,13.33,2.4,0.3,0.045,0.038,0.154,0
74402100,"Salsa, NFS",Tomato-based condiments,34,1.44,6.74,3.81,1.8,0.19,0.021,0.018,0.078,0
74402110,"Salsa, pico de gallo",Tomato-based condiments,17,0.71,3.7,2.13,1.1,0.14,0.023,0.02,0.057,0
74402150,"Salsa, red",Tomato-based condiments,34,1.44,6.74,3.81,1.8,0.19,0.021,0.018,0.078,0
74402200,"Salsa, red, homemade",Tomato-based condiments,34,1.44,6.74,3.81,1.8,0.19,0.021,0.018,0.078,0
74402210,Taco sauce,Tomato-based condiments,11,1.16,0.72,0.12,0.5,0.68,0.095,0.055,0.361,0
74402250,"Enchilada sauce, red",Tomato-based condiments,30,0.62,4.87,1.83,0.5,0.91,0.111,0.068,0.276,0
74402260,"Enchilada sauce, green","Dips, gravies, other sauces",38,1.13,6.36,3.5,1.9,0.89,0.0,0.0,0.0,0
74402350,"Salsa verde or salsa, green","Dips, gravies, other sauces",38,1.13,6.36,3.5,1.9,0.89,0.0,0.0,0.0,0
74403000,Hot Thai sauce,Mustard and other condiments,74,1.03,16.58,16.07,0.5,0.66,0.085,0.049,0.321,0
74404010,Spaghetti sauce,"Pasta sauces, tomato-based",51,1.41,8.05,5.5,1.8,1.48,0.17,0.376,0.504,2
74404020,Spaghetti sauce with added vegetables,"Pasta sauces, tomato-based",46,1.52,7.45,4.96,1.7,1.2,0.146,0.289,0.42,2
74404050,"Spaghetti sauce, reduced sodium","Pasta sauces, tomato-based",51,1.41,8.06,5.5,1.8,1.48,0.17,0.377,0.508,2
74404060,"Spaghetti sauce, fat free","Pasta sauces, tomato-based",24,1.2,5.31,3.56,1.5,0.3,0.041,0.045,0.121,0
74404090,Vodka sauce with tomatoes and cream,"Pasta sauces, tomato-based",75,1.15,3.56,2.49,1.3,6.57,3.02,2.103,0.439,14
74406010,Barbecue sauce,Tomato-based condiments,172,0.82,40.77,33.24,0.9,0.63,0.045,0.082,0.101,0
74406060,Buffalo sauce,Mustard and other condiments,11,1.21,0.75,0.12,0.6,0.71,0.1,0.057,0.377,0
74406100,Steak sauce,Tomato-based condiments,95,1.25,22.04,9.82,1.5,0.23,0.0,0.0,0.0,0
74406500,Cocktail sauce,Tomato-based condiments,128,1.36,28.22,11.83,1.8,1.05,0.0,0.0,0.0,0
74410110,Puerto Rican seasoning with ham,Mustard and other condiments,266,3.96,7.24,3.07,1.6,24.78,5.454,15.229,2.566,13
74420110,Puerto Rican seasoning without ham and tomato sauce,Mustard and other condiments,127,1.02,6.89,2.93,1.5,10.79,1.473,4.531,4.134,0
74506000,"Tomato and cucumber salad made with tomato, cucumber, oil, and vinegar","Coleslaw, non-lettuce salads",122,0.52,6.35,5.04,0.6,10.18,1.366,4.272,3.895,0
74601000,"Soup, tomato","Soups, broth-based",19,0.65,3.64,2.01,0.9,0.41,0.057,0.142,0.158,0
74601010,"Soup, cream of tomato","Soups, cream-based",70,1.21,6.39,2.37,1.0,4.68,2.488,1.017,0.357,12
74602010,"Soup, tomato, canned","Soups, broth-based",34,0.63,7.65,4.16,0.6,0.33,0.051,0.119,0.121,0
74602200,"Soup, tomato, canned / carton, reduced sodium","Soups, broth-based",35,0.64,7.67,4.17,0.6,0.33,0.051,0.12,0.122,0
74701000,Tomato sandwich on white,Vegetable sandwiches/burgers,201,8.46,26.54,3.99,1.5,6.8,3.245,1.473,1.135,15
74701010,Tomato sandwich on wheat,Vegetable sandwiches/burgers,199,9.44,24.67,3.92,3.1,6.99,3.195,1.441,0.984,15
75100250,"Raw vegetable, NFS",Other vegetables and combinations,30,1.19,5.83,2.53,2.0,0.26,0.034,0.021,0.066,0
75100300,"Sprouts, NFS",Other vegetables and combinations,30,3.04,5.94,4.13,1.8,0.18,0.046,0.022,0.058,0
75100500,"Alfalfa sprouts, raw",Other vegetables and combinations,23,3.99,2.1,0.2,1.9,0.69,0.069,0.056,0.409,0
75100750,Artichoke,Other vegetables and combinations,53,2.89,11.95,0.99,5.7,0.34,0.079,0.011,0.145,0
75100800,"Asparagus, raw",Other vegetables and combinations,20,2.2,3.88,1.88,2.1,0.12,0.04,0.0,0.05,0
75101000,"Bean sprouts, raw",Other vegetables and combinations,30,3.04,5.94,4.13,1.8,0.18,0.046,0.022,0.058,0
75101800,"Green beans, raw",String beans,40,1.97,7.41,2.33,3.0,0.28,0.05,0.01,0.113,0
75102500,"Beets, raw",Other vegetables and combinations,43,1.61,9.56,6.76,2.8,0.17,0.027,0.032,0.06,0
75102600,"Broccoflower, raw",Other vegetables and combinations,31,2.95,6.09,3.03,3.2,0.3,0.047,0.028,0.133,0
75102750,"Brussels sprouts, raw",Other vegetables and combinations,43,3.38,8.95,2.2,3.8,0.3,0.062,0.023,0.153,0
75103000,"Cabbage, green, raw",Cabbage,31,0.96,6.38,3.2,2.5,0.23,0.034,0.017,0.017,0
75104000,"Cabbage, Chinese, raw",Cabbage,13,1.5,2.18,1.18,1.0,0.2,0.027,0.015,0.096,0
75105000,"Cabbage, red, raw",Cabbage,34,1.24,6.79,3.83,2.1,0.21,0.021,0.012,0.08,0
75105500,"Cactus, raw",Other vegetables and combinations,16,1.32,3.33,1.15,2.2,0.09,0.016,0.018,0.05,0
75107000,"Cauliflower, raw",Other vegetables and combinations,25,1.92,4.97,1.91,2.0,0.28,0.13,0.034,0.031,0
75109000,"Celery, raw",Other vegetables and combinations,17,0.49,3.32,1.34,1.6,0.16,0.042,0.032,0.079,0
75109010,"Fennel bulb, raw",Other vegetables and combinations,31,1.24,7.3,3.93,3.1,0.2,0.09,0.068,0.169,0
75109400,"Basil, raw",Not included in a food category,23,3.15,2.65,0.3,1.6,0.64,0.041,0.088,0.389,0
75109500,"Chives, raw",Not included in a food category,30,3.27,4.35,1.85,2.5,0.73,0.146,0.095,0.267,0
75109550,"Cilantro, raw",Not included in a food category,23,2.13,3.67,0.87,2.8,0.52,0.014,0.275,0.04,0
75109600,"Corn, raw",Corn,86,3.27,18.7,6.26,2.0,1.35,0.325,0.432,0.487,0
75111000,"Cucumber, raw",Other vegetables and combinations,16,0.62,2.95,1.67,0.5,0.18,0.037,0.005,0.032,0
75111200,"Eggplant, raw",Other vegetables and combinations,25,0.98,5.88,3.53,3.0,0.18,0.034,0.016,0.076,0
75111500,"Garlic, raw",Mustard and other condiments,143,6.62,28.2,1.0,2.7,0.38,0.089,0.011,0.249,0
75111800,"Jicama, raw",Other vegetables and combinations,38,0.72,8.82,1.8,4.9,0.09,0.021,0.005,0.043,0
75112000,"Kohlrabi, raw",Other vegetables and combinations,27,1.7,6.2,2.6,3.6,0.1,0.013,0.007,0.048,0
75113000,"Lettuce, raw",Lettuce and lettuce salads,20,0.92,3.69,1.1,1.3,0.1,0.026,0.008,0.108,0
75113060,"Lettuce, Boston, raw",Lettuce and lettuce salads,18,0.88,3.26,0.48,0.9,0.11,0.028,0.009,0.115,0
75113080,"Lettuce, arugula, raw",Lettuce and lettuce salads,25,2.58,3.65,2.05,1.6,0.66,0.086,0.049,0.319,0
75114000,"Mixed salad greens, raw",Lettuce and lettuce salads,21,1.31,3.43,0.97,1.4,0.21,0.034,0.009,0.119,0
75115000,"Mushrooms, raw",Other vegetables and combinations,31,2.9,4.13,1.98,1.7,0.35,0.05,0.0,0.16,0
75117010,"Onions, green, raw",Onions,32,1.83,7.34,2.33,2.6,0.19,0.032,0.027,0.074,0
75117020,"Onions, raw",Onions,38,0.86,8.46,5.8,1.7,0.08,0.042,0.013,0.017,0
75119000,"Parsley, raw",Not included in a food category,36,2.97,6.33,0.85,3.3,0.79,0.132,0.295,0.124,0
75120000,"Green peas, raw",Other starchy vegetables,81,5.42,14.45,5.67,5.7,0.4,0.071,0.035,0.187,0
75121000,"Peppers, hot, raw",Mustard and other condiments,34,1.39,7.66,4.71,2.2,0.4,0.067,0.027,0.176,0
75122000,"Peppers, raw, NFS",Other vegetables and combinations,27,0.81,5.72,3.3,1.0,0.12,0.058,0.008,0.109,0
75122100,"Peppers, sweet, green, raw",Other vegetables and combinations,23,0.72,4.78,2.4,0.9,0.11,0.058,0.008,0.062,0
75122200,"Peppers, sweet, red, raw",Other red and orange vegetables,31,0.9,6.65,4.2,1.2,0.13,0.059,0.007,0.156,0
75124000,"Peppers, banana, raw",Other vegetables and combinations,27,1.66,5.35,1.95,3.4,0.45,0.048,0.027,0.243,0
75125000,Radish,Other vegetables and combinations,16,0.68,3.4,1.86,1.6,0.1,0.032,0.017,0.048,0
75127000,"Rutabaga, raw",Other vegetables and combinations,37,1.08,8.62,4.46,2.3,0.16,0.027,0.025,0.088,0
75127500,"Seaweed, raw",Other vegetables and combinations,41,3.51,7.94,0.58,0.7,0.49,0.146,0.06,0.125,0
75127750,"Snowpeas, raw",Other vegetables and combinations,42,2.8,7.55,4.0,2.6,0.2,0.039,0.021,0.089,0
75128000,"Summer squash, yellow, raw",Other vegetables and combinations,19,1.01,3.88,2.88,1.0,0.27,0.093,0.013,0.082,0
75128010,"Summer squash, green, raw",Other vegetables and combinations,17,1.21,3.11,2.5,1.0,0.32,0.084,0.011,0.091,0
75129000,"Turnip, raw",Other vegetables and combinations,28,0.9,6.43,3.8,1.8,0.1,0.011,0.006,0.053,0
75132000,Mixed vegetable juice,Vegetable juice,28,0.72,6.3,2.62,1.2,0.16,0.034,0.02,0.075,0
75132100,Celery juice,Vegetable juice,17,0.49,3.32,1.34,1.6,0.16,0.042,0.032,0.079,0
75140500,"Broccoli salad with cauliflower, cheese, bacon bits, and dressing","Coleslaw, non-lettuce salads",270,5.83,10.38,6.43,1.6,22.82,5.219,5.11,11.182,21
75140510,Broccoli slaw salad,"Coleslaw, non-lettuce salads",123,1.97,10.41,6.32,1.9,8.11,1.245,1.694,4.426,9
75140990,"Coleslaw, fast food / restaurant","Coleslaw, non-lettuce salads",159,0.88,12.35,9.54,1.9,11.78,1.909,2.582,6.913,8
75141000,Coleslaw,"Coleslaw, non-lettuce salads",117,0.94,10.45,7.44,1.9,7.98,1.233,1.686,4.394,9
75141040,"Cabbage salad, NFS","Coleslaw, non-lettuce salads",45,0.79,8.93,5.0,2.4,0.8,0.164,0.447,0.035,2
75141100,"Coleslaw, with fruit","Coleslaw, non-lettuce salads",113,0.91,13.65,10.15,2.1,6.34,0.982,1.332,3.478,7
75142000,Cucumber and vegetable namasu,"Coleslaw, non-lettuce salads",56,0.47,12.22,10.78,0.6,0.18,0.026,0.005,0.031,0
75142500,"Cucumber salad, made with sour cream dressing","Coleslaw, non-lettuce salads",66,1.3,3.7,2.16,0.4,5.18,3.03,1.07,0.247,15
75142550,"Cucumber salad, made with Italian dressing","Coleslaw, non-lettuce salads",120,0.46,6.19,4.78,0.5,9.96,1.341,4.177,3.801,0
75142600,Cucumber salad made with cucumber and vinegar,"Coleslaw, non-lettuce salads",34,0.5,6.79,5.33,0.5,0.13,0.027,0.004,0.021,0
75143000,"Lettuce, salad with assorted vegetables including tomatoes and/or carrots, no dressing",Lettuce and lettuce salads,24,1.07,4.58,1.9,1.5,0.2,0.035,0.014,0.094,0
75143050,"Lettuce, salad with assorted vegetables excluding tomatoes and carrots, no dressing",Lettuce and lettuce salads,23,1.19,4.09,1.55,1.3,0.19,0.039,0.011,0.096,0
75143100,"Lettuce, salad with avocado, tomato, and/or carrots, with or without other vegetables, no dressing",Lettuce and lettuce salads,54,1.29,5.5,1.64,2.7,3.39,0.496,2.174,0.476,0
75143200,"Lettuce, salad with cheese, tomato and/or carrots, with or without other vegetables, no dressing",Lettuce and lettuce salads,91,4.94,4.2,1.63,1.2,6.08,3.37,1.306,0.283,17
75143300,"Lettuce, salad with egg, tomato, and/or carrots, with or without other vegetables, no dressing",Lettuce and lettuce salads,50,3.4,3.88,1.74,1.2,2.31,0.688,0.836,0.361,75
75143350,"Lettuce, salad with egg, cheese, tomato, and/or carrots, with or without other vegetables, no dressing",Lettuce and lettuce salads,71,4.24,3.7,1.63,1.2,4.36,2.1,1.119,0.333,49
75144100,"Lettuce, wilted, with bacon dressing",Vegetable dishes,84,2.77,3.44,0.66,1.0,6.31,2.338,2.776,0.88,10
75145000,"Seven-layer salad, lettuce salad made with a combination of onion, celery, green pepper, peas, mayonnaise, cheese, eggs, and/or bacon",Vegetable dishes,229,4.7,5.79,3.19,1.2,20.71,4.374,5.014,10.406,47
75146000,"Greek Salad, no dressing",Vegetable dishes,48,2.75,4.35,1.43,1.5,2.26,0.859,0.975,0.262,6
75147000,"Spinach salad, no dressing",Vegetable dishes,84,7.02,2.09,0.54,1.2,5.07,1.549,1.924,0.833,86
75148010,"Cobb salad, no dressing",Vegetable dishes,93,11.32,2.65,1.1,1.2,4.33,1.046,2.118,0.634,61
75200700,Aloe vera juice drink,Other fruit juice,15,0.0,3.75,3.75,0.0,0.0,0.0,0.0,0.0,0
75202011,"Asparagus, fresh, cooked, no added fat",Other vegetables and combinations,21,2.36,4.16,2.02,2.3,0.13,0.043,0.0,0.054,0
75202012,"Asparagus, frozen, cooked, no added fat",Other vegetables and combinations,18,2.94,1.91,0.32,1.6,0.42,0.096,0.013,0.184,0
75202013,"Asparagus, canned, cooked, no added fat",Other vegetables and combinations,19,2.14,2.46,1.06,1.6,0.65,0.147,0.021,0.284,0
75202020,"Asparagus, NS as to form, cooked",Other vegetables and combinations,45,2.3,4.04,1.96,2.2,2.86,0.758,0.971,0.837,2
75202021,"Asparagus, fresh, cooked, fat added, NS as to fat type",Other vegetables and combinations,45,2.3,4.04,1.96,2.2,2.86,0.758,0.971,0.837,2
75202022,"Asparagus, frozen, cooked, fat added, NS as to fat type",Other vegetables and combinations,40,2.86,1.86,0.32,1.5,2.95,0.759,0.916,0.909,2
75202023,"Asparagus, canned, cooked, fat added, NS as to fat type",Other vegetables and combinations,41,2.09,2.39,1.03,1.6,3.18,0.811,0.926,1.008,2
75202027,"Asparagus, fresh, cooked with oil",Other vegetables and combinations,49,2.29,4.04,1.96,2.2,3.25,0.459,1.323,1.251,0
75202028,"Asparagus, fresh, cooked with butter or margarine",Other vegetables and combinations,42,2.31,4.05,1.97,2.2,2.48,1.057,0.619,0.423,4
75202031,"Asparagus, frozen, cooked with oil",Other vegetables and combinations,44,2.86,1.86,0.31,1.5,3.31,0.481,1.243,1.294,0
75202032,"Asparagus, frozen, cooked with butter or margarine",Other vegetables and combinations,37,2.87,1.87,0.32,1.5,2.59,1.037,0.589,0.524,4
75202034,"Asparagus, canned, cooked with oil",Other vegetables and combinations,45,2.08,2.39,1.03,1.6,3.54,0.532,1.255,1.394,0
75202035,"Asparagus, canned, cooked with butter or margarine",Other vegetables and combinations,38,2.09,2.4,1.04,1.6,2.82,1.089,0.598,0.622,4
75203028,"Bamboo shoots, cooked",Other vegetables and combinations,41,1.68,3.13,1.84,1.4,2.94,0.757,0.915,0.905,2
75204012,"Lima beans, from frozen, no added fat",Other starchy vegetables,103,6.05,19.26,1.34,5.3,0.34,0.077,0.02,0.163,0
75204022,"Lima beans, from frozen, fat added",Other starchy vegetables,123,5.88,18.71,1.3,5.1,2.88,0.741,0.923,0.888,2
75204023,"Lima beans, from canned",Other starchy vegetables,122,5.86,18.62,1.3,5.1,2.86,0.737,0.918,0.884,2
75205005,"Green beans, cooked, from restaurant",String beans,78,1.96,7.32,2.31,3.0,4.6,1.182,1.546,1.353,3
75205021,"Green beans, fresh, cooked, no added fat",String beans,42,2.05,7.7,2.42,3.1,0.29,0.052,0.01,0.117,0
75205022,"Green beans, frozen, cooked, no added fat",String beans,28,1.49,6.43,1.87,3.0,0.17,0.044,0.008,0.083,0
75205023,"Green beans, canned, cooked, no added fat",String beans,24,1.04,4.11,1.29,1.9,0.39,0.093,0.017,0.211,0
75205030,"Green beans, NS as to form, cooked",String beans,55,1.51,5.74,1.81,2.4,2.93,0.751,0.937,0.906,2
75205031,"Green beans, fresh, cooked, fat added, NS as to fat type",String beans,64,2.0,7.48,2.36,3.0,2.93,0.744,0.951,0.875,2
75205032,"Green beans, frozen, cooked, fat added, NS as to fat type",String beans,50,1.45,6.25,1.82,2.9,2.71,0.709,0.911,0.811,2
75205033,"Green beans, canned, cooked, fat added, NS as to fat type",String beans,46,1.02,4.0,1.26,1.8,2.93,0.758,0.923,0.937,2
75205044,"Green beans, fresh, cooked with oil",String beans,68,1.99,7.47,2.35,3.0,3.31,0.455,1.292,1.276,0
75205045,"Green beans, fresh, cooked with butter or margarine",String beans,61,2.0,7.48,2.36,3.0,2.56,1.034,0.61,0.473,4
75205047,"Green beans, frozen, cooked with oil",String beans,53,1.44,6.24,1.82,2.9,3.07,0.431,1.239,1.196,0
75205048,"Green beans, frozen, cooked with butter or margarine",String beans,47,1.46,6.26,1.83,2.9,2.35,0.987,0.584,0.426,4
75205050,"Green beans, canned, cooked with oil",String beans,50,1.01,3.99,1.25,1.8,3.29,0.48,1.251,1.324,0
75205051,"Green beans, canned, cooked with butter or margarine",String beans,43,1.03,4.0,1.26,1.8,2.57,1.037,0.594,0.551,4
75205120,"Green beans, canned, reduced sodium, cooked, no added fat",String beans,22,1.12,4.32,0.78,1.9,0.46,0.103,0.019,0.234,0
75205130,"Green beans, canned, reduced sodium, cooked, fat added, NS as to fat type",String beans,44,1.1,4.2,0.76,1.8,3.0,0.768,0.924,0.96,2
75205131,"Green beans, canned, reduced sodium, cooked with oil",String beans,48,1.09,4.19,0.76,1.8,3.36,0.489,1.253,1.346,0
75205132,"Green beans, canned, reduced sodium, cooked with butter or margarine",String beans,41,1.1,4.2,0.77,1.8,2.64,1.047,0.596,0.573,4
75205200,Fried green beans,Fried vegetables,223,4.04,22.86,1.25,2.0,12.86,1.785,5.222,4.856,11
75206020,"Yellow string beans, cooked",String beans,50,1.45,6.25,1.82,2.9,2.71,0.709,0.911,0.811,2
75207021,"Bean sprouts, cooked",Other vegetables and combinations,116,9.8,6.08,2.83,3.3,6.93,1.306,1.868,3.197,2
75208011,"Beets, fresh, cooked, no added fat",Other vegetables and combinations,45,1.67,9.93,7.02,2.9,0.18,0.028,0.033,0.062,0
75208013,"Beets, canned, cooked, no added fat",Other vegetables and combinations,31,0.91,7.21,5.51,1.8,0.14,0.022,0.027,0.049,0
75208020,"Beets, NS as to form, cooked",Other vegetables and combinations,53,0.89,7.0,5.36,1.7,2.69,0.689,0.932,0.78,2
75208021,"Beets, fresh, cooked, fat added",Other vegetables and combinations,67,1.63,9.65,6.82,2.8,2.82,0.721,0.973,0.821,2
75208023,"Beets, canned, cooked, fat added",Other vegetables and combinations,53,0.89,7.0,5.36,1.7,2.69,0.689,0.932,0.78,2
75208110,"Beets, canned, reduced sodium, cooked",Other vegetables and combinations,53,0.84,6.79,5.56,1.2,2.79,0.722,0.977,0.805,2
75208310,"Bitter melon, cooked",Other vegetables and combinations,41,0.82,4.19,1.89,1.9,2.72,0.68,0.935,0.806,2
75208501,"Breadfruit, cooked",Other starchy vegetables,123,1.04,26.26,10.65,4.7,2.77,0.713,0.936,0.794,2
75208720,"Broccoflower, cooked",Other vegetables and combinations,55,2.98,6.15,3.06,3.2,2.96,0.741,0.969,0.895,2
75209011,"Brussels sprouts, fresh, cooked, no added fat",Other vegetables and combinations,45,3.51,9.3,2.28,3.9,0.31,0.064,0.024,0.159,0
75209012,"Brussels sprouts, frozen, cooked, no added fat",Other vegetables and combinations,42,3.63,8.3,2.07,4.1,0.39,0.081,0.03,0.199,0
75209020,"Brussels sprouts, NS as to form, cooked",Other vegetables and combinations,67,3.42,9.03,2.22,3.8,2.96,0.756,0.964,0.915,2
75209021,"Brussels sprouts, fresh, cooked, fat added",Other vegetables and combinations,67,3.42,9.03,2.22,3.8,2.96,0.756,0.964,0.915,2
75209022,"Brussels sprouts, frozen, cooked, fat added",Other vegetables and combinations,64,3.53,8.06,2.02,4.0,2.92,0.745,0.932,0.924,2
75209501,"Burdock, cooked",Other vegetables and combinations,100,1.6,18.06,3.02,3.4,2.89,0.742,1.01,0.847,2
75210010,"Cabbage, Chinese, cooked, no added fat",Cabbage,14,1.56,2.26,1.23,1.0,0.21,0.028,0.016,0.1,0
75210020,"Cabbage, Chinese, cooked, fat added",Cabbage,37,1.52,2.2,1.2,1.0,2.85,0.721,0.956,0.858,2
75211020,"Cabbage, green, cooked, no added fat",Cabbage,32,1.0,6.63,3.32,2.6,0.24,0.035,0.018,0.018,0
75211030,"Cabbage, green, cooked, fat added, NS as to fat type",Cabbage,55,0.98,6.44,3.23,2.5,2.88,0.728,0.958,0.778,2
75211031,"Cabbage, green, cooked with oil",Cabbage,58,0.97,6.43,3.23,2.5,3.26,0.439,1.299,1.179,0
75211032,"Cabbage, green, cooked with butter or margarine",Cabbage,52,0.99,6.44,3.24,2.5,2.51,1.018,0.617,0.377,4
75212020,"Cabbage, red, cooked",Cabbage,58,1.26,6.85,3.87,2.1,2.86,0.715,0.953,0.841,2
75213020,"Cabbage, savoy, cooked",Cabbage,51,2.02,6.16,2.29,3.1,2.75,0.707,0.948,0.81,2
75213110,"Cactus, cooked, no added fat",Other vegetables and combinations,16,1.32,3.32,1.15,2.2,0.09,0.016,0.018,0.05,0
75213120,"Cactus, cooked, fat added",Other vegetables and combinations,38,1.29,3.23,1.12,2.1,2.63,0.682,0.921,0.779,2
75214011,"Cauliflower, fresh, cooked, no added fat",Other vegetables and combinations,26,1.99,5.16,1.98,2.1,0.29,0.135,0.035,0.032,0
75214012,"Cauliflower, frozen, cooked, no added fat",Other vegetables and combinations,19,1.6,3.74,1.05,2.7,0.22,0.034,0.015,0.105,0
75214020,"Cauliflower, NS as to form, cooked",Other vegetables and combinations,49,1.94,5.02,1.93,2.0,2.93,0.825,0.975,0.792,2
75214021,"Cauliflower, fresh, cooked, fat added, NS as to fat type",Other vegetables and combinations,49,1.94,5.02,1.93,2.0,2.93,0.825,0.975,0.792,2
75214022,"Cauliflower, frozen, cooked, fat added, NS as to fat type",Other vegetables and combinations,41,1.57,3.64,1.02,2.6,2.76,0.699,0.918,0.832,2
75214027,"Cauliflower, fresh, cooked with oil",Other vegetables and combinations,52,1.94,5.01,1.93,2.0,3.31,0.535,1.316,1.193,0
75214028,"Cauliflower, fresh, cooked with butter or margarine",Other vegetables and combinations,46,1.95,5.02,1.94,2.0,2.56,1.114,0.634,0.391,4
75214030,"Cauliflower, frozen, cooked with oil",Other vegetables and combinations,45,1.56,3.63,1.02,2.6,3.12,0.421,1.245,1.217,0
75214031,"Cauliflower, frozen, cooked with butter or margarine",Other vegetables and combinations,38,1.58,3.64,1.03,2.6,2.4,0.977,0.59,0.447,4
75215020,"Celery, cooked",Other vegetables and combinations,42,0.52,3.46,1.4,1.7,2.9,0.76,1.005,0.867,2
75215120,"Fennel bulb, cooked",Other vegetables and combinations,62,1.42,8.32,4.48,3.5,3.22,0.886,1.14,1.052,2
75215511,"Christophine, cooked",Other vegetables and combinations,44,0.86,4.7,1.73,1.8,2.87,0.745,0.982,0.845,2
75215990,"Corn, cooked, from restaurant",Corn,119,3.11,17.73,5.94,1.9,5.43,1.395,1.884,1.653,3
75216111,"Corn, fresh, cooked, no added fat",Corn,86,3.26,18.64,6.24,2.0,1.35,0.324,0.431,0.486,0
75216112,"Corn, frozen, cooked, no added fat",Corn,81,2.54,19.24,3.06,2.4,0.67,0.103,0.196,0.317,0
75216113,"Corn, canned, cooked, no added fat",Corn,67,2.29,14.34,4.44,2.0,1.22,0.245,0.374,0.519,0
75216120,"Corn, NS as to form, cooked",Corn,88,2.23,13.93,4.32,1.9,3.74,0.906,1.269,1.236,2
75216121,"Corn, fresh, cooked, fat added, NS as to fat type",Corn,106,3.17,18.11,6.06,1.9,3.85,0.981,1.322,1.202,2
75216122,"Corn, frozen, cooked, fat added, NS as to fat type",Corn,101,2.48,18.69,2.98,2.3,3.2,0.766,1.094,1.038,2
75216123,"Corn, canned, cooked, fat added, NS as to fat type",Corn,88,2.23,13.93,4.32,1.9,3.74,0.906,1.269,1.236,2
75216134,"Corn, fresh, cooked with oil",Corn,109,3.17,18.1,6.06,1.9,4.21,0.703,1.649,1.587,0
75216135,"Corn, fresh, cooked with butter or margarine",Corn,103,3.18,18.11,6.07,1.9,3.5,1.259,0.994,0.817,4
75216137,"Corn, frozen, cooked with oil",Corn,105,2.47,18.68,2.97,2.3,3.55,0.488,1.421,1.423,0
75216138,"Corn, frozen, cooked with butter or margarine",Corn,98,2.48,18.69,2.98,2.3,2.84,1.044,0.767,0.653,4
75216141,"Corn, canned, cooked with oil",Corn,91,2.22,13.92,4.31,1.9,4.1,0.627,1.597,1.623,0
75216142,"Corn, canned, cooked with butter or margarine",Corn,85,2.24,13.93,4.32,1.9,3.38,1.185,0.941,0.85,4
75216153,"Corn, creamed",Corn,72,1.74,18.13,3.23,1.2,0.42,0.065,0.123,0.198,0
75216310,"Corn, canned, reduced sodium, cooked, no added fat",Corn,66,2.1,14.9,4.46,1.8,0.83,0.083,0.155,0.252,0
75216320,"Corn, canned, reduced sodium, cooked, fat added, NS as to fat type",Corn,88,2.04,14.48,4.34,1.8,3.55,0.799,1.125,1.032,2
75216321,"Corn, canned, reduced sodium, cooked with oil",Corn,92,2.04,14.47,4.33,1.8,3.94,0.499,1.478,1.447,0
75216322,"Corn, canned, reduced sodium, cooked with butter or margarine",Corn,85,2.05,14.48,4.34,1.8,3.16,1.098,0.771,0.617,4
75216720,"Cucumber, cooked",Other vegetables and combinations,45,0.72,3.37,1.91,0.6,3.2,0.826,1.068,0.896,2
75217010,"Eggplant, cooked, no added fat",Other vegetables and combinations,27,1.05,6.3,3.78,3.2,0.19,0.036,0.017,0.081,0
75217020,"Eggplant, cooked, fat added",Other vegetables and combinations,51,1.03,6.13,3.68,3.1,2.92,0.752,0.988,0.864,2
75217301,"Flowers or blossoms of sesbania, squash, or lily, cooked",Other vegetables and combinations,37,1.06,3.2,2.33,0.9,2.62,0.706,0.913,0.734,2
75217400,"Garlic, cooked",Mustard and other condiments,142,6.58,28.03,0.99,2.7,0.38,0.088,0.011,0.248,0
75217520,"Hominy, cooked",Grits and other cooked cereals,88,1.45,13.8,1.47,2.4,2.91,1.008,0.766,0.711,4
75218011,"Kohlrabi, cooked",Other vegetables and combinations,51,1.72,6.26,2.63,3.6,2.75,0.707,0.948,0.809,2
75218400,Leeks,Onions,88,1.57,14.74,4.07,1.9,3.05,0.758,0.976,0.958,2
75218501,"Lotus root, cooked",Other vegetables and combinations,87,1.54,15.51,0.49,3.0,2.61,0.686,0.917,0.744,2
75219011,"Mushrooms, fresh, cooked, no added fat",Other vegetables and combinations,39,3.61,5.15,2.47,2.2,0.43,0.062,0.0,0.199,0
75219020,"Mushrooms, NS as to form, cooked",Other vegetables and combinations,66,3.52,5.0,2.4,2.1,3.6,0.893,1.129,1.106,3
75219021,"Mushrooms, fresh, cooked, fat added, NS as to fat type",Other vegetables and combinations,66,3.52,5.0,2.4,2.1,3.6,0.893,1.129,1.106,3
75219023,"Mushrooms, canned, cooked",Other vegetables and combinations,47,1.82,4.95,2.28,2.3,2.84,0.705,0.911,0.842,2
75219033,"Mushrooms, fresh, cooked with oil",Other vegetables and combinations,70,3.5,5.0,2.4,2.1,4.05,0.546,1.538,1.588,0
75219034,"Mushrooms, fresh, cooked with butter or margarine",Other vegetables and combinations,62,3.52,5.01,2.41,2.1,3.16,1.241,0.72,0.625,5
75219100,"Mushroom, Asian, cooked, from dried",Other vegetables and combinations,44,2.4,8.15,1.97,4.2,0.2,0.05,0.0,0.16,0
75220011,"Okra, fresh, cooked, no added fat",Other vegetables and combinations,35,2.07,7.99,1.59,3.4,0.2,0.028,0.018,0.029,0
75220012,"Okra, frozen, cooked, no added fat",Other vegetables and combinations,29,1.62,6.39,2.86,2.1,0.24,0.063,0.04,0.064,0
75220020,"Okra, NS as to form, cooked",Other vegetables and combinations,59,2.02,7.76,1.55,3.3,2.94,0.743,0.989,0.813,2
75220021,"Okra, fresh, cooked, fat added",Other vegetables and combinations,59,2.02,7.76,1.55,3.3,2.94,0.743,0.989,0.813,2
75220022,"Okra, frozen, cooked, fat added",Other vegetables and combinations,51,1.59,6.21,2.78,2.0,2.78,0.727,0.942,0.792,2
75220051,"Lettuce, cooked",Lettuce and lettuce salads,49,1.06,4.21,1.26,1.5,3.11,0.813,1.072,0.982,2
75221011,"Onions, cooked, no added fat",Onions,47,1.29,10.96,4.97,2.0,0.12,0.049,0.015,0.02,0
75221021,"Onions, cooked, fat added",Onions,73,1.26,10.64,4.84,1.9,3.11,0.831,1.078,0.879,2
75221030,"Onions, pearl, cooked",Onions,50,0.7,6.49,2.81,1.4,2.59,0.675,0.91,0.75,2
75221061,"Onions, green, cooked",Onions,63,2.09,8.37,2.66,3.0,3.21,0.82,1.094,0.943,2
75221160,"Palm hearts, cooked",Other vegetables and combinations,134,2.62,24.8,16.62,1.5,2.74,0.711,0.908,0.816,2
75222020,"Parsnips, cooked",Other vegetables and combinations,92,1.29,16.47,4.65,3.5,2.84,0.715,1.012,0.776,2
75223022,"Blackeyed peas, from frozen",Other starchy vegetables,151,8.23,23.01,4.32,6.2,3.18,0.836,0.961,1.001,2
75223023,"Blackeyed peas, from canned",Other starchy vegetables,150,8.19,22.9,4.3,6.2,3.17,0.831,0.957,0.997,2
75224000,"Green peas, cooked, from restaurant",Other starchy vegetables,119,5.37,14.28,5.61,5.6,4.72,1.202,1.57,1.426,3
75224021,"Green peas, fresh, cooked, no added fat",Other starchy vegetables,84,5.63,15.01,5.89,5.9,0.42,0.074,0.036,0.194,0
75224022,"Green peas, frozen, cooked, no added fat",Other starchy vegetables,78,5.14,14.22,4.39,4.5,0.27,0.049,0.024,0.129,0
75224023,"Green peas, canned, cooked, no added fat",Other starchy vegetables,68,4.47,11.36,2.99,4.9,0.8,0.143,0.071,0.375,0
75224030,"Green peas, NS as to form, cooked",Other starchy vegetables,98,4.99,13.81,4.26,4.4,2.81,0.714,0.927,0.855,2
75224031,"Green peas, fresh, cooked, fat added, NS as to fat type",Other starchy vegetables,106,5.47,14.58,5.72,5.7,3.06,0.765,0.976,0.949,2
75224032,"Green peas, frozen, cooked, fat added, NS as to fat type",Other starchy vegetables,98,4.99,13.81,4.26,4.4,2.81,0.714,0.927,0.855,2
75224033,"Green peas, canned, cooked, fat added, NS as to fat type",Other starchy vegetables,89,4.35,11.03,2.91,4.8,3.33,0.807,0.975,1.096,2
75224043,"Green peas, fresh, cooked with oil",Other starchy vegetables,109,5.46,14.57,5.72,5.7,3.43,0.476,1.317,1.35,0
75224044,"Green peas, fresh, cooked with butter or margarine",Other starchy vegetables,102,5.48,14.58,5.73,5.7,2.68,1.055,0.635,0.548,4
75224046,"Green peas, frozen, cooked with oil",Other starchy vegetables,102,4.99,13.8,4.26,4.4,3.17,0.436,1.254,1.24,0
75224047,"Green peas, frozen, cooked with butter or margarine",Other starchy vegetables,95,5.0,13.82,4.27,4.4,2.45,0.991,0.599,0.47,4
75224049,"Green peas, canned, cooked with oil",Other starchy vegetables,92,4.34,11.03,2.9,4.8,3.69,0.528,1.303,1.483,0
75224050,"Green peas, canned, cooked with butter or margarine",Other starchy vegetables,86,4.36,11.04,2.91,4.8,2.97,1.086,0.647,0.71,4
75224120,"Green peas, canned, reduced sodium, cooked, no added fat",Other starchy vegetables,66,3.99,12.19,4.0,4.1,0.38,0.068,0.034,0.178,0
75224130,"Green peas, canned, reduced sodium, cooked, fat added, NS as to fat type",Other starchy vegetables,93,3.88,11.84,3.89,4.0,3.56,0.901,1.165,1.088,3
75224131,"Green peas, canned, reduced sodium, cooked with oil",Other starchy vegetables,97,3.87,11.83,3.88,4.0,4.0,0.552,1.576,1.571,0
75224132,"Green peas, canned, reduced sodium, cooked with butter or margarine",Other starchy vegetables,89,3.89,11.85,3.9,4.0,3.11,1.249,0.755,0.605,5
75226020,"Peppers, green, cooked",Other vegetables and combinations,47,0.74,4.83,2.42,0.9,2.76,0.752,0.949,0.823,2
75226060,"Peppers, red, cooked",Other red and orange vegetables,55,0.92,6.71,4.24,1.2,2.78,0.753,0.948,0.918,2
75226111,"Peppers, hot, cooked",Mustard and other condiments,59,1.41,7.72,4.76,2.2,3.06,0.761,0.968,0.938,2
75226700,Pimiento,Mustard and other condiments,28,1.35,6.24,3.32,2.3,0.37,0.055,0.024,0.197,0
75228020,"Rutabaga, cooked",Other vegetables and combinations,63,1.13,8.98,4.65,2.4,2.9,0.744,0.997,0.877,2
75229011,"Salsify, cooked",Other vegetables and combinations,89,2.65,14.88,2.81,3.0,2.71,0.706,0.906,0.802,2
75230000,Sauerkraut,"Olives, pickles, pickled vegetables",40,0.9,4.16,1.73,2.8,2.53,1.067,0.644,0.443,4
75231011,"Snowpeas, fresh, cooked, no added fat",Other vegetables and combinations,44,2.91,7.84,4.15,2.7,0.21,0.041,0.022,0.092,0
75231012,"Snowpeas, frozen, cooked, no added fat",Other vegetables and combinations,52,3.49,8.99,4.81,3.1,0.38,0.073,0.039,0.167,0
75231020,"Snowpeas, NS as to form, cooked",Other vegetables and combinations,66,2.83,7.62,4.04,2.6,2.85,0.733,0.962,0.85,2
75231021,"Snowpeas, fresh, cooked, fat added",Other vegetables and combinations,66,2.83,7.62,4.04,2.6,2.85,0.733,0.962,0.85,2
75231022,"Snowpeas, frozen, cooked, fat added",Other vegetables and combinations,73,3.4,8.74,4.67,3.0,2.91,0.737,0.941,0.892,2
75232000,"Seaweed, dried",Not included in a food category,298,31.84,52.39,3.04,5.6,4.01,1.356,0.351,1.091,0
75232110,"Seaweed, cooked, no added fat",Other vegetables and combinations,41,3.51,7.94,0.58,0.7,0.49,0.146,0.06,0.125,0
75232120,"Seaweed, cooked, fat added",Other vegetables and combinations,63,3.41,7.71,0.57,0.7,3.06,0.816,0.973,0.861,2
75233011,"Summer squash, yellow or green, fresh, cooked, no added fat",Other vegetables and combinations,21,1.3,4.1,3.16,1.2,0.35,0.104,0.014,0.101,0
75233012,"Summer squash, yellow or green, frozen, cooked, no added fat",Other vegetables and combinations,21,1.21,4.54,2.0,1.3,0.16,0.033,0.012,0.068,0
75233020,"Summer squash, yellow or green, NS as to form, cooked",Other vegetables and combinations,47,1.27,3.99,3.07,1.1,3.33,0.884,1.076,0.958,2
75233021,"Summer squash, yellow or green, fresh, cooked, fat added, NS as to fat type",Other vegetables and combinations,47,1.27,3.99,3.07,1.1,3.33,0.884,1.076,0.958,2
75233022,"Summer squash, yellow or green, frozen, cooked, fat added, NS as to fat type",Other vegetables and combinations,43,1.18,4.41,1.95,1.3,2.71,0.699,0.915,0.797,2
75233023,"Summer squash, yellow or green, canned, cooked, fat added, NS as to fat type",Other vegetables and combinations,35,0.6,2.86,1.15,1.3,2.6,0.677,0.904,0.757,2
75233027,"Summer squash, yellow or green, fresh, cooked with oil",Other vegetables and combinations,51,1.26,3.98,3.06,1.1,3.75,0.557,1.462,1.411,0
75233028,"Summer squash, yellow or green, fresh, cooked with butter or margarine",Other vegetables and combinations,44,1.28,3.99,3.08,1.1,2.91,1.211,0.691,0.505,5
75233030,"Summer squash, yellow or green, frozen, cooked with oil",Other vegetables and combinations,46,1.18,4.4,1.95,1.3,3.06,0.421,1.243,1.182,0
75233031,"Summer squash, yellow or green, frozen, cooked with butter or margarine",Other vegetables and combinations,40,1.19,4.42,1.96,1.3,2.35,0.976,0.588,0.411,4
75233220,"Spaghetti squash, cooked",Other red and orange vegetables,49,0.65,6.26,2.45,1.4,2.8,0.726,0.925,0.852,2
75234021,"Turnip, cooked",Other vegetables and combinations,54,0.95,6.7,3.96,1.9,2.84,0.728,0.978,0.84,2
75235000,Water Chesnut,Other starchy vegetables,78,1.38,19.22,3.84,3.9,0.09,0.025,0.002,0.041,0
75235750,"Winter melon, cooked",Other vegetables and combinations,36,0.4,2.95,1.15,1.0,2.74,0.682,0.939,0.815,2
75236000,Yeast,Not included in a food category,325,40.44,41.22,0.0,26.9,7.61,1.001,4.309,0.017,0
75236500,Yeast extract spread,Mustard and other condiments,185,23.88,20.42,1.6,6.5,0.9,0.0,0.0,0.0,0
75301110,"Lima beans and corn, cooked, no added fat",Other starchy vegetables,92,4.3,19.25,2.2,3.8,0.5,0.09,0.108,0.24,0
75301120,"Lima beans and corn, cooked, fat added",Other starchy vegetables,112,4.18,18.7,2.14,3.7,3.04,0.753,1.008,0.963,2
75302080,"Bean salad, yellow and/or green string beans","Coleslaw, non-lettuce salads",109,3.52,13.0,3.48,3.4,5.0,0.712,1.281,2.548,0
75306998,"Peppers and onions, cooked, no added fat",Other vegetables and combinations,37,1.06,8.38,4.1,1.5,0.12,0.056,0.012,0.06,0
75307000,"Peppers and onions, cooked, fat added",Other vegetables and combinations,59,1.04,8.14,3.99,1.5,2.66,0.72,0.915,0.789,2
75310990,"Classic mixed vegetables, cooked, from restaurant",Other vegetables and combinations,100,2.84,12.37,4.64,3.4,4.74,1.205,1.595,1.41,3
75311012,"Classic mixed vegetables, frozen, cooked, no added fat",Other vegetables and combinations,65,2.85,13.05,3.11,4.4,0.15,0.031,0.01,0.072,0
75311013,"Classic mixed vegetables, canned, cooked, no added fat",Other vegetables and combinations,46,2.11,8.84,2.8,2.6,0.65,0.129,0.118,0.299,0
75311020,"Classic mixed vegetables, NS as to form, cooked",Other vegetables and combinations,86,2.78,12.68,3.02,4.3,2.69,0.696,0.913,0.8,2
75311022,"Classic mixed vegetables, frozen, cooked, fat added, NS as to fat type",Other vegetables and combinations,86,2.78,12.68,3.02,4.3,2.69,0.696,0.913,0.8,2
75311023,"Classic mixed vegetables, canned, cooked, fat added, NS as to fat type",Other vegetables and combinations,68,2.06,8.59,2.72,2.5,3.18,0.794,1.02,1.023,2
75311027,"Classic mixed vegetables, frozen, cooked with oil",Other vegetables and combinations,89,2.77,12.67,3.02,4.3,3.05,0.418,1.24,1.185,0
75311028,"Classic mixed vegetables, frozen, cooked with butter or margarine",Other vegetables and combinations,83,2.78,12.68,3.03,4.3,2.33,0.974,0.586,0.415,4
75311030,"Classic mixed vegetables, canned, cooked with oil",Other vegetables and combinations,71,2.05,8.58,2.72,2.5,3.54,0.515,1.348,1.41,0
75311031,"Classic mixed vegetables, canned, cooked with butter or margarine",Other vegetables and combinations,64,2.07,8.59,2.73,2.5,2.83,1.073,0.692,0.636,4
75311110,"Classic mixed vegetables, canned, reduced sodium, cooked, no added fat",Other vegetables and combinations,44,1.95,9.19,2.93,2.4,0.45,0.07,0.054,0.183,0
75311120,"Classic mixed vegetables, canned, reduced sodium, cooked, fat added, NS as to fat type",Other vegetables and combinations,68,1.9,8.93,2.85,2.3,3.2,0.79,1.032,0.97,2
75311121,"Classic mixed vegetables, canned, reduced sodium, cooked with oil",Other vegetables and combinations,71,1.89,8.93,2.84,2.3,3.59,0.488,1.387,1.387,0
75311122,"Classic mixed vegetables, canned, reduced sodium, cooked with butter or margarine",Other vegetables and combinations,64,1.91,8.94,2.85,2.3,2.81,1.091,0.676,0.552,4
75315010,"Peas and corn, cooked, no added fat",Other starchy vegetables,79,3.84,16.73,3.72,3.4,0.47,0.076,0.11,0.223,0
75315020,"Peas and corn, cooked, fat added",Other starchy vegetables,100,3.74,16.25,3.62,3.3,3.0,0.74,1.01,0.947,2
75316050,Ratatouille,Vegetable dishes,67,1.09,5.77,3.39,1.9,4.73,0.752,3.097,0.52,0
75317010,"Vegetables, stew type, cooked, fat added",Other vegetables and combinations,97,1.44,15.11,3.04,2.0,3.64,0.937,1.237,1.051,3
75317020,"Vegetables, stew type, cooked, no added fat",Other vegetables and combinations,69,1.49,15.74,3.14,2.1,0.18,0.032,0.008,0.06,0
75330050,"Broccoli and cauliflower, cooked, no added fat",Other vegetables and combinations,23,2.35,4.54,1.26,2.8,0.17,0.026,0.011,0.08,0
75330060,"Broccoli and cauliflower, cooked, fat added",Other vegetables and combinations,46,2.29,4.41,1.23,2.8,2.71,0.691,0.915,0.808,2
75330080,"Broccoli, cauliflower and carrots, cooked, no added fat",Other vegetables and combinations,28,1.76,5.59,2.19,3.0,0.34,0.057,0.018,0.164,0
75330090,"Broccoli, cauliflower and carrots, cooked, fat added",Other vegetables and combinations,50,1.72,5.43,2.13,2.9,2.9,0.728,0.93,0.897,2
75340010,"Asian stir fry vegetables, cooked, no added fat",Other vegetables and combinations,50,2.07,9.93,3.63,2.9,0.3,0.047,0.017,0.085,0
75340020,"Asian stir fry vegetables, cooked, fat added",Other vegetables and combinations,71,2.01,9.65,3.53,2.8,2.84,0.712,0.92,0.814,2
75340200,"Jai, Monk's Food",Other vegetables and combinations,60,4.25,7.72,1.15,1.7,1.86,0.283,0.403,1.025,0
75365000,"Vegetable mixture, dried",Not included in a food category,328,17.41,49.22,18.93,18.5,8.88,1.194,1.586,5.304,0
75400500,"Artichokes, stuffed",Vegetable dishes,160,5.33,22.28,2.13,3.9,5.94,1.386,2.967,0.907,3
75403020,Green bean casserole,Vegetable dishes,56,1.96,7.05,2.03,1.9,2.21,0.505,0.474,1.056,1
75403200,"Green beans, cooked, Szechuan-style",Stir-fry and soy-based sauce mixtures,106,2.54,8.37,2.25,3.0,6.96,0.951,2.821,2.698,0
75409020,Fried cauliflower,Fried vegetables,218,4.02,21.9,1.08,1.6,12.86,1.816,5.231,4.824,11
75410500,"Chiles rellenos, cheese-filled",Other Mexican mixed dishes,228,7.84,10.38,1.5,0.7,17.2,6.103,5.426,3.651,30
75410530,"Chiles rellenos, filled with meat and cheese",Other Mexican mixed dishes,230,9.01,9.72,1.4,0.7,17.15,6.121,5.548,3.455,34
75410550,Stuffed jalapeno pepper,Turnovers and other grain-based items,241,8.82,16.5,3.73,2.5,15.93,6.341,5.233,2.815,141
75411010,"Corn, scalloped or pudding",Vegetable dishes,116,4.54,14.98,4.63,1.5,5.12,1.393,2.043,1.268,70
75411020,"Fritter, corn","Biscuits, muffins, quick breads",404,7.37,33.55,3.03,1.6,27.14,5.61,10.336,8.686,67
75412010,Fried eggplant,Fried vegetables,218,3.66,22.33,1.77,2.0,12.82,1.779,5.224,4.843,11
75412030,Eggplant dip,"Dips, gravies, other sauces",183,4.8,8.15,2.81,3.9,14.98,2.188,6.131,5.561,0
75412060,"Eggplant parmesan casserole, regular",Vegetable dishes,155,7.02,8.96,3.01,1.9,10.5,3.551,3.58,2.181,24
75412070,Eggplant with cheese and tomato sauce,Vegetable dishes,90,6.16,6.34,3.39,2.2,4.84,2.667,1.081,0.257,15
75414020,"Mushrooms, stuffed",Vegetable dishes,288,10.7,27.72,4.0,3.0,15.0,4.084,5.827,3.814,14
75414030,Fried mushrooms,Fried vegetables,222,4.63,21.9,1.27,1.6,12.91,1.789,5.218,4.887,11
75414500,Fried okra,Fried vegetables,219,3.88,22.37,1.42,1.6,12.84,1.789,5.233,4.836,11
75415022,Fried onion rings,Fried vegetables,352,4.19,39.94,4.96,2.6,19.82,3.172,4.877,9.864,0
75416500,Pea salad,"Coleslaw, non-lettuce salads",180,2.98,10.64,4.9,2.7,14.02,2.201,3.125,8.342,8
75416600,Pea salad with cheese,"Coleslaw, non-lettuce salads",203,5.0,9.82,4.44,2.4,16.01,3.895,3.555,7.628,17
75418010,"Fried summer squash, yellow or green",Fried vegetables,216,3.76,21.5,1.53,1.2,12.88,1.804,5.223,4.85,11
75418020,"Squash, summer, casserole with tomato and cheese",Vegetable dishes,85,3.48,8.87,3.31,1.4,4.32,2.229,0.877,0.355,11
75418030,"Squash, summer, casserole, with rice and tomato sauce",Vegetable dishes,83,2.32,14.9,2.4,1.1,1.66,0.749,0.316,0.229,3
75418040,"Squash, summer, casserole, with cheese sauce",Vegetable dishes,92,3.69,9.28,2.84,1.2,4.71,2.378,1.198,0.509,11
75418060,"Squash, summer, souffle",Vegetable dishes,125,4.65,6.87,3.16,0.7,8.94,4.449,2.119,0.633,101
75439010,"Stew, vegetable",Vegetable dishes,47,1.41,10.07,2.51,2.1,0.24,0.032,0.016,0.071,0
75439500,"Chow mein or chop suey, meatless, no noodles",Stir-fry and soy-based sauce mixtures,43,1.34,5.74,2.63,1.2,1.68,0.293,0.411,0.921,0
75440200,Vegetable tempura,Fried vegetables,239,3.81,20.45,1.49,1.6,15.81,2.317,6.525,5.79,38
75440400,Pakora,Fried vegetables,125,4.92,16.24,2.97,3.2,4.77,0.598,1.739,1.922,0
75440600,Vegetable curry,Vegetable dishes,86,1.6,8.81,3.18,1.8,5.27,1.256,1.893,1.732,0
75440610,Vegetable curry with rice,Vegetable dishes,103,2.03,16.48,1.93,1.3,3.27,0.784,1.171,1.07,0
75460900,"Chow mein or chop suey, meatless, with noodles",Fried rice and lo/chow mein,117,2.98,15.72,2.18,2.1,5.05,1.404,1.88,1.378,0
75500110,"Green beans, pickled","Olives, pickles, pickled vegetables",54,1.63,11.0,6.8,2.5,0.25,0.041,0.008,0.094,0
75500210,"Beets, pickled","Olives, pickles, pickled vegetables",65,0.8,16.28,11.05,0.8,0.08,0.013,0.016,0.029,0
75500510,"Celery, pickled","Olives, pickles, pickled vegetables",35,0.41,7.61,5.98,1.3,0.15,0.035,0.027,0.066,0
75501010,"Relish, corn","Olives, pickles, pickled vegetables",111,1.7,25.7,18.43,1.5,0.91,0.176,0.261,0.37,0
75502010,"Cauliflower, pickled","Olives, pickles, pickled vegetables",41,1.59,8.98,6.45,1.7,0.25,0.108,0.028,0.026,0
75502500,"Cabbage, green, pickled","Olives, pickles, pickled vegetables",46,0.8,10.15,7.52,2.1,0.21,0.028,0.014,0.014,0
75502510,"Cabbage, red, pickled","Olives, pickles, pickled vegetables",49,1.03,10.49,8.05,1.7,0.19,0.017,0.01,0.066,0
75502520,Kimchi,"Olives, pickles, pickled vegetables",15,1.1,2.4,1.06,1.6,0.5,0.067,0.037,0.241,0
75503010,"Pickles, dill","Olives, pickles, pickled vegetables",14,0.48,1.99,1.28,1.0,0.43,0.079,0.005,0.122,0
75503020,"Relish, pickle","Olives, pickles, pickled vegetables",130,0.37,35.06,29.13,1.1,0.47,0.054,0.209,0.122,0
75503040,"Pickles, sweet","Olives, pickles, pickled vegetables",91,0.58,21.15,18.27,1.0,0.41,0.067,0.004,0.106,0
75503080,"Eggplant, pickled","Olives, pickles, pickled vegetables",41,0.81,9.74,7.8,2.5,0.16,0.028,0.013,0.063,0
75503085,"Ginger root, pickled","Olives, pickles, pickled vegetables",20,0.33,4.83,0.0,2.6,0.1,0.037,0.02,0.034,0
75503090,Horseradish,Mustard and other condiments,48,1.18,11.29,7.99,3.3,0.69,0.09,0.13,0.339,0
75505000,"Mushrooms, pickled","Olives, pickles, pickled vegetables",46,2.4,8.29,6.51,1.4,0.3,0.041,0.0,0.133,0
75506010,Mustard,Mustard and other condiments,69,4.25,5.3,1.42,4.3,3.38,0.252,2.59,0.903,0
75506100,Honey mustard dip,Mustard and other condiments,275,1.77,25.16,24.1,1.0,18.01,2.62,7.853,6.47,51
75507000,"Okra, pickled","Olives, pickles, pickled vegetables",48,1.6,11.04,6.1,2.7,0.17,0.022,0.014,0.022,0
75510000,"Olives, NFS","Olives, pickles, pickled vegetables",116,0.84,6.04,0.0,1.6,10.9,2.279,7.652,0.629,0
75510010,"Olives, green","Olives, pickles, pickled vegetables",145,1.03,3.84,0.54,3.3,15.32,2.029,11.314,1.307,0
75510020,"Olives, black","Olives, pickles, pickled vegetables",116,0.84,6.04,0.0,1.6,10.9,2.279,7.652,0.629,0
75510030,"Olives, stuffed","Olives, pickles, pickled vegetables",141,1.15,4.96,0.0,4.0,12.9,2.3,8.86,0.661,0
75510050,Olive tapenade,"Olives, pickles, pickled vegetables",282,0.73,4.17,0.16,1.8,30.05,4.852,20.904,2.6,0
75511010,Hot pepper sauce,Mustard and other condiments,12,1.29,0.8,0.13,0.6,0.76,0.106,0.061,0.401,0
75511020,"Peppers, sweet, pickled","Olives, pickles, pickled vegetables",43,0.67,9.6,7.61,0.9,0.12,0.048,0.007,0.09,0
75511040,"Peppers, hot, pickled","Olives, pickles, pickled vegetables",22,0.8,4.56,1.6,2.6,0.4,0.061,0.023,0.143,0
75511050,"Peppers, jalapenos",Other vegetables and combinations,26,0.86,5.53,2.86,2.7,0.38,0.076,0.026,0.128,0
75511100,"Pickles, NFS","Olives, pickles, pickled vegetables",14,0.48,1.99,1.28,1.0,0.43,0.079,0.005,0.122,0
75511300,"Pickles, fried",Fried vegetables,213,3.44,20.7,0.82,1.2,12.91,1.978,2.798,7.15,11
75512010,"Radishes, pickled","Olives, pickles, pickled vegetables",34,0.56,7.68,6.41,1.3,0.1,0.027,0.014,0.04,0
75513010,"Seaweed, pickled","Olives, pickles, pickled vegetables",54,2.91,11.44,5.35,0.6,0.42,0.121,0.05,0.104,0
75515100,"Vegetables, pickled","Olives, pickles, pickled vegetables",46,0.94,10.18,7.48,1.6,0.21,0.058,0.017,0.077,0
75534030,"Turnip, pickled","Olives, pickles, pickled vegetables",44,0.75,10.19,8.02,1.5,0.1,0.009,0.005,0.044,0
75534550,Wasabi paste,Mustard and other condiments,292,2.23,46.13,13.2,6.1,10.9,2.031,4.41,3.627,0
75535000,"Zucchini, pickled","Olives, pickles, pickled vegetables",35,1.0,7.44,6.94,0.8,0.28,0.07,0.009,0.075,0
75601100,"Soup, borscht","Soups, broth-based",20,0.52,3.9,2.24,0.8,0.37,0.052,0.135,0.138,0
75604600,"Soup, gazpacho","Soups, broth-based",26,0.81,4.49,2.81,1.0,0.63,0.08,0.176,0.207,0
75607060,"Soup, cream of mushroom","Soups, cream-based",74,2.1,5.7,1.74,1.2,4.76,2.499,1.003,0.398,12
75608100,"Soup, French onion","Soups, cream-based",108,5.45,11.84,2.49,1.1,4.47,2.366,1.365,0.425,13
75611010,"Soup, cream of vegetable","Soups, cream-based",78,1.41,7.83,1.69,1.1,4.72,2.495,1.018,0.36,12
75647000,"Soup, seaweed",Ramen and Asian broth-based soups,37,3.73,1.52,0.47,0.2,1.87,0.704,0.783,0.076,10
75649010,"Soup, vegetable, canned","Soups, broth-based",38,1.12,7.62,0.95,1.2,0.4,0.053,0.119,0.137,0
75649040,"Soup, vegetable, canned, reduced sodium","Soups, broth-based",38,1.12,7.63,0.95,1.2,0.4,0.053,0.119,0.138,0
75649110,"Soup, vegetable","Soups, broth-based",27,0.84,5.08,1.33,1.0,0.45,0.064,0.142,0.161,0
75651000,"Soup, minestrone","Soups, broth-based",40,1.71,7.3,1.04,1.5,0.5,0.072,0.147,0.189,0
75652010,"Soup, beef","Soups, broth-based",47,3.28,4.04,1.1,0.8,2.05,0.693,0.868,0.205,9
75656060,"Soup, vegetable, with meat","Soups, broth-based",44,3.36,4.04,1.1,0.8,1.6,0.481,0.654,0.255,11
76000000,"Baby Toddler vegetable, NFS",Baby food: vegetables,44,1.44,9.56,2.92,1.6,0.25,0.067,0.04,0.085,0
76201010,"Baby Toddler carrots, Stage 1",Baby food: vegetables,26,0.8,6.0,3.64,1.7,0.1,0.018,0.004,0.047,0
76201040,"Baby Toddler carrots, Stage 2",Baby food: vegetables,32,0.8,7.2,3.16,1.7,0.2,0.036,0.009,0.093,0
76205010,"Baby Toddler squash, Stage 1",Baby food: vegetables,28,0.81,5.73,3.37,0.9,0.2,0.02,0.02,0.04,0
76205040,"Baby Toddler squash, Stage 2",Baby food: vegetables,24,0.81,5.73,3.24,0.9,0.2,0.02,0.02,0.04,0
76209010,"Baby Toddler sweet potatoes, Stage 1",Baby food: vegetables,57,1.1,13.2,4.05,1.5,0.1,0.021,0.004,0.044,0
76209040,"Baby Toddler sweet potatoes, Stage 2",Baby food: vegetables,60,1.1,14.0,4.24,1.5,0.1,0.021,0.004,0.044,0
76401010,"Baby Toddler green beans, Stage 1",Baby food: vegetables,24,1.2,5.8,1.08,1.9,0.1,0.023,0.004,0.052,0
76401040,"Baby Toddler green beans, Stage 2",Baby food: vegetables,24,1.2,5.8,1.08,1.9,0.1,0.023,0.004,0.052,0
76403010,Baby Toddler beets,Baby food: vegetables,34,1.3,7.7,6.09,1.9,0.1,0.016,0.019,0.036,0
76407010,"Baby Toddler multiple vegetables, Stage 2",Baby food: vegetables,44,1.44,9.56,2.92,1.6,0.25,0.067,0.04,0.085,0
76407020,"Baby Toddler multiple vegetables, Stage 3",Baby food: vegetables,44,1.44,9.56,2.92,1.6,0.25,0.067,0.04,0.085,0
76407050,"Baby Toddler vegetables, with grain",Baby food: mixtures,58,1.84,12.01,3.1,1.9,0.5,0.108,0.111,0.177,0
76407080,Baby Toddler vegetables and meat,Baby food: mixtures,64,2.95,11.18,2.81,1.8,1.08,0.27,0.364,0.306,6
76409010,"Baby Toddler peas, Stage 1",Baby food: vegetables,50,3.27,8.36,2.01,2.0,0.43,0.07,0.05,0.2,0
76409040,"Baby Toddler peas, Stage 2",Baby food: vegetables,50,3.27,8.36,2.01,2.0,0.43,0.07,0.05,0.2,0
76700000,"Toddler meal, NFS",Baby food: meat and dinners,85,3.65,12.84,1.37,1.0,2.08,0.708,0.812,0.384,8
76702100,"Toddler meal, meat and vegetables",Baby food: meat and dinners,77,3.49,8.33,1.67,1.0,3.34,0.505,1.78,0.828,11
76702200,"Toddler meal, rice and vegetables",Baby food: meat and dinners,83,4.02,13.43,1.47,0.9,1.4,0.392,0.558,0.34,11
76702300,"Toddler meal, pasta",Baby food: meat and dinners,101,4.08,16.11,0.73,0.8,2.18,1.192,0.558,0.209,5
76702400,"Toddler meal, pasta and vegetables",Baby food: meat and dinners,78,3.02,13.49,1.61,1.1,1.41,0.742,0.351,0.159,3
77121010,"Fried stuffed potatoes, Puerto Rican style",Mashed potatoes and white potato mixtures,185,4.9,16.18,0.9,1.9,11.33,2.194,5.116,3.12,31
77201210,"Green plantain with cracklings, Puerto Rican style",Other starchy vegetables,358,13.16,26.97,14.81,1.4,22.82,5.565,9.907,5.965,24
77205610,"Ripe plantain meat pie, Puerto Rican style",Meat mixed dishes,315,12.81,22.03,11.4,2.1,20.22,4.894,8.512,4.72,125
77272010,Puerto Rican pasteles,Meat mixed dishes,213,7.08,17.44,5.6,2.2,13.19,2.562,5.566,4.063,17
77316010,"Stuffed cabbage, with meat, Puerto Rican style",Meat mixed dishes,207,9.56,8.41,4.58,2.3,15.13,3.737,7.96,2.198,28
77316510,"Stuffed cabbage, with meat and rice, Syrian dish, Puerto Rican style",Meat mixed dishes,84,3.14,11.14,2.31,1.8,2.95,0.798,1.519,0.198,7
77316600,Eggplant and meat casserole,Meat mixed dishes,96,7.11,4.67,2.89,1.5,5.53,1.915,2.189,0.717,54
78101000,"Vegetable and fruit juice, 100% juice, with high vitamin C",Other fruit juice,46,0.3,11.15,10.37,0.0,0.01,0.0,0.0,0.0,0
78101100,"Fruit and vegetable smoothie, with dairy",Smoothies and grain drinks,64,1.59,12.74,9.17,1.0,0.72,0.301,0.109,0.076,2
78101110,"Fruit and vegetable smoothie, added protein",Smoothies and grain drinks,86,7.49,12.24,8.47,1.1,0.78,0.338,0.113,0.093,3
78101115,"Fruit and vegetable smoothie, non-dairy",Smoothies and grain drinks,60,1.16,12.39,8.62,1.0,0.61,0.087,0.173,0.162,0
78101118,"Fruit and vegetable smoothie, non-dairy, added protein",Smoothies and grain drinks,83,7.09,11.92,7.95,1.2,0.69,0.141,0.171,0.172,1
78101120,"Fruit and vegetable smoothie, bottled",Smoothies and grain drinks,53,0.6,12.53,11.15,0.7,0.26,0.053,0.04,0.073,0
78101125,"Fruit and vegetable smoothie, no dairy",Smoothies and grain drinks,63,1.09,13.78,9.82,1.0,0.37,0.059,0.024,0.068,0
78101130,Vegetable smoothie,Smoothies and grain drinks,89,2.75,5.84,2.57,2.8,6.63,1.391,3.919,0.746,4
81100000,"Table fat, NFS",Butter and animal fats,677,0.58,0.36,0.35,0.0,75.33,32.505,19.832,11.885,141
81100500,"Butter, NFS",Butter and animal fats,743,0.85,0.06,0.58,0.0,82.2,45.6,16.9,2.52,235
81101000,"Butter, stick",Butter and animal fats,743,0.85,0.06,0.58,0.0,82.2,45.6,16.9,2.52,235
81101010,"Butter, tub",Butter and animal fats,731,0.49,0.0,0.06,0.0,78.3,45.39,19.874,3.331,225
81101520,"Butter, light",Butter and animal fats,499,3.3,0.0,0.0,0.0,55.1,34.321,15.927,2.046,106
81102000,"Margarine, NFS",Margarine,579,0.17,0.82,0.0,0.0,65.04,12.862,24.23,25.933,1
81102010,"Margarine, stick",Margarine,717,0.16,0.7,0.0,0.0,80.71,15.189,38.877,24.302,0
81102020,"Margarine, tub",Margarine,533,0.17,0.86,0.0,0.0,59.81,12.086,19.348,26.477,1
81103090,"Butter replacement, liquid",Margarine,533,0.17,0.86,0.0,0.0,59.81,12.086,19.348,26.477,1
81104010,"Margarine, light",Margarine,346,0.33,1.22,0.0,0.0,37.91,8.649,12.16,14.916,0
81106010,"Butter replacement, powder",Margarine,373,2.0,89.0,5.3,0.0,1.0,0.589,0.276,0.057,2
81200100,"Oil or table fat, NFS",Margarine,789,0.29,0.18,0.17,0.0,87.67,22.936,31.106,25.146,71
81201000,Animal fat or drippings,Butter and animal fats,841,2.23,0.0,0.0,0.0,92.18,35.58,41.249,10.052,93
81202000,Lard,Butter and animal fats,902,0.0,0.0,0.0,0.0,100.0,39.2,45.1,11.2,95
81203000,"Shortening, NS as to vegetable or animal",Margarine,884,0.0,0.0,0.0,0.0,99.97,24.98,41.186,28.097,0
81204000,"Ghee, clarified butter",Butter and animal fats,876,0.28,0.0,0.0,0.0,99.48,61.924,28.732,3.694,256
81301000,Garlic sauce,"Dips, gravies, other sauces",683,1.43,2.87,0.62,0.3,74.02,41.049,15.211,2.293,212
81301020,Lemon-butter sauce,"Dips, gravies, other sauces",671,0.8,0.74,0.77,0.0,74.0,41.044,15.211,2.27,212
81302010,Hollandaise sauce,"Dips, gravies, other sauces",546,5.4,1.03,0.77,0.0,57.98,30.229,13.662,2.775,466
81302040,Sandwich spread,Mayonnaise,389,0.9,22.4,15.18,0.4,34.0,5.1,7.4,20.0,76
81302050,Tartar sauce,Mayonnaise,211,1.0,13.3,4.25,0.5,16.7,3.333,3.605,9.044,7
81302060,Horseradish sauce,Mustard and other condiments,503,1.09,10.05,8.98,1.0,50.89,8.233,13.087,29.169,50
81302070,Pesto sauce,"Dips, gravies, other sauces",580,8.61,5.67,0.7,1.0,59.17,10.306,33.265,10.071,16
81308100,Fry sauce,Mustard and other condiments,535,0.98,7.28,5.74,0.1,56.16,8.781,12.636,33.528,32
81308200,"Sauce, NFS","Dips, gravies, other sauces",109,1.59,12.72,4.56,0.2,5.67,2.612,1.482,0.688,13
81312100,Curry sauce,"Dips, gravies, other sauces",95,1.39,5.03,3.37,1.4,8.22,2.477,2.711,2.426,1
81322000,Honey butter,Butter and animal fats,485,0.53,48.5,48.54,0.1,33.85,18.776,6.959,1.038,97
82101000,"Vegetable oil, NFS",Salad dressings and vegetable oils,900,0.0,0.0,0.0,0.0,100.0,13.366,42.38,38.407,0
82101300,Almond oil,Salad dressings and vegetable oils,884,0.0,0.0,0.0,0.0,100.0,8.2,69.9,17.4,0
82101500,Coconut oil,Salad dressings and vegetable oils,895,0.0,0.84,0.0,0.0,99.1,82.5,6.31,1.7,0
82102000,Corn oil,Salad dressings and vegetable oils,900,0.0,0.0,0.0,0.0,100.0,13.4,27.7,52.9,0
82103000,Cottonseed oil,Salad dressings and vegetable oils,884,0.0,0.0,0.0,0.0,100.0,25.9,17.8,51.9,0
82103500,Flaxseed oil,Salad dressings and vegetable oils,884,0.11,0.0,0.0,0.0,99.98,8.976,18.438,67.849,0
82104000,Olive oil,Salad dressings and vegetable oils,900,0.0,0.0,0.0,0.0,100.0,15.52,68.42,9.469,0
82105000,Peanut oil,Salad dressings and vegetable oils,900,0.0,0.0,0.0,0.0,100.0,16.2,57.1,19.9,0
82105500,Canola oil,Salad dressings and vegetable oils,900,0.0,0.0,0.0,0.0,100.0,6.61,62.6,25.3,0
82106000,Safflower oil,Salad dressings and vegetable oils,900,0.0,0.0,0.0,0.0,100.0,7.65,71.6,13.8,0
82107000,Sesame oil,Salad dressings and vegetable oils,884,0.0,0.0,0.0,0.0,100.0,14.2,39.7,41.7,0
82108000,Soybean oil,Salad dressings and vegetable oils,900,0.0,0.0,0.0,0.0,100.0,14.9,22.1,57.6,0
82108500,Sunflower oil,Salad dressings and vegetable oils,900,0.0,0.0,0.0,0.0,100.0,8.99,63.4,20.7,0
82108700,Walnut oil,Salad dressings and vegetable oils,884,0.0,0.0,0.0,0.0,100.0,9.1,22.8,63.3,0
82109000,Wheat germ oil,Salad dressings and vegetable oils,884,0.0,0.0,0.0,0.0,100.0,18.8,15.1,61.7,0
83100100,"Salad dressing, NFS, for salads",Salad dressings and vegetable oils,430,1.32,5.9,4.69,0.0,44.54,6.964,9.202,25.796,26
83100200,"Salad dressing, NFS, for sandwiches",Mayonnaise,594,0.9,3.41,2.46,0.0,64.2,10.042,14.485,38.189,37
83101000,Blue or roquefort cheese dressing,Salad dressings and vegetable oils,484,1.37,4.77,3.48,0.4,51.1,8.275,13.279,27.545,31
83101600,Bacon and tomato dressing,Salad dressings and vegetable oils,326,1.8,2.0,2.0,0.2,35.0,5.435,8.415,19.584,4
83102000,Caesar dressing,Salad dressings and vegetable oils,542,2.17,3.3,2.81,0.5,57.85,8.789,13.504,32.857,39
83103000,Coleslaw dressing,Salad dressings and vegetable oils,404,0.85,22.4,21.23,0.0,34.53,5.343,7.407,19.362,41
83104000,French or Catalina dressing,Salad dressings and vegetable oils,419,0.87,18.79,17.43,2.4,39.07,6.093,8.91,22.952,0
83105500,Honey mustard dressing,Salad dressings and vegetable oils,464,0.87,23.33,15.84,0.4,40.83,5.0,11.458,22.839,29
83106000,"Italian dressing, made with vinegar and oil",Salad dressings and vegetable oils,240,0.41,12.12,10.77,0.0,21.12,2.948,5.638,10.748,0
83107000,"Mayonnaise, regular",Mayonnaise,680,0.96,0.57,0.57,0.0,74.85,11.703,16.843,44.69,42
83108000,Vegan mayonnaise,Mayonnaise,232,0.3,16.0,6.0,0.0,19.2,3.3,4.5,10.6,24
83109000,Russian dressing,Salad dressings and vegetable oils,355,0.69,31.9,17.68,0.7,26.18,2.39,5.928,14.83,0
83110000,Mayonnaise-type salad dressing,Mayonnaise,250,0.65,14.78,10.02,0.0,21.6,3.396,5.053,12.187,19
83112000,Avocado dressing,Salad dressings and vegetable oils,427,1.9,7.36,6.67,0.1,43.33,5.978,9.423,23.165,40
83112400,Creamy Italian dressing,Salad dressings and vegetable oils,268,0.55,11.19,9.86,0.0,24.63,3.55,6.173,13.005,4
83112950,Poppy seed dressing,Salad dressings and vegetable oils,399,0.92,23.73,23.39,0.3,33.33,6.061,8.207,17.326,15
83112990,Sesame dressing,Salad dressings and vegetable oils,443,3.1,8.6,8.32,1.0,45.2,6.2,11.9,25.1,0
83113500,Ranch dressing,Salad dressings and vegetable oils,430,1.32,5.9,4.69,0.0,44.54,6.964,9.202,25.796,26
83114000,Thousand Island dressing,Salad dressings and vegetable oils,379,1.09,14.64,15.18,0.8,35.06,5.092,7.881,18.22,26
83115000,Fruit dressing,Salad dressings and vegetable oils,219,2.51,12.42,9.67,0.1,17.97,10.329,3.718,0.795,53
83200100,"Salad dressing, light, NFS",Salad dressings and vegetable oils,160,1.5,7.0,5.65,0.0,14.0,2.115,3.273,7.994,0
83201000,"Blue or roquefort cheese dressing, light",Salad dressings and vegetable oils,300,1.44,15.18,5.46,1.1,26.06,4.362,6.86,13.807,16
83201500,"Creamy Italian dressing, light",Salad dressings and vegetable oils,111,0.56,9.54,8.63,0.0,7.78,1.025,1.957,3.95,0
83202020,"French or Catalina dressing, light",Salad dressings and vegetable oils,222,0.58,31.22,16.86,1.5,11.52,0.842,4.518,3.852,0
83203000,"Caesar dressing, light",Salad dressings and vegetable oils,110,0.3,18.6,16.32,0.1,4.4,0.703,1.124,2.368,2
83204000,"Mayonnaise, light",Mayonnaise,238,0.37,9.23,3.56,0.0,22.22,3.446,5.01,12.993,16
83204030,"Mayonnaise, reduced fat,  with olive oil",Mayonnaise,361,0.37,0.0,0.0,0.0,40.0,5.37,29.542,4.006,33
83204050,"Mayonnaise-type salad dressing, light",Mayonnaise,158,0.65,16.4,6.67,0.0,10.0,1.484,2.335,5.638,0
83204500,"Honey mustard dressing, light",Salad dressings and vegetable oils,207,0.98,28.26,18.33,0.8,10.0,0.833,5.573,3.152,0
83205450,"Italian dressing, light",Salad dressings and vegetable oils,102,0.39,9.99,9.16,0.0,6.68,0.833,1.725,3.236,0
83205560,"Ranch dressing, light",Salad dressings and vegetable oils,160,1.5,7.0,5.65,0.0,14.0,2.115,3.273,7.994,0
83206500,"Sesame dressing, light",Salad dressings and vegetable oils,102,0.39,9.99,9.16,0.0,6.68,0.833,1.725,3.236,0
83207000,"Thousand Island dressing, light",Salad dressings and vegetable oils,195,0.83,24.06,17.31,1.2,11.32,0.746,6.468,2.692,11
83208500,Korean dressing or marinade,Salad dressings and vegetable oils,348,3.17,12.66,10.2,0.5,31.41,4.172,13.289,12.062,0
83300100,"Blue or roquefort cheese dressing, fat free",Salad dressings and vegetable oils,115,1.52,25.6,7.44,1.8,1.01,0.45,0.441,0.069,2
83300200,"Caesar dressing, fat free",Salad dressings and vegetable oils,131,1.47,30.73,8.82,0.2,0.23,0.096,0.045,0.01,1
83300250,"Creamy Italian dressing, fat free",Salad dressings and vegetable oils,56,1.03,10.44,8.32,0.5,1.14,0.325,0.296,0.38,2
83300400,"French or Catalina dressing, fat free",Salad dressings and vegetable oils,132,0.2,32.14,16.45,2.2,0.27,0.037,0.141,0.062,0
83300500,"Honey mustard dressing, fat free",Salad dressings and vegetable oils,169,1.07,38.43,17.75,1.2,1.47,0.349,0.708,0.287,1
83300600,"Italian dressing, fat free",Salad dressings and vegetable oils,47,0.97,8.75,8.85,0.6,0.87,0.295,0.235,0.192,2
83300700,"Mayonnaise, fat free",Mayonnaise,64,0.2,15.8,6.8,2.0,0.0,0.0,0.0,0.0,0
83300750,"Ranch dressing, fat free",Salad dressings and vegetable oils,107,1.4,20.0,5.35,0.0,2.7,0.494,0.64,1.444,0
83300900,"Salad dressing, fat free, NFS",Salad dressings and vegetable oils,107,1.4,20.0,5.35,0.0,2.7,0.494,0.64,1.444,0
83301000,"Thousand Island dressing, fat free",Salad dressings and vegetable oils,132,0.55,29.27,16.83,3.3,1.45,0.198,0.342,0.63,5
89901000,"Bacon, for use with vegetables",Not included in a food category,468,33.92,1.7,0.0,0.0,35.09,11.964,15.53,6.112,99
89901002,"Ham, for use with vegetables",Not included in a food category,117,17.99,1.57,1.57,0.0,4.39,1.424,1.983,0.542,53
89901004,"Beef, for use with vegetables",Not included in a food category,191,32.41,0.0,0.0,0.0,6.82,2.8,3.5,0.45,99
89901006,"Chicken, for use with vegetables",Not included in a food category,164,26.79,0.0,0.0,0.0,6.36,1.579,2.706,0.937,112
89901010,"Cream sauce, for use with vegetables",Not included in a food category,175,0.83,10.6,1.16,0.1,14.17,8.128,2.926,0.628,41
89901020,"Cheese sauce, for use with vegetables",Not included in a food category,120,4.69,9.62,0.07,0.1,6.8,3.841,1.49,0.238,20
89901030,"Gravy, for use with vegetables",Not included in a food category,57,0.31,11.24,0.12,0.1,1.05,0.256,0.412,0.165,2
89901040,"Soy based sauce, for use with vegetables",Not included in a food category,89,1.65,20.07,10.06,0.2,0.15,0.016,0.019,0.055,0
89901050,"Tomato sauce, for use with vegetables",Not included in a food category,104,0.48,12.08,11.4,0.6,6.15,0.818,2.561,2.353,0
89902000,"Avocado, for use on a sandwich",Vegetables on a sandwich,160,2.0,8.53,0.66,6.7,14.66,2.126,9.799,1.816,0
89902010,"Cucumber, for use on a sandwich",Vegetables on a sandwich,16,0.62,2.95,1.67,0.5,0.18,0.037,0.005,0.032,0
89902020,"Lettuce, for use on a sandwich",Vegetables on a sandwich,20,0.92,3.69,1.1,1.3,0.1,0.026,0.008,0.108,0
89902030,"Mushrooms, for use on a sandwich",Vegetables on a sandwich,31,2.9,4.13,1.98,1.7,0.35,0.05,0.0,0.16,0
89902040,"Onions, for use on a sandwich",Vegetables on a sandwich,38,0.86,8.46,5.8,1.7,0.08,0.042,0.013,0.017,0
89902050,"Pepper, for use on a sandwich",Vegetables on a sandwich,27,0.81,5.72,3.3,1.0,0.12,0.058,0.008,0.109,0
89902060,"Spinach, for use on a sandwich",Vegetables on a sandwich,27,2.85,2.41,0.42,1.6,0.62,0.063,0.01,0.165,0
89902070,"Tomatoes, for use on a sandwich",Vegetables on a sandwich,20,0.82,4.04,2.63,1.2,0.31,0.028,0.031,0.083,0
89902100,"Bacon, for use on a sandwich",Not included in a food category,494,39.36,2.01,2.45,0.0,36.19,12.46,15.741,6.025,99
91101000,"Sugar, NFS",Sugars and honey,401,0.0,99.6,99.8,0.0,0.32,0.0,0.0,0.0,0
91101010,"Sugar, white, granulated or lump",Sugars and honey,401,0.0,99.6,99.8,0.0,0.32,0.0,0.0,0.0,0
91101020,"Sugar, white, confectioner's, powdered",Sugars and honey,389,0.0,99.77,97.81,0.0,0.0,0.0,0.0,0.0,0
91102010,"Sugar, brown",Sugars and honey,380,0.12,98.09,97.02,0.0,0.0,0.0,0.0,0.0,0
91104100,"Sugar, cinnamon",Sugars and honey,390,0.28,98.27,92.99,3.7,0.38,0.024,0.017,0.005,0
91106010,Sugar substitute and sugar blend,Sugar substitutes,399,0.0,99.35,99.22,0.0,0.31,0.0,0.0,0.0,0
91107000,"Sugar substitute, sucralose, powder",Sugar substitutes,336,0.0,91.17,80.33,0.0,0.0,0.0,0.0,0.0,0
91108000,"Sugar substitute, stevia, powder",Sugar substitutes,0,0.0,100.0,0.0,0.0,0.0,0.0,0.0,0.0,0
91108010,"Sugar substitute, stevia, liquid",Sugar substitutes,51,0.8,11.99,0.01,0.7,0.0,0.0,0.0,0.0,0
91108020,"Sugar substitute, monk fruit, powder",Sugar substitutes,0,0.0,100.0,0.0,0.0,0.0,0.0,0.0,0.0,0
91200000,"Sugar substitute, powder, NFS",Sugar substitutes,349,0.66,90.14,82.09,0.0,0.0,0.0,0.0,0.0,0
91200005,"Sugar substitute, liquid, NFS",Sugar substitutes,51,0.8,11.99,0.01,0.7,0.0,0.0,0.0,0.0,0
91200040,"Sugar substitute, saccharin, powder",Sugar substitutes,360,0.94,89.11,85.19,0.0,0.0,0.0,0.0,0.0,0
91200110,"Sugar substitute, saccharin, liquid",Sugar substitutes,8,0.02,2.05,1.96,0.0,0.0,0.0,0.0,0.0,0
91201010,"Sugar substitute, aspartame, powder",Sugar substitutes,365,2.17,89.08,80.7,0.0,0.0,0.0,0.0,0.0,0
91300010,"Syrup, NFS","Jams, syrups, toppings",265,0.0,69.6,42.0,0.0,0.1,0.018,0.032,0.05,0
91300100,Pancake syrup,"Jams, syrups, toppings",265,0.0,69.6,42.0,0.0,0.1,0.018,0.032,0.05,0
91301030,Corn syrup,"Jams, syrups, toppings",283,0.0,76.79,76.77,0.0,0.2,0.0,0.0,0.0,0
91301050,Blueberry syrup,"Jams, syrups, toppings",341,0.0,85.13,53.0,0.1,0.0,0.0,0.0,0.0,0
91301080,Chocolate syrup,"Jams, syrups, toppings",269,0.0,67.21,60.0,0.0,0.0,0.0,0.0,0.0,0
91301081,"Chocolate syrup, light","Jams, syrups, toppings",153,1.4,34.56,28.57,0.0,0.97,0.0,0.0,0.0,0
91301100,Simple syrup,"Jams, syrups, toppings",184,0.0,45.58,45.68,0.0,0.15,0.0,0.0,0.0,0
91301130,Strawberry drink syrup,"Jams, syrups, toppings",261,0.0,65.1,65.0,0.0,0.02,0.0,0.0,0.0,0
91301510,"Pancake syrup, light","Jams, syrups, toppings",165,0.0,44.55,32.8,0.0,0.0,0.0,0.0,0.0,0
91302010,Honey,Sugars and honey,304,0.3,82.4,82.12,0.2,0.0,0.0,0.0,0.0,0
91302020,Agave liquid sweetener,Sugars and honey,310,0.09,76.37,68.03,0.2,0.45,0.0,0.0,0.0,0
91303000,Molasses,Sugars and honey,290,0.0,74.73,74.72,0.0,0.1,0.018,0.032,0.05,0
91304010,"Topping, butterscotch or caramel","Jams, syrups, toppings",216,1.21,57.01,57.0,0.0,0.0,0.0,0.0,0.0,0
91304020,"Topping, chocolate","Jams, syrups, toppings",350,4.6,62.9,34.82,2.8,8.9,3.98,3.857,0.278,1
91304030,"Topping, fruit","Jams, syrups, toppings",254,0.2,66.3,27.38,0.7,0.1,0.005,0.014,0.05,0
91304040,"Topping, marshmallow","Jams, syrups, toppings",322,0.8,79.0,46.8,0.1,0.3,0.056,0.08,0.047,0
91304060,"Topping, nuts and syrup","Jams, syrups, toppings",448,4.5,58.08,36.72,2.3,22.0,1.96,4.97,13.73,0
91304090,Chocolate hazelnut spread,"Jams, syrups, toppings",539,5.41,62.36,54.05,5.4,29.73,28.423,0.0,0.0,0
91305010,"Icing, chocolate","Jams, syrups, toppings",397,1.1,63.2,57.7,0.9,17.6,5.526,9.02,2.226,0
91305020,"Icing, white","Jams, syrups, toppings",418,0.0,67.89,63.1,0.0,16.23,2.974,4.86,7.951,0
91306020,"Caramel dip, regular","Jams, syrups, toppings",295,1.16,48.47,48.54,0.0,12.33,6.84,2.535,0.378,35
91306025,"Caramel dip, light","Jams, syrups, toppings",216,1.21,57.01,57.0,0.0,0.0,0.0,0.0,0.0,0
91306030,Chocolate dip,"Jams, syrups, toppings",393,3.33,65.31,45.5,2.0,13.22,6.619,4.14,0.407,20
91306040,Dessert dip,"Jams, syrups, toppings",249,6.01,22.48,22.18,0.0,15.05,8.819,3.236,0.703,44
91361010,Sweet and sour sauce,Mustard and other condiments,154,0.27,38.22,18.75,0.1,0.02,0.0,0.0,0.0,0
91361040,Dessert sauce,"Jams, syrups, toppings",150,0.09,19.53,17.15,0.0,7.95,4.377,1.623,0.243,23
91361050,Duck sauce,Mustard and other condiments,245,0.36,60.66,30.54,0.6,0.13,0.051,0.018,0.027,0
91400000,"Jam or jelly, NFS","Jams, syrups, toppings",261,0.18,67.12,49.16,1.0,0.03,0.006,0.01,0.002,0
91401000,Jelly,"Jams, syrups, toppings",266,0.15,69.95,51.22,1.0,0.02,0.005,0.001,0.004,0
91402000,Jam,"Jams, syrups, toppings",278,0.37,68.86,48.5,1.1,0.07,0.01,0.038,0.0,0
91403000,Fruit butter,"Jams, syrups, toppings",173,0.39,42.47,35.3,1.5,0.3,0.053,0.016,0.084,0
91404000,Marmalade,"Jams, syrups, toppings",246,0.3,66.3,60.0,0.7,0.0,0.0,0.0,0.0,0
91405000,"Jam or jelly, sugar free","Jams, syrups, toppings",121,0.55,29.6,3.39,2.2,0.0,0.0,0.0,0.0,0
91405500,"Jam or jelly, reduced sugar","Jams, syrups, toppings",151,0.0,37.6,29.41,1.5,0.1,0.005,0.014,0.05,0
91406500,"Jam or jelly, fruit juice sweetened","Jams, syrups, toppings",212,0.0,52.93,42.0,0.9,0.0,0.0,0.0,0.0,0
91407100,Guava paste,"Jams, syrups, toppings",292,0.1,72.56,71.62,1.1,0.27,0.012,0.004,0.018,0
91407120,Sweet potato paste,"Jams, syrups, toppings",305,0.49,75.14,71.75,0.9,0.34,0.006,0.0,0.004,0
91407150,"Bean paste, sweetened","Jams, syrups, toppings",226,6.22,49.98,33.92,5.3,0.47,0.052,0.028,0.197,0
91501010,Gelatin dessert,"Gelatins, ices, sorbets",60,1.22,14.19,13.49,0.0,0.0,0.0,0.0,0.0,0
91501020,Gelatin dessert with fruit,"Gelatins, ices, sorbets",56,1.1,13.34,12.59,0.2,0.01,0.001,0.001,0.003,0
91501100,Gelatin salad with vegetables,"Gelatins, ices, sorbets",61,1.47,14.02,11.93,0.7,0.02,0.005,0.002,0.011,0
91511010,"Gelatin dessert, sugar free","Gelatins, ices, sorbets",20,0.83,4.22,0.0,0.0,0.0,0.0,0.0,0.0,0
91511020,"Gelatin dessert, sugar free, with fruit","Gelatins, ices, sorbets",22,0.77,4.86,1.13,0.2,0.01,0.001,0.001,0.003,0
91520100,Yokan,"Gelatins, ices, sorbets",133,2.4,30.63,24.72,2.0,0.24,0.057,0.068,0.08,0
91560100,Haupia,Pudding,274,1.98,23.52,14.72,2.0,20.45,18.094,0.869,0.225,0
91601000,Italian Ice,"Gelatins, ices, sorbets",128,0.4,32.6,32.6,0.0,0.0,0.0,0.0,0.0,0
91601010,"Italian Ice, no sugar added","Gelatins, ices, sorbets",24,0.0,5.92,1.52,0.0,0.0,0.0,0.0,0.0,0
91610900,"Popsicle, NFS","Gelatins, ices, sorbets",79,0.0,19.23,13.66,0.0,0.24,0.013,0.051,0.016,0
91611000,Popsicle,"Gelatins, ices, sorbets",79,0.0,19.23,13.66,0.0,0.24,0.013,0.051,0.016,0
91611100,"Popsicle, no sugar added","Gelatins, ices, sorbets",24,0.0,5.92,1.52,0.0,0.0,0.0,0.0,0.0,0
91612000,Freezer pop,"Gelatins, ices, sorbets",79,0.0,19.23,13.66,0.0,0.24,0.013,0.051,0.016,0
91621000,Snow cone,"Gelatins, ices, sorbets",128,0.4,32.6,32.6,0.0,0.0,0.0,0.0,0.0,0
91621050,"Snow cone, no sugar added","Gelatins, ices, sorbets",24,0.0,5.92,1.52,0.0,0.0,0.0,0.0,0.0,0
91700010,"Candy, NFS",Candy not containing chocolate,429,1.95,86.62,61.3,0.9,8.26,5.356,1.796,0.344,6
91701010,"Almonds, chocolate covered candy",Candy containing chocolate,560,12.97,44.04,32.84,6.4,38.81,12.742,17.542,6.008,14
91705005,"Chocolate candy, other, NFS",Candy containing chocolate,535,7.65,59.4,51.5,3.4,29.66,18.509,7.186,1.376,23
91705010,Chocolate candy,Candy containing chocolate,535,7.65,59.4,51.5,3.4,29.66,18.509,7.186,1.376,23
91705012,"Chocolate candy with nuts, other, NFS",Candy containing chocolate,545,10.99,51.77,42.18,4.4,33.66,16.352,10.985,3.055,18
91705015,Chocolate candy with nuts,Candy containing chocolate,545,10.99,51.77,42.18,4.4,33.66,16.352,10.985,3.055,18
91705020,Chocolate candy with cereal,Candy containing chocolate,511,7.64,59.67,51.06,3.3,29.37,15.89,8.64,0.78,23
91705080,"Chocolate candy, cookie filled",Candy containing chocolate,510,5.71,64.69,48.46,1.0,25.42,18.456,4.416,0.762,9
91705200,Chocolate chips,Candy containing chocolate,480,4.2,63.9,54.5,5.9,30.0,17.75,9.966,0.966,0
91705250,"Candy, sprinkles",Candy not containing chocolate,473,0.0,84.66,84.83,0.0,15.27,12.975,0.852,0.217,0
91705290,"Dark chocolate candy, other, NFS",Candy containing chocolate,550,5.09,59.97,46.14,7.2,32.2,18.993,9.801,1.107,7
91705300,Dark chocolate candy,Candy containing chocolate,550,5.09,59.97,46.14,7.2,32.2,18.993,9.801,1.107,7
91705312,"Dark chocolate candy with nuts, other, NFS",Candy containing chocolate,560,8.26,52.18,37.88,7.9,36.27,16.013,14.456,3.477,6
91705315,Dark chocolate candy with nuts,Candy containing chocolate,560,8.26,52.18,37.88,7.9,36.27,16.013,14.456,3.477,6
91705400,White chocolate candy,Candy not containing chocolate,539,5.87,59.24,59.0,0.2,32.09,19.412,9.097,1.013,21
91705440,"Chocolate candy, fudge",Candy containing chocolate,396,1.72,79.42,76.44,0.8,7.93,4.915,2.171,0.3,14
91705450,"Chocolate candy, caramel filled",Candy containing chocolate,474,6.43,66.44,57.1,2.0,21.04,12.096,4.928,2.217,17
91705460,"Chocolate candy, caramel filled with nuts",Candy containing chocolate,484,7.42,63.65,54.07,2.5,23.11,12.358,6.16,2.532,16
91705470,"Chocolate candy, coconut filled",Candy containing chocolate,500,5.44,56.94,44.1,4.1,27.82,19.74,1.936,0.693,2
91705480,"Chocolate candy, cream filled",Candy containing chocolate,366,2.2,80.4,71.42,2.1,9.3,5.46,3.09,0.3,0
91705510,"Chocolate candy, nougat filled",Candy containing chocolate,446,3.3,74.47,63.29,1.2,14.99,10.331,2.302,0.288,7
91705520,"Chocolate candy, nougat filled with nuts",Candy containing chocolate,483,6.46,63.16,52.24,2.2,22.72,10.584,6.716,2.826,6
91705530,"Chocolate candy, peanut butter filled",Candy containing chocolate,487,7.82,64.13,46.54,2.8,24.72,10.115,9.11,4.332,3
91705550,Chocolate candy with dried fruit,Candy containing chocolate,390,4.1,68.4,62.22,3.1,14.8,10.272,3.134,0.571,3
91706010,"Chocolate candy, sugar free",Candy containing chocolate,590,12.39,37.68,14.63,3.5,43.27,21.723,10.884,4.349,22
91706020,"Candy, non chocolate, other, NFS",Candy not containing chocolate,394,0.05,95.69,64.57,0.0,1.13,0.972,0.0,0.0,0
91718300,"Ladoo, round ball",Candy not containing chocolate,411,6.92,46.74,29.8,4.0,22.25,11.396,4.602,1.514,58
91721000,"Candy, licorice",Candy not containing chocolate,396,0.0,98.9,58.97,0.1,0.0,0.0,0.0,0.0,0
91723000,"Candy, marshmallow",Candy not containing chocolate,318,1.8,81.3,57.56,0.1,0.2,0.056,0.08,0.047,0
91723030,"Candy, caramel",Candy not containing chocolate,384,3.1,82.36,60.91,0.0,5.7,1.722,1.735,1.872,4
91728000,"Candy, nougat with nuts",Candy not containing chocolate,444,8.38,72.64,42.64,3.6,13.34,3.236,6.234,2.346,0
91731000,"Peanuts, chocolate covered candy",Candy containing chocolate,556,14.33,44.14,32.86,5.4,37.66,14.195,14.784,4.735,14
91733000,"Candy, peanut brittle",Candy not containing chocolate,486,7.57,71.24,51.33,2.5,18.98,4.144,8.064,4.558,12
91745000,"Candy, mint",Candy not containing chocolate,394,0.0,98.3,31.45,0.0,0.1,0.0,0.0,0.0,0
91745010,"Candy, gummy",Candy not containing chocolate,396,0.0,98.9,58.97,0.1,0.0,0.0,0.0,0.0,0
91745025,"Candy, hard",Candy not containing chocolate,394,0.0,98.0,62.9,0.0,0.2,0.0,0.0,0.0,0
91745030,"Candy, lollipop",Candy not containing chocolate,394,0.0,98.0,62.9,0.0,0.2,0.0,0.0,0.0,0
91745035,Cough drops,Candy not containing chocolate,394,0.0,98.3,31.45,0.0,0.1,0.0,0.0,0.0,0
91745050,"Candy, cotton",Candy not containing chocolate,401,0.0,99.6,99.8,0.0,0.32,0.0,0.0,0.0,0
91745110,"Candy, fruit flavored pieces",Candy not containing chocolate,400,0.1,94.39,69.37,0.0,2.28,2.058,0.0,0.0,0
91746100,"Chocolate candy, candy shell",Candy containing chocolate,492,4.33,71.19,63.68,2.8,21.13,13.08,5.183,0.921,14
91746110,"Chocolate candy, candy shell with nuts",Candy containing chocolate,506,11.02,60.17,52.0,3.4,25.45,13.295,6.273,2.668,4
91746300,"Candy, fruit snacks",Candy not containing chocolate,371,0.1,85.8,49.16,0.0,3.0,0.672,1.48,0.552,0
91746350,"Candy, fruit leather",Candy not containing chocolate,371,0.1,85.8,49.16,0.0,3.0,0.672,1.48,0.552,0
91750000,"Candy, taffy",Candy not containing chocolate,390,0.2,87.88,73.51,0.0,4.12,3.889,0.0,0.0,0
91770060,"Candy, non chocolate, sugar free",Candy not containing chocolate,394,0.0,98.6,0.0,0.0,0.0,0.0,0.0,0.0,0
91801000,Chewing gum,Candy not containing chocolate,360,0.0,96.7,66.08,2.4,0.3,0.042,0.079,0.137,0
91802000,"Chewing gum, sugar free",Candy not containing chocolate,268,0.0,94.8,0.0,2.4,0.4,0.058,0.093,0.232,0
92100000,"Coffee, NS as to type",Coffee,1,0.12,0.0,0.0,0.0,0.02,0.002,0.015,0.001,0
92100500,"Coffee, NS as to brewed or instant",Coffee,1,0.12,0.0,0.0,0.0,0.02,0.002,0.015,0.001,0
92101000,"Coffee, brewed",Coffee,1,0.12,0.0,0.0,0.0,0.02,0.002,0.015,0.001,0
92101500,"Coffee, brewed, blend of regular and decaffeinated",Coffee,0,0.11,0.0,0.0,0.0,0.01,0.002,0.008,0.002,0
92101600,"Coffee, Turkish",Coffee,27,0.11,6.47,6.48,0.0,0.04,0.002,0.014,0.001,0
92101610,"Coffee, espresso",Coffee,9,0.12,1.67,0.0,0.0,0.18,0.092,0.0,0.092,0
92101630,"Coffee, espresso, decaffeinated",Coffee,9,0.1,1.69,0.0,0.0,0.18,0.092,0.0,0.092,0
92101700,"Coffee, brewed, flavored",Coffee,1,0.12,0.0,0.0,0.0,0.02,0.002,0.015,0.001,0
92101800,"Coffee, Cuban",Coffee,34,0.11,7.84,6.28,0.0,0.19,0.086,0.0,0.086,0
92101810,"Coffee, macchiato",Coffee,23,1.18,2.71,1.61,0.0,0.83,0.473,0.151,0.085,3
92101820,"Coffee, macchiato, sweetened",Coffee,40,1.13,6.89,5.84,0.0,0.8,0.453,0.145,0.081,3
92101850,"Coffee, cafe con leche",Coffee,40,1.67,5.63,4.83,0.0,1.13,0.649,0.222,0.079,4
92101851,"Coffee, cafe con leche, decaffeinated",Coffee,40,1.69,5.7,4.91,0.0,1.15,0.658,0.225,0.079,4
92101900,"Coffee, Latte",Coffee,43,2.81,4.35,4.06,0.0,1.61,0.938,0.332,0.064,7
92101901,"Coffee, Latte, nonfat",Coffee,30,2.87,4.37,4.2,0.0,0.1,0.056,0.014,0.021,2
92101903,"Coffee, Latte, with non-dairy milk",Coffee,28,0.97,2.81,1.69,0.1,1.36,0.148,0.65,0.439,0
92101904,"Coffee, Latte, flavored",Coffee,55,2.72,7.49,7.22,0.0,1.57,0.907,0.321,0.062,6
92101905,"Coffee, Latte, nonfat, flavored",Coffee,42,2.78,7.51,7.35,0.0,0.1,0.054,0.014,0.02,2
92101906,"Coffee, Latte, with non-dairy milk, flavored",Coffee,40,0.94,5.99,4.91,0.1,1.33,0.143,0.629,0.424,0
92101910,"Coffee, Latte, decaffeinated",Coffee,43,2.82,4.37,4.09,0.0,1.62,0.943,0.334,0.064,7
92101911,"Coffee, Latte, decaffeinated, nonfat",Coffee,30,2.88,4.39,4.22,0.0,0.1,0.056,0.014,0.02,3
92101913,"Coffee, Latte, decaffeinated, with non-dairy milk",Coffee,28,0.97,2.82,1.7,0.1,1.37,0.148,0.654,0.441,0
92101917,"Coffee, Latte, decaffeinated, flavored",Coffee,55,2.73,7.53,7.26,0.0,1.57,0.911,0.323,0.061,6
92101918,"Coffee, Latte, decaffeinated, nonfat, flavored",Coffee,42,2.79,7.54,7.38,0.0,0.1,0.054,0.014,0.019,2
92101919,"Coffee, Latte, decaffeinated, with non-dairy milk, flavored",Coffee,40,0.94,6.01,4.94,0.1,1.33,0.143,0.632,0.426,0
92101920,Frozen coffee drink,Coffee,68,1.56,13.4,13.16,0.0,0.93,0.522,0.183,0.041,4
92101921,"Frozen coffee drink, nonfat",Coffee,61,1.59,13.41,13.23,0.0,0.1,0.037,0.008,0.017,1
92101923,"Frozen coffee drink, with non-dairy milk",Coffee,60,0.54,12.53,11.83,0.0,0.8,0.087,0.359,0.248,0
92101925,"Frozen coffee drink, with whipped cream",Coffee,83,1.58,12.89,12.62,0.0,2.77,1.577,0.563,0.122,9
92101926,"Frozen coffee drink, nonfat, with whipped cream",Coffee,76,1.61,12.9,12.69,0.0,1.98,1.117,0.397,0.099,7
92101928,"Frozen coffee drink, with non-dairy milk and whipped cream",Coffee,75,0.62,12.06,11.36,0.0,2.64,1.163,0.729,0.318,5
92101930,"Frozen coffee drink, decaffeinated",Coffee,68,1.56,13.46,13.23,0.0,0.94,0.525,0.184,0.041,4
92101931,"Frozen coffee drink, decaffeinated, nonfat",Coffee,61,1.59,13.47,13.3,0.0,0.1,0.036,0.008,0.017,1
92101933,"Frozen coffee drink, decaffeinated, with non-dairy milk",Coffee,70,1.58,13.61,13.06,0.0,1.0,0.152,0.184,0.522,0
92101935,"Frozen coffee drink, decaffeinated, with whipped cream",Coffee,83,1.58,12.95,12.68,0.0,2.78,1.584,0.566,0.122,9
92101936,"Frozen coffee drink, decaffeinated, nonfat, with whipped cream",Coffee,76,1.62,12.96,12.75,0.0,1.99,1.122,0.399,0.099,7
92101938,"Frozen coffee drink, decaffeinated, with non-dairy milk and whipped cream",Coffee,80,1.26,12.94,12.12,0.1,2.59,1.188,0.557,0.471,5
92101950,"Coffee, Cafe Mocha",Coffee,64,2.56,10.22,9.3,0.0,1.47,0.855,0.303,0.058,6
92101955,"Coffee, Cafe Mocha, nonfat",Coffee,52,2.6,10.2,9.37,0.0,0.09,0.051,0.013,0.019,2
92101960,"Coffee, Cafe Mocha, with non-dairy milk",Coffee,50,0.88,8.76,7.08,0.1,1.24,0.134,0.59,0.398,0
92101965,"Coffee, Cafe Mocha, decaffeinated",Coffee,64,2.56,10.23,9.3,0.0,1.47,0.855,0.303,0.058,6
92101970,"Coffee, Cafe Mocha, decaffeinated, nonfat",Coffee,52,2.61,10.24,9.42,0.0,0.09,0.051,0.013,0.018,2
92101975,"Coffee, Cafe Mocha, decaffeinated, with non-dairy milk",Coffee,50,0.88,8.8,7.12,0.1,1.24,0.134,0.593,0.4,0
92102000,Frozen mocha coffee drink,Coffee,66,1.51,13.07,12.17,0.0,0.88,0.507,0.178,0.04,4
92102010,"Frozen mocha coffee drink, nonfat",Coffee,59,1.54,13.08,12.24,0.0,0.08,0.036,0.008,0.016,1
92102020,"Frozen mocha coffee drink, with non-dairy milk",Coffee,58,0.52,12.22,10.88,0.0,0.75,0.085,0.348,0.24,0
92102030,"Frozen mocha coffee drink, with whipped cream",Coffee,81,1.54,12.59,11.69,0.0,2.67,1.532,0.547,0.118,9
92102040,"Frozen mocha coffee drink, nonfat, with whipped cream",Coffee,74,1.56,12.6,11.76,0.0,1.91,1.085,0.386,0.097,7
92102050,"Frozen mocha coffee drink, with non-dairy milk and whipped cream",Coffee,73,0.6,11.79,10.47,0.0,2.54,1.129,0.708,0.309,5
92102060,"Frozen mocha coffee drink, decaffeinated",Coffee,67,1.51,13.13,12.23,0.0,0.89,0.509,0.178,0.039,4
92102070,"Frozen mocha coffee drink, decaffeinated, nonfat",Coffee,59,1.54,13.14,12.3,0.0,0.08,0.035,0.008,0.016,1
92102080,"Frozen mocha coffee drink, decaffeinated, with non-dairy milk",Coffee,58,0.52,12.28,10.93,0.0,0.76,0.085,0.35,0.241,0
92102090,"Frozen mocha coffee drink, decaffeinated, with whipped cream",Coffee,81,1.54,12.64,11.74,0.0,2.68,1.539,0.549,0.119,9
92102100,"Frozen mocha coffee drink, decaffeinated, nonfat, with whipped cream",Coffee,74,1.57,12.65,11.81,0.0,1.91,1.09,0.387,0.097,7
92102110,"Frozen mocha coffee drink, decaffeinated, with non-dairy milk and whipped cream",Coffee,73,0.6,11.84,10.52,0.0,2.56,1.134,0.711,0.31,5
92102400,"Iced Coffee, brewed",Coffee,1,0.09,0.0,0.0,0.0,0.02,0.002,0.011,0.001,0
92102401,"Iced Coffee, brewed, decaffeinated",Coffee,0,0.08,0.0,0.0,0.0,0.0,0.002,0.0,0.002,0
92102450,"Iced Coffee, pre-lightened and pre-sweetened",Coffee,31,0.25,4.94,4.95,0.0,1.12,0.582,0.268,0.046,3
92102500,"Coffee, Iced Latte",Coffee,27,1.75,2.81,2.51,0.0,1.01,0.587,0.206,0.046,4
92102501,"Coffee, Iced Latte, nonfat",Coffee,19,1.78,2.82,2.6,0.0,0.07,0.041,0.009,0.019,2
92102502,"Coffee, Iced Latte, with non-dairy milk",Coffee,24,1.36,2.83,1.88,0.1,0.79,0.122,0.197,0.458,0
92102503,"Coffee, Iced Latte, flavored",Coffee,40,1.69,6.09,5.81,0.0,0.98,0.567,0.199,0.044,4
92102504,"Coffee, Iced Latte, nonfat, flavored",Coffee,32,1.72,6.1,5.89,0.0,0.08,0.04,0.008,0.018,1
92102505,"Coffee, Iced Latte, with non-dairy milk, flavored",Coffee,31,0.59,5.16,4.39,0.0,0.84,0.095,0.389,0.269,0
92102510,"Coffee, Iced Latte, decaffeinated",Coffee,27,1.75,2.82,2.53,0.0,1.01,0.589,0.207,0.046,4
92102511,"Coffee, Iced Latte, decaffeinated, nonfat",Coffee,19,1.79,2.83,2.61,0.0,0.07,0.041,0.009,0.019,2
92102512,"Coffee, Iced Latte, decaffeinated, with non-dairy milk",Coffee,18,0.61,1.86,1.05,0.1,0.86,0.098,0.405,0.279,0
92102513,"Coffee, Iced Latte, decaffeinated, flavored",Coffee,40,1.69,6.12,5.84,0.0,0.99,0.569,0.2,0.044,4
92102514,"Coffee, Iced Latte, decaffeinated, nonfat, flavored",Coffee,32,1.73,6.13,5.92,0.0,0.08,0.04,0.008,0.018,1
92102515,"Coffee, Iced Latte, decaffeinated, with non-dairy milk, flavored",Coffee,31,0.59,5.18,4.41,0.1,0.84,0.095,0.392,0.27,0
92102600,"Coffee, Iced Cafe Mocha",Coffee,50,1.58,8.95,7.99,0.0,0.91,0.531,0.186,0.041,4
92102601,"Coffee, Iced Cafe Mocha, nonfat",Coffee,43,1.61,8.96,8.07,0.0,0.07,0.037,0.008,0.017,1
92102602,"Coffee, Iced Cafe Mocha, with non-dairy milk",Coffee,42,0.55,8.07,6.65,0.0,0.78,0.089,0.365,0.252,0
92102610,"Coffee, Iced Cafe Mocha, decaffeinated",Coffee,51,1.59,8.99,8.03,0.0,0.92,0.533,0.187,0.041,4
92102611,"Coffee, Iced Cafe Mocha, decaffeinated, nonfat",Coffee,43,1.62,9.0,8.11,0.0,0.06,0.037,0.008,0.017,1
92102612,"Coffee, Iced Cafe Mocha, decaffeinated, with non-dairy milk",Coffee,42,0.55,8.1,6.69,0.0,0.78,0.089,0.367,0.253,0
92103000,"Coffee, instant, reconstituted",Coffee,3,0.1,0.63,0.0,0.0,0.0,0.002,0.0,0.002,0
92104000,"Coffee, instant, 50% less caffeine, reconstituted",Coffee,3,0.12,0.61,0.0,0.0,0.0,0.002,0.0,0.002,0
92111000,"Coffee, NS as to brewed or instant, decaffeinated",Coffee,0,0.1,0.0,0.0,0.0,0.0,0.002,0.0,0.002,0
92111010,"Coffee, brewed, decaffeinated",Coffee,0,0.1,0.0,0.0,0.0,0.0,0.002,0.0,0.002,0
92114000,"Coffee, instant, decaffeinated, reconstituted",Coffee,3,0.1,0.64,0.0,0.0,0.0,0.001,0.0,0.001,0
92121000,"Coffee, instant, pre-lightened and pre-sweetened with sugar, reconstituted",Coffee,27,0.15,5.11,3.45,0.0,0.7,0.397,0.203,0.01,0
92121001,"Coffee, instant, decaffeinated, pre-lightened and pre-sweetened with sugar, reconsitituted",Coffee,27,0.14,5.11,3.45,0.0,0.69,0.397,0.203,0.009,0
92121010,"Coffee, instant, pre-sweetened with sugar, reconstituted",Coffee,16,0.1,3.96,3.36,0.0,0.02,0.002,0.0,0.002,0
92121030,"Coffee, mocha, instant, pre-lightened and pre-sweetened with low calorie sweetener, reconstituted",Coffee,15,0.32,2.46,1.14,0.2,0.43,0.371,0.031,0.012,0
92121040,"Coffee, instant, pre-lightened and pre-sweetened with low calorie sweetener, reconstituted",Coffee,16,0.15,2.37,0.6,0.0,0.7,0.409,0.209,0.01,0
92121041,"Coffee, instant, decaffeinated, pre-lightened and pre-sweetened with low calorie sweetener, reconstituted",Coffee,16,0.15,2.38,0.6,0.0,0.7,0.408,0.209,0.01,0
92130000,"Coffee, pre-lightened and pre-sweetened with sugar",Coffee,27,0.15,5.11,3.45,0.0,0.7,0.397,0.203,0.01,0
92130001,"Coffee, decaffeinated, pre-lightened and pre-sweetened with sugar",Coffee,27,0.14,5.11,3.45,0.0,0.69,0.397,0.203,0.009,0
92130005,"Coffee, pre-lightened and pre-sweetened with low calorie sweetener",Coffee,16,0.15,2.37,0.6,0.0,0.7,0.409,0.209,0.01,0
92130006,"Coffee, decaffeinated, pre-lightened and pre-sweetened with low calorie sweetener",Coffee,16,0.15,2.38,0.6,0.0,0.7,0.408,0.209,0.01,0
92130010,"Coffee, pre-lightened",Coffee,14,0.15,1.88,0.17,0.0,0.71,0.411,0.21,0.01,0
92130011,"Coffee, decaffeinated, pre-lightened",Coffee,14,0.15,1.89,0.17,0.0,0.71,0.411,0.21,0.01,0
92130020,"Coffee, pre-sweetened with sugar",Coffee,16,0.1,3.96,3.36,0.0,0.02,0.002,0.0,0.002,0
92130021,"Coffee, decaffeinated, pre-sweetened with sugar",Coffee,16,0.09,3.97,3.36,0.0,0.01,0.001,0.0,0.001,0
92130030,"Coffee, pre-sweetened with low calorie sweetener",Coffee,5,0.1,1.13,0.45,0.0,0.0,0.002,0.0,0.002,0
92130031,"Coffee, decaffeinated, pre-sweetened with low calorie sweetener",Coffee,5,0.1,1.14,0.45,0.0,0.0,0.001,0.0,0.001,0
92152000,"Coffee and chicory, brewed",Coffee,1,0.12,0.0,0.0,0.0,0.02,0.002,0.015,0.001,0
92152010,"Coffee and chicory, brewed, decaffeinated",Coffee,0,0.1,0.0,0.0,0.0,0.0,0.002,0.0,0.002,0
92161000,"Coffee, Cappuccino",Coffee,27,1.71,2.75,2.46,0.0,0.99,0.575,0.201,0.045,4
92161001,"Coffee, Cappuccino, nonfat",Coffee,19,1.75,2.76,2.54,0.0,0.07,0.04,0.009,0.019,2
92161002,"Coffee, Cappuccino, with non-dairy milk",Coffee,17,0.6,1.82,1.03,0.1,0.84,0.096,0.397,0.274,0
92162000,"Coffee, Cappuccino, decaffeinated",Coffee,27,1.72,2.76,2.48,0.0,0.99,0.577,0.202,0.045,4
92162001,"Coffee, Cappuccino, decaffeinated, nonfat",Coffee,19,1.75,2.77,2.56,0.0,0.07,0.04,0.009,0.018,2
92162002,"Coffee, Cappuccino, decaffeinated, with non-dairy milk",Coffee,17,0.6,1.83,1.04,0.1,0.85,0.096,0.399,0.275,0
92171000,"Coffee, bottled/canned",Coffee,71,1.98,12.6,10.67,0.0,1.38,0.0,0.293,0.038,5
92171010,"Coffee, bottled/canned, light",Coffee,35,1.27,5.91,5.91,0.0,0.7,0.397,0.152,0.021,3
92191100,"Coffee, instant, not reconstituted",Not included in a food category,353,12.2,75.4,0.0,0.0,0.5,0.197,0.041,0.196,0
92191200,"Coffee, instant, decaffeinated, not reconstituted",Not included in a food category,351,11.6,76.0,0.0,0.0,0.2,0.101,0.021,0.101,0
92191400,"Coffee, instant, pre-sweetened with sugar, not reconstituted",Not included in a food category,392,2.36,94.92,80.48,0.0,0.36,0.038,0.008,0.038,0
92193000,"Coffee, instant, pre-lightened and pre-sweetened with sugar, not reconstituted",Not included in a food category,438,2.4,82.96,56.07,0.0,11.29,6.453,3.294,0.162,0
92193005,"Coffee, instant, decaffeinated, pre-lightened and pre-sweetened with sugar, not reconstituted",Not included in a food category,465,0.0,86.28,66.67,0.0,13.33,13.333,0.0,0.0,0
92193025,"Coffee, instant, decaffeinated, pre-lightened and pre-sweetened with low calorie sweetener, not reconstituted",Not included in a food category,457,4.22,68.16,17.26,0.0,20.14,11.711,5.984,0.273,0
92201010,Coffee substitute,Coffee,6,0.1,1.3,0.08,0.4,0.04,0.01,0.006,0.02,0
92202010,Chicory beverage,Coffee,7,0.22,1.42,0.0,0.0,0.0,0.002,0.0,0.002,0
92302000,"Tea, hot, leaf, black",Tea,1,0.0,0.3,0.0,0.0,0.0,0.002,0.001,0.004,0
92302500,"Tea, hot, leaf, black, decaffeinated",Tea,1,0.0,0.3,0.0,0.0,0.0,0.002,0.001,0.004,0
92303010,"Tea, hot, leaf, green",Tea,1,0.22,0.0,0.0,0.0,0.0,0.0,0.0,0.0,0
92303100,"Tea, hot, leaf, green, decaffeinated",Tea,0,0.0,0.0,0.0,0.0,0.0,0.0,0.0,0.0,0
92304100,"Tea, hot, leaf, oolong",Tea,1,0.0,0.15,0.0,0.0,0.0,0.0,0.0,0.0,0
92305010,"Tea, iced, instant, black, unsweetened",Tea,1,0.02,0.23,0.01,0.0,0.0,0.0,0.0,0.0,0
92305040,"Tea, iced, instant, black, pre-sweetened with sugar",Tea,30,0.01,7.31,7.07,0.1,0.05,0.007,0.002,0.016,0
92305050,"Tea, iced, instant, black, decaffeinated, pre-sweetened with sugar",Tea,32,0.06,7.89,7.76,0.0,0.02,0.0,0.0,0.0,0
92305090,"Tea, iced, instant, black, pre-sweetened with low calorie sweetener",Tea,2,0.02,0.44,0.01,0.0,0.0,0.0,0.0,0.0,0
92305110,"Tea, iced, instant, black, decaffeinated, pre-sweetened with low calorie sweetener",Tea,3,0.03,0.72,0.02,0.0,0.0,0.0,0.0,0.0,0
92305180,"Tea, iced, instant, black, decaffeinated, unsweetened",Tea,1,0.06,0.17,0.02,0.0,0.0,0.0,0.0,0.0,0
92305900,"Tea, iced, instant, green, unsweetened",Tea,0,0.0,0.0,0.0,0.0,0.0,0.0,0.0,0.0,0
92305910,"Tea, iced, instant, green, pre-sweetened with sugar",Tea,27,0.0,6.2,5.32,0.0,0.22,0.0,0.0,0.0,0
92305920,"Tea, iced, instant, green, pre-sweetened with low calorie sweetener",Tea,4,0.0,0.93,0.93,0.0,0.0,0.0,0.0,0.0,0
92306000,"Tea, hot, herbal",Tea,1,0.0,0.2,0.0,0.0,0.0,0.002,0.001,0.005,0
92306090,"Tea, hot, hibiscus",Tea,0,0.0,0.0,0.0,0.0,0.0,0.0,0.0,0.0,0
92306100,Corn beverage,Smoothies and grain drinks,44,0.84,9.4,0.19,0.5,0.21,0.026,0.046,0.098,0
92306700,"Tea, hot, chamomile",Tea,1,0.0,0.2,0.0,0.0,0.0,0.002,0.001,0.005,0
92306800,"Tea, hot, with milk",Tea,51,1.58,8.95,8.72,0.1,1.05,0.604,0.218,0.035,4
92306850,"Tea, ginger",Tea,1,0.02,0.18,0.02,0.0,0.01,0.002,0.002,0.002,0
92306910,"Tea, bubble",Tea,55,0.39,10.35,3.5,0.1,1.39,0.844,0.399,0.067,4
92306920,"Tea, kombucha",Tea,16,0.1,3.98,3.99,0.0,0.01,0.0,0.0,0.0,0
92307000,"Tea, iced, instant, black, unsweetened, dry",Not included in a food category,315,20.21,58.66,5.53,8.5,0.0,0.0,0.0,0.0,0
92307400,"Tea, iced, instant, black, pre-sweetened, dry",Not included in a food category,401,0.12,98.55,95.29,0.7,0.73,0.097,0.033,0.218,0
92307500,Iced Tea / Lemonade juice drink,Tea,34,0.2,9.15,7.2,0.3,0.05,0.013,0.003,0.009,0
92307510,"Iced Tea / Lemonade juice drink, light",Tea,21,0.22,6.12,3.86,0.3,0.04,0.014,0.003,0.01,0
92307520,"Iced Tea / Lemonade juice drink, diet",Tea,2,0.0,0.57,0.0,0.0,0.0,0.0,0.0,0.0,0
92308000,"Tea, iced, brewed, black, pre-sweetened with sugar",Tea,32,0.0,7.94,7.68,0.0,0.02,0.002,0.001,0.004,0
92308010,"Tea, iced, brewed, black, pre-sweetened with low calorie sweetener",Tea,2,0.0,0.68,0.33,0.0,0.0,0.002,0.001,0.004,0
92308020,"Tea, iced, brewed, black, unsweetened",Tea,1,0.0,0.3,0.0,0.0,0.0,0.002,0.001,0.004,0
92308030,"Tea, iced, brewed, black, decaffeinated, pre-sweetened with sugar",Tea,32,0.0,7.94,7.68,0.0,0.02,0.002,0.001,0.004,0
92308040,"Tea, iced, brewed, black, decaffeinated, pre-sweetened with low calorie sweetener",Tea,2,0.0,0.68,0.33,0.0,0.0,0.002,0.001,0.004,0
92308050,"Tea, iced, brewed, black, decaffeinated, unsweetened",Tea,1,0.0,0.3,0.0,0.0,0.0,0.002,0.001,0.004,0
92308500,"Tea, iced, brewed, green, pre-sweetened with sugar",Tea,32,0.2,7.66,7.68,0.0,0.02,0.0,0.0,0.0,0
92308510,"Tea, iced, brewed, green, pre-sweetened with low calorie sweetener",Tea,2,0.22,0.38,0.33,0.0,0.0,0.0,0.0,0.0,0
92308520,"Tea, iced, brewed, green, unsweetened",Tea,1,0.22,0.0,0.0,0.0,0.0,0.0,0.0,0.0,0
92308530,"Tea, iced, brewed, green, decaffeinated, pre-sweetened with sugar",Tea,31,0.0,7.66,7.68,0.0,0.02,0.0,0.0,0.0,0
92308540,"Tea, iced, brewed, green, decaffeinated, pre-sweetened with low calorie sweetener",Tea,1,0.0,0.38,0.33,0.0,0.0,0.0,0.0,0.0,0
92308550,"Tea, iced, brewed, green, decaffeinated, unsweetened",Tea,0,0.0,0.0,0.0,0.0,0.0,0.0,0.0,0.0,0
92309000,"Tea, iced, bottled, black",Tea,45,0.0,10.8,9.49,0.0,0.22,0.0,0.0,0.0,0
92309010,"Tea, iced, bottled, black, decaffeinated",Tea,38,0.0,8.75,7.92,0.0,0.0,0.0,0.0,0.0,0
92309020,"Tea, iced, bottled, black, diet",Tea,1,0.0,0.22,0.0,0.0,0.0,0.0,0.0,0.0,0
92309030,"Tea, iced, bottled, black, decaffeinated, diet",Tea,0,0.0,0.83,0.0,0.0,0.0,0.0,0.0,0.0,0
92309040,"Tea, iced, bottled, black, unsweetened",Tea,0,0.0,0.0,0.0,0.0,0.0,0.0,0.0,0.0,0
92309050,"Tea, iced, bottled, black, decaffeinated, unsweetened",Tea,1,0.0,0.3,0.0,0.0,0.0,0.002,0.001,0.004,0
92309500,"Tea, iced, bottled, green",Tea,27,0.0,6.2,5.32,0.0,0.22,0.0,0.0,0.0,0
92309510,"Tea, iced, bottled, green, diet",Tea,4,0.0,0.93,0.93,0.0,0.0,0.0,0.0,0.0,0
92309520,"Tea, iced, bottled, green, unsweetened",Tea,0,0.0,0.0,0.0,0.0,0.0,0.0,0.0,0.0,0
92400000,"Soft drink, NFS",Soft drinks,42,0.0,10.36,9.94,0.0,0.25,0.0,0.0,0.0,0
92400100,"Soft drink, NFS, diet",Diet soft drinks,2,0.11,0.29,0.0,0.0,0.03,0.0,0.0,0.0,0
92410110,"Water, tonic",Flavored or carbonated water,34,0.0,8.8,8.8,0.0,0.0,0.0,0.0,0.0,0
92410210,"Water, carbonated, plain",Flavored or carbonated water,0,0.0,0.0,0.0,0.0,0.0,0.0,0.0,0.0,0
92410250,"Water, carbonated, flavored",Flavored or carbonated water,0,0.1,0.0,0.0,0.0,0.0,0.0,0.0,0.0,0
92410310,"Soft drink, cola",Soft drinks,42,0.0,10.36,9.94,0.0,0.25,0.0,0.0,0.0,0
92410320,"Soft drink, cola, diet",Diet soft drinks,2,0.11,0.29,0.0,0.0,0.03,0.0,0.0,0.0,0
92410340,"Soft drink, cola, decaffeinated",Soft drinks,41,0.0,10.58,10.58,0.0,0.0,0.0,0.0,0.0,0
92410350,"Soft drink, cola, decaffeinated, diet",Diet soft drinks,1,0.12,0.12,0.0,0.0,0.0,0.0,0.0,0.0,0
92410360,"Soft drink, pepper type",Soft drinks,42,0.0,10.36,9.94,0.0,0.25,0.0,0.0,0.0,0
92410370,"Soft drink, pepper type, diet",Diet soft drinks,2,0.11,0.29,0.0,0.0,0.03,0.0,0.0,0.0,0
92410390,"Soft drink, pepper type, decaffeinated",Soft drinks,41,0.0,10.58,10.58,0.0,0.0,0.0,0.0,0.0,0
92410400,"Soft drink, pepper type, decaffeinated, diet",Diet soft drinks,1,0.12,0.12,0.0,0.0,0.0,0.0,0.0,0.0,0
92410410,"Soft drink, cream soda",Soft drinks,51,0.0,13.3,13.3,0.0,0.0,0.0,0.0,0.0,0
92410420,"Soft drink, cream soda, diet",Diet soft drinks,0,0.1,0.0,0.0,0.0,0.0,0.0,0.0,0.0,0
92410510,"Soft drink, fruit flavored, caffeine free",Soft drinks,40,0.05,10.14,8.98,0.0,0.02,0.0,0.0,0.0,0
92410520,"Soft drink, fruit flavored, diet, caffeine free",Diet soft drinks,0,0.1,0.0,0.0,0.0,0.0,0.0,0.0,0.0,0
92410550,"Soft drink, fruit flavored, caffeine containing",Soft drinks,49,0.0,12.83,12.9,0.0,0.0,0.0,0.0,0.0,0
92410560,"Soft drink, fruit flavored, caffeine containing, diet",Diet soft drinks,0,0.1,0.0,0.0,0.0,0.0,0.0,0.0,0.0,0
92410610,"Soft drink, ginger ale",Soft drinks,34,0.0,8.76,8.9,0.0,0.0,0.0,0.0,0.0,0
92410620,"Soft drink, ginger ale, diet",Diet soft drinks,0,0.1,0.0,0.0,0.0,0.0,0.0,0.0,0.0,0
92410710,"Soft drink, root beer",Soft drinks,41,0.0,10.6,10.6,0.0,0.0,0.0,0.0,0.0,0
92410720,"Soft drink, root beer, diet",Diet soft drinks,0,0.1,0.0,0.0,0.0,0.0,0.0,0.0,0.0,0
92410810,"Soft drink, chocolate flavored",Soft drinks,42,0.0,10.7,10.7,0.0,0.0,0.0,0.0,0.0,0
92410820,"Soft drink, chocolate flavored, diet",Diet soft drinks,2,0.11,0.29,0.0,0.0,0.03,0.0,0.0,0.0,0
92411510,"Soft drink, cola, fruit or vanilla flavored",Soft drinks,42,0.0,10.36,9.94,0.0,0.25,0.0,0.0,0.0,0
92411520,"Soft drink, cola, chocolate flavored",Soft drinks,42,0.0,10.36,9.94,0.0,0.25,0.0,0.0,0.0,0
92411610,"Soft drink, cola, fruit or vanilla flavored, diet",Diet soft drinks,2,0.11,0.29,0.0,0.0,0.03,0.0,0.0,0.0,0
92411620,"Soft drink, cola, chocolate flavored, diet",Diet soft drinks,2,0.11,0.29,0.0,0.0,0.03,0.0,0.0,0.0,0
92432000,"Fruit juice drink, citrus, carbonated",Fruit drinks,32,0.46,7.16,5.99,0.2,0.24,0.037,0.044,0.077,0
92433000,"Fruit juice drink, noncitrus, carbonated",Fruit drinks,33,0.07,7.74,6.38,0.1,0.18,0.012,0.006,0.023,0
92510610,Fruit juice drink,Fruit drinks,10,0.0,2.5,2.5,0.0,0.0,0.0,0.0,0.0,0
92510650,Tamarind drink,Fruit drinks,109,0.64,27.67,22.28,1.2,0.18,0.062,0.041,0.013,0
92510720,"Fruit punch, made with fruit juice and soda",Fruit drinks,44,0.18,10.82,9.44,0.1,0.06,0.004,0.007,0.021,0
92510955,"Lemonade, fruit juice drink",Fruit drinks,46,0.0,12.08,11.67,0.0,0.0,0.0,0.0,0.0,0
92510960,"Lemonade, fruit flavored drink",Fruit drinks,25,0.0,6.55,6.5,0.0,0.07,0.012,0.009,0.036,0
92511000,"Lemonade, frozen concentrate, not reconstituted",Fruit drinks,196,0.22,49.89,44.46,0.3,0.7,0.025,0.008,0.059,0
92511015,Fruit flavored drink,Fruit drinks,64,0.0,16.03,15.85,0.0,0.0,0.0,0.0,0.0,0
92512090,"Pina Colada, nonalcoholic",Fruit drinks,128,0.47,25.64,23.17,0.2,2.79,2.543,0.122,0.058,0
92512110,"Margarita mix, nonalcoholic",Fruit drinks,87,0.1,21.4,21.4,0.0,0.1,0.008,0.002,0.02,0
92513000,Slush frozen drink,Fruit drinks,28,0.0,7.68,7.68,0.0,0.02,0.0,0.0,0.0,0
92513010,"Slush frozen drink, no sugar added",Other diet drinks,11,0.0,3.11,3.11,0.0,0.01,0.0,0.0,0.0,0
92530410,"Fruit flavored drink, with high vitamin C",Fruit drinks,27,0.0,6.67,5.0,0.0,0.0,0.0,0.0,0.0,0
92530510,"Cranberry juice drink, with high vitamin C",Fruit drinks,54,0.0,13.52,11.87,0.0,0.1,0.009,0.019,0.059,0
92530610,"Fruit juice drink, with high vitamin C",Fruit drinks,46,0.13,11.35,10.69,0.1,0.11,0.017,0.002,0.03,0
92530950,"Vegetable and fruit juice drink, with high vitamin C",Fruit drinks,29,0.04,7.47,2.1,0.0,0.01,0.0,0.0,0.0,0
92531030,Fruit juice drink (Sunny D),Fruit drinks,54,0.13,13.16,12.11,0.1,0.0,0.0,0.0,0.0,0
92541010,"Fruit flavored drink, powdered, reconstituted",Fruit drinks,25,0.0,6.55,6.5,0.0,0.07,0.012,0.009,0.036,0
92542000,"Fruit flavored drink, with high vitamin C, powdered, reconstituted",Fruit drinks,41,0.0,10.45,9.75,0.0,0.0,0.0,0.0,0.0,0
92550030,"Fruit juice drink, with high vitamin C, light",Fruit drinks,19,0.1,4.7,4.6,0.1,0.0,0.0,0.0,0.0,0
92550035,"Fruit juice drink, light",Fruit drinks,39,0.0,10.0,9.0,0.0,0.07,0.008,0.012,0.014,0
92550040,"Fruit juice drink, diet",Fruit drinks,1,0.0,0.47,0.0,0.0,0.0,0.0,0.0,0.0,0
92550110,"Cranberry juice drink, with high vitamin C, light",Fruit drinks,19,0.1,4.7,4.6,0.1,0.0,0.0,0.0,0.0,0
92550200,"Grape juice drink, light",Fruit drinks,23,0.06,5.51,4.99,0.1,0.1,0.009,0.001,0.008,0
92550350,"Orange juice beverage, 40-50% juice, light",Fruit drinks,21,0.21,5.42,4.17,0.0,0.0,0.0,0.0,0.0,0
92550360,"Apple juice beverage, 40-50% juice, light",Fruit drinks,22,0.0,5.1,4.8,0.0,0.1,0.0,0.0,0.0,0
92550370,"Lemonade, fruit juice drink, light",Fruit drinks,21,0.0,5.0,5.0,0.0,0.0,0.0,0.0,0.0,0
92550380,"Pomegranate juice beverage, 40-50% juice, light",Fruit drinks,27,0.08,6.56,6.32,0.0,0.14,0.038,0.029,0.025,0
92550400,"Vegetable and fruit juice drink, with high vitamin C, diet",Other diet drinks,4,0.0,1.1,0.63,0.0,0.0,0.0,0.0,0.0,0
92550405,"Vegetable and fruit juice drink, with high vitamin C, light",Fruit drinks,4,0.0,1.1,0.63,0.0,0.0,0.0,0.0,0.0,0
92550610,"Fruit flavored drink, with high vitamin C, diet",Other diet drinks,2,0.0,0.87,0.0,0.0,0.0,0.0,0.0,0.0,0
92550620,"Fruit flavored drink, diet",Other diet drinks,4,0.01,1.45,0.0,0.0,0.0,0.0,0.0,0.0,0
92552000,"Fruit flavored drink, with high vitamin C, powdered, reconstituted, diet",Other diet drinks,2,0.0,0.87,0.0,0.0,0.0,0.0,0.0,0.0,0
92552010,"Fruit flavored drink, powdered, reconstituted, diet",Other diet drinks,2,0.0,0.73,0.0,0.0,0.0,0.0,0.0,0.0,0
92552030,Fruit juice drink (Capri Sun),Fruit drinks,39,0.0,10.0,9.0,0.0,0.07,0.008,0.012,0.014,0
92582110,"Fruit juice drink, added calcium (Sunny D)",Fruit drinks,53,0.0,13.2,8.02,0.1,0.0,0.0,0.0,0.0,0
92610020,"Horchata, made with water",Smoothies and grain drinks,88,1.09,20.45,8.07,0.5,0.13,0.029,0.032,0.027,0
92610030,"Horchata, made with milk",Smoothies and grain drinks,91,1.42,19.65,9.56,0.4,0.63,0.323,0.137,0.039,2
92611010,Frescavena,Smoothies and grain drinks,45,0.25,10.59,9.36,0.2,0.15,0.021,0.037,0.043,0
92611100,Atole de avena,Smoothies and grain drinks,83,1.74,15.46,13.98,0.2,1.58,0.835,0.346,0.102,5
92612010,Sugar cane beverage,Fruit drinks,74,0.0,20.17,20.17,0.0,0.0,0.0,0.0,0.0,0
92613010,Atole,Smoothies and grain drinks,86,1.69,16.28,13.87,0.2,1.54,0.819,0.33,0.104,5
92613510,Atole de chocolate,Smoothies and grain drinks,103,1.8,20.3,17.24,0.6,1.78,1.013,0.504,0.121,6
92801000,"Wine, nonalcoholic",Fruit drinks,6,0.5,1.1,1.1,0.0,0.0,0.0,0.0,0.0,0
92803000,"Beer, nonalcoholic",Fruit drinks,37,0.21,8.05,8.05,0.0,0.12,0.024,0.015,0.056,0
92804000,Shirley Temple,Fruit drinks,56,0.0,14.17,12.55,0.1,0.0,0.001,0.001,0.001,0
92900100,"Fruit flavored drink, with high vitamin C, powdered, not reconstituted",Not included in a food category,386,0.0,98.94,92.31,0.4,0.0,0.0,0.0,0.0,0
92900110,"Fruit flavored drink, powdered, not reconstituted",Not included in a food category,380,0.0,97.9,97.15,0.0,1.01,0.183,0.129,0.531,0
92900200,"Fruit flavored drink, powdered, not reconstituted, diet",Not included in a food category,218,0.45,87.38,0.0,0.1,0.04,0.0,0.0,0.0,0
92900300,"Sports drink, dry concentrate, not reconstituted",Not included in a food category,380,0.0,97.9,97.15,0.0,1.01,0.183,0.129,0.531,0
93101000,Beer,Beer,43,0.46,3.55,0.0,0.0,0.0,0.0,0.0,0.0,0
93102000,"Beer, light",Beer,29,0.24,1.64,0.09,0.0,0.0,0.0,0.0,0.0,0
93102300,"Beer, higher alcohol",Beer,58,0.9,0.27,0.0,0.0,0.0,0.0,0.0,0.0,0
93106000,"Alcoholic malt beverage, sweetened",Beer,68,0.0,10.07,9.77,0.0,0.0,0.0,0.0,0.0,0
93106100,Alcoholic malt beverage,Beer,58,0.9,0.27,0.0,0.0,0.0,0.0,0.0,0.0,0
93106500,Hard cider,Beer,56,0.0,5.92,5.92,0.0,0.0,0.0,0.0,0.0,0
93106600,Hard seltzer,Beer,24,0.07,0.55,0.0,0.0,0.0,0.0,0.0,0.0,0
93201000,Liqueur,Liquor and cocktails,279,0.0,33.2,33.27,0.0,0.11,0.0,0.0,0.0,0
93201010,"Liqueur, cream",Liquor and cocktails,296,0.15,33.48,33.48,0.0,2.74,1.511,0.544,0.116,8
93202000,"Liqueur, coffee flavored",Liquor and cocktails,336,0.1,46.8,38.3,0.0,0.3,0.106,0.022,0.105,0
93301000,"Cocktail, NFS",Liquor and cocktails,89,0.0,7.8,7.48,0.0,0.19,0.0,0.0,0.0,0
93301010,Brandy Alexander,Liquor and cocktails,238,1.05,18.94,15.7,0.0,3.83,2.313,1.082,0.218,11
93301030,Bloody Mary,Liquor and cocktails,73,0.67,3.8,2.26,0.4,0.23,0.016,0.007,0.03,0
93301032,Cape Cod,Liquor and cocktails,98,0.0,10.18,8.94,0.0,0.08,0.007,0.014,0.044,0
93301040,Daiquiri,Liquor and cocktails,119,0.09,15.64,14.93,0.1,0.1,0.008,0.004,0.021,0
93301045,"Gelatin shot, alcoholic",Liquor and cocktails,102,0.24,2.8,2.66,0.0,0.0,0.0,0.0,0.0,0
93301050,Gimlet,Liquor and cocktails,188,0.1,5.08,3.52,0.1,0.03,0.002,0.002,0.005,0
93301060,Gin and tonic,Liquor and cocktails,84,0.0,6.57,6.57,0.0,0.0,0.0,0.0,0.0,0
93301075,Greyhound,Liquor and cocktails,87,0.42,6.28,5.58,0.2,0.36,0.062,0.07,0.132,1
93301083,Jagerbomb,Liquor and cocktails,102,0.34,15.97,15.98,0.0,0.03,0.0,0.0,0.0,0
93301085,Kamikaze,Liquor and cocktails,187,0.06,6.93,5.63,0.1,0.07,0.006,0.005,0.016,0
93301090,Manhattan,Liquor and cocktails,222,0.03,1.82,1.03,0.0,0.0,0.0,0.0,0.0,0
93301100,Margarita,Liquor and cocktails,122,0.08,16.06,16.06,0.0,0.08,0.006,0.002,0.015,0
93301110,Martini,Liquor and cocktails,201,0.07,0.15,0.15,0.0,0.0,0.0,0.0,0.0,0
93301111,"Martini, flavored",Liquor and cocktails,187,0.09,6.36,4.86,0.1,0.03,0.002,0.002,0.007,0
93301113,Michelada,Beer,33,0.66,4.05,1.36,0.2,0.15,0.01,0.003,0.017,0
93301115,Mimosa,Wine,64,0.43,6.49,4.67,0.2,0.18,0.007,0.011,0.015,0
93301120,Mint julep,Liquor and cocktails,187,0.0,5.75,5.75,0.0,0.01,0.0,0.0,0.0,0
93301125,Mojito,Liquor and cocktails,61,0.09,2.45,1.82,0.2,0.03,0.002,0.007,0.004,0
93301127,Moscow mule,Liquor and cocktails,91,0.0,8.6,8.71,0.0,0.01,0.0,0.0,0.0,0
93301130,Old fashioned,Liquor and cocktails,164,0.16,6.11,5.57,0.5,0.04,0.004,0.006,0.007,0
93301132,Orange Blossom,Liquor and cocktails,98,0.57,9.32,7.85,0.2,0.26,0.01,0.016,0.022,0
93301135,Rob Roy,Liquor and cocktails,212,0.05,3.6,2.05,0.0,0.0,0.0,0.0,0.0,0
93301136,Rusty Nail,Liquor and cocktails,244,0.0,8.74,8.75,0.0,0.03,0.0,0.0,0.0,0
93301140,Screwdriver,Liquor and cocktails,92,0.58,7.66,6.16,0.2,0.26,0.011,0.017,0.023,0
93301141,Seabreeze,Liquor and cocktails,92,0.21,8.23,7.26,0.1,0.22,0.034,0.042,0.088,0
93301142,Seven and Seven,Liquor and cocktails,87,0.04,7.63,6.76,0.0,0.02,0.0,0.0,0.0,0
93301150,Tom Collins,Liquor and cocktails,123,0.08,16.11,16.11,0.0,0.08,0.006,0.002,0.015,0
93301160,Whiskey sour,Liquor and cocktails,123,0.08,16.11,16.11,0.0,0.08,0.006,0.002,0.015,0
93301170,Whiskey and soda,Liquor and cocktails,59,0.0,0.0,0.0,0.0,0.0,0.0,0.0,0.0,0
93301181,Whiskey and water,Liquor and cocktails,59,0.0,0.0,0.0,0.0,0.0,0.0,0.0,0.0,0
93301182,Whiskey and cola,Liquor and cocktails,89,0.0,7.8,7.48,0.0,0.19,0.0,0.0,0.0,0
93301183,Whiskey and diet cola,Liquor and cocktails,60,0.08,0.22,0.0,0.0,0.02,0.0,0.0,0.0,0
93301184,Whiskey and ginger ale,Liquor and cocktails,83,0.0,6.59,6.7,0.0,0.0,0.0,0.0,0.0,0
93301190,Rum and cola,Liquor and cocktails,89,0.0,7.8,7.48,0.0,0.19,0.0,0.0,0.0,0
93301191,Rum and diet cola,Liquor and cocktails,60,0.08,0.22,0.0,0.0,0.02,0.0,0.0,0.0,0
93301200,Pina Colada,Liquor and cocktails,151,0.36,19.48,17.58,0.1,2.14,1.955,0.094,0.045,0
93301205,Brandy and cola,Liquor and cocktails,89,0.0,7.8,7.48,0.0,0.19,0.0,0.0,0.0,0
93301211,Vodka and soda,Liquor and cocktails,59,0.0,0.0,0.0,0.0,0.0,0.0,0.0,0.0,0
93301213,Vodka and lemonade,Liquor and cocktails,93,0.0,9.02,8.71,0.0,0.0,0.0,0.0,0.0,0
93301214,Vodka and cola,Liquor and cocktails,89,0.0,7.8,7.48,0.0,0.19,0.0,0.0,0.0,0
93301215,Vodka and diet cola,Liquor and cocktails,60,0.08,0.22,0.0,0.0,0.02,0.0,0.0,0.0,0
93301216,Vodka and energy drink,Liquor and cocktails,90,0.35,7.7,7.69,0.0,0.0,0.0,0.0,0.0,0
93301217,Vodka and water,Liquor and cocktails,59,0.0,0.0,0.0,0.0,0.0,0.0,0.0,0.0,0
93301218,Vodka and tonic,Liquor and cocktails,84,0.0,6.57,6.57,0.0,0.0,0.0,0.0,0.0,0
93301230,Sloe gin fizz,Liquor and cocktails,66,0.03,2.22,1.95,0.0,0.01,0.002,0.0,0.001,0
93301240,Black Russian,Liquor and cocktails,279,0.04,21.21,17.36,0.0,0.14,0.048,0.01,0.048,0
93301250,White Russian,Liquor and cocktails,181,2.15,11.17,9.56,0.0,7.9,4.818,2.27,0.397,24
93301270,"Fruit punch, alcoholic",Liquor and cocktails,90,0.14,8.14,7.11,0.1,0.04,0.003,0.005,0.016,0
93301275,Champagne punch,Wine,120,0.16,11.5,9.52,0.1,0.06,0.004,0.005,0.015,0
93301280,Singapore Sling,Liquor and cocktails,93,0.12,7.25,6.16,0.2,0.04,0.007,0.002,0.005,0
93301310,Mai Tai,Liquor and cocktails,149,0.18,16.48,12.82,0.1,0.07,0.004,0.007,0.021,0
93301320,Tequila Sunrise,Liquor and cocktails,111,0.52,12.62,9.52,0.2,0.23,0.009,0.015,0.02,0
93301360,Long Island iced tea,Liquor and cocktails,107,0.01,8.66,8.43,0.0,0.15,0.001,0.0,0.003,0
93301370,Fuzzy Navel,Liquor and cocktails,107,0.57,16.17,14.71,0.2,0.28,0.01,0.016,0.022,0
93301400,Alcoholic coffee drink,Liquor and cocktails,88,0.21,2.1,2.04,0.0,2.38,1.355,0.497,0.105,7
93301500,Frozen daiquiri,Liquor and cocktails,127,0.07,17.65,17.65,0.0,0.08,0.006,0.001,0.015,0
93301510,Frozen margarita,Liquor and cocktails,122,0.08,16.06,16.06,0.0,0.08,0.006,0.002,0.015,0
93301550,"Eggnog, alcoholic",Liquor and cocktails,113,3.74,6.62,6.62,0.0,3.45,2.132,1.071,0.163,49
93301600,Gin fizz,Liquor and cocktails,66,0.03,2.22,1.95,0.0,0.01,0.002,0.0,0.001,0
93302000,"Rum, hot buttered",Liquor and cocktails,160,0.08,4.95,4.65,0.1,4.47,2.517,0.894,0.133,12
93401005,"Wine, sparkling",Wine,75,0.07,2.31,1.0,0.0,0.0,0.0,0.0,0.0,0
93401010,"Wine, red",Wine,85,0.07,2.61,0.62,0.0,0.0,0.0,0.0,0.0,0
93401020,"Wine, white",Wine,82,0.07,2.6,0.96,0.0,0.0,0.0,0.0,0.0,0
93401030,"Wine, rose",Wine,83,0.36,3.8,3.8,0.0,0.0,0.0,0.0,0.0,0
93401100,"Wine, rice",Wine,134,0.5,5.0,0.0,0.0,0.0,0.0,0.0,0.0,0
93402000,"Wine, dessert, sweet",Wine,160,0.2,13.69,7.78,0.0,0.0,0.0,0.0,0.0,0
93403000,"Wine, light",Wine,49,0.07,1.17,1.15,0.0,0.0,0.0,0.0,0.0,0
93404000,Wine cooler,Wine,68,0.0,10.07,9.77,0.0,0.0,0.0,0.0,0.0,0
93404550,"Sangria, red",Wine,85,0.04,7.23,6.14,0.0,0.02,0.001,0.0,0.0,0
93404560,"Sangria, white",Wine,83,0.04,7.22,6.31,0.0,0.02,0.001,0.0,0.0,0
93405000,Wine spritzer,Wine,49,0.04,1.62,0.47,0.0,0.0,0.0,0.0,0.0,0
93406000,Glug,Liquor and cocktails,96,0.1,6.24,4.15,0.1,0.14,0.098,0.012,0.001,0
93501000,Brandy,Liquor and cocktails,231,0.0,0.0,0.0,0.0,0.0,0.0,0.0,0.0,0
93502000,Whiskey,Liquor and cocktails,231,0.0,0.0,0.0,0.0,0.0,0.0,0.0,0.0,0
93502100,Scotch,Liquor and cocktails,231,0.0,0.0,0.0,0.0,0.0,0.0,0.0,0.0,0
93503000,Gin,Liquor and cocktails,231,0.0,0.0,0.0,0.0,0.0,0.0,0.0,0.0,0
93504000,Rum,Liquor and cocktails,231,0.0,0.0,0.0,0.0,0.0,0.0,0.0,0.0,0
93505000,Vodka,Liquor and cocktails,231,0.0,0.0,0.0,0.0,0.0,0.0,0.0,0.0,0
93505100,Tequila,Liquor and cocktails,231,0.0,0.0,0.0,0.0,0.0,0.0,0.0,0.0,0
94000010,"Water, NFS",Tap water,0,0.0,0.0,0.0,0.0,0.0,0.0,0.0,0.0,0
94000100,"Water, tap",Tap water,0,0.0,0.0,0.0,0.0,0.0,0.0,0.0,0.0,0
94100100,"Water, bottled, plain",Bottled water,0,0.0,0.0,0.0,0.0,0.0,0.0,0.0,0.0,0
94100200,"Water, non-carbonated, flavored",Flavored or carbonated water,1,0.0,0.13,0.0,0.0,0.0,0.0,0.0,0.0,0
94100300,"Water beverage, fruit flavored",Flavored or carbonated water,18,0.0,4.5,4.5,0.0,0.0,0.0,0.0,0.0,0
94200100,"Water, enhanced, regular",Enhanced water,22,0.0,5.49,5.49,0.0,0.0,0.0,0.0,0.0,0
94200200,"Water, enhanced, diet",Enhanced water,0,0.0,0.0,0.0,0.0,0.0,0.0,0.0,0.0,0
94300100,"Water, baby",Baby water,0,0.0,0.0,0.0,0.0,0.0,0.0,0.0,0.0,0
95101000,"Nutritional drink or shake, ready-to-drink (Boost)",Nutritional beverages,101,4.22,17.3,8.44,1.3,1.69,0.422,1.154,0.057,4
95101010,"Nutritional drink or shake, ready-to-drink (Boost Plus)",Nutritional beverages,138,5.38,17.29,8.46,1.2,5.38,0.42,2.551,0.122,4
95102000,"Nutritional drink or shake, ready-to-drink (Carnation Instant Breakfast)",Nutritional beverages,92,5.51,12.91,12.9,0.1,2.04,1.158,0.439,0.097,9
95103000,"Nutritional drink or shake, ready-to-drink (Ensure)",Nutritional beverages,105,3.8,16.88,9.7,0.0,2.53,0.422,0.844,1.266,2
95103010,"Nutritional drink or shake, ready-to-drink (Ensure Plus)",Nutritional beverages,141,5.16,19.88,8.33,0.0,4.52,0.574,1.095,2.655,2
95104000,"Nutritional drink or shake, ready-to-drink, sugar free (Glucerna)",Nutritional beverages,88,4.4,11.88,2.64,2.2,3.08,0.232,2.318,0.395,2
95106000,"Nutritional drink or shake, ready-to-drink (Muscle Milk)",Nutritional beverages,52,5.87,2.28,0.78,0.2,2.17,0.362,1.449,0.362,2
95106010,"Nutritional drink or shake, ready-to-drink, light (Muscle Milk)",Nutritional beverages,38,4.78,2.1,0.38,0.2,1.15,0.104,0.809,0.118,1
95110000,"Nutritional drink or shake, ready-to-drink (Slim Fast)",Nutritional beverages,57,3.32,7.74,5.95,1.6,1.93,0.54,0.97,0.32,3
95110010,"Nutritional drink or shake, ready-to-drink, sugar free (Slim Fast)",Nutritional beverages,57,3.32,7.74,5.95,1.6,1.93,0.54,0.97,0.32,3
95110020,"Nutritional drink or shake, high protein, ready-to-drink (Slim Fast)",Nutritional beverages,61,6.59,0.85,0.6,0.4,3.38,0.508,2.1,0.767,4
95120000,"Nutritional drink or shake, ready-to-drink, NFS",Nutritional beverages,105,3.8,16.88,9.7,0.0,2.53,0.422,0.844,1.266,2
95120010,"Nutritional drink or shake, high protein, ready-to-drink, NFS",Nutritional beverages,61,6.59,0.85,0.6,0.4,3.38,0.508,2.1,0.767,4
95120020,"Nutritional drink or shake, high protein, light, ready-to-drink, NFS",Nutritional beverages,138,5.38,17.29,8.46,1.2,5.38,0.42,2.551,0.122,4
95120050,"Nutritional drink or shake, liquid, soy-based",Nutritional beverages,138,5.38,17.29,8.46,1.2,5.38,0.42,2.551,0.122,4
95201000,Nutritional powder mix (Carnation Instant Breakfast),Protein and nutritional powders,353,19.9,66.2,65.8,0.4,1.4,0.56,0.314,0.278,12
95201010,"Nutritional powder mix, sugar free (Carnation Instant Breakfast)",Protein and nutritional powders,358,35.8,41.0,39.0,2.0,5.1,2.162,1.189,1.027,44
95201200,Nutritional powder mix (EAS Whey Protein Powder),Protein and nutritional powders,385,66.67,17.95,5.13,0.0,5.13,2.564,0.281,0.926,205
95201300,Nutritional powder mix (EAS Soy Protein Powder),Protein and nutritional powders,405,47.62,43.94,40.48,0.0,3.57,0.0,0.644,1.956,0
95201500,"Nutritional powder mix, high protein (Herbalife)",Protein and nutritional powders,392,53.57,20.38,3.57,0.0,10.71,0.0,2.907,7.268,0
95201600,Nutritional powder mix (Isopure),Protein and nutritional powders,359,58.14,29.07,1.16,0.0,1.16,0.581,0.149,0.021,12
95202000,Nutritional powder mix (Muscle Milk),Protein and nutritional powders,411,45.71,18.5,5.71,7.1,17.14,1.553,12.105,1.77,21
95202010,"Nutritional powder mix, light (Muscle Milk)",Protein and nutritional powders,396,50.0,22.0,4.0,2.0,12.0,1.087,8.474,1.239,10
95210000,Nutritional powder mix (Slim Fast),Protein and nutritional powders,448,8.13,73.92,38.02,18.1,13.34,1.45,10.51,1.19,5
95210010,"Nutritional powder mix, sugar free (Slim Fast)",Protein and nutritional powders,448,8.13,73.92,38.02,18.1,13.34,1.45,10.51,1.19,5
95210020,"Nutritional powder mix, high protein (Slim Fast)",Protein and nutritional powders,433,27.87,50.0,20.59,18.2,13.46,1.333,8.93,1.049,6
95220000,"Nutritional powder mix, NFS",Protein and nutritional powders,353,19.9,66.2,65.8,0.4,1.4,0.56,0.314,0.278,12
95220010,"Nutritional powder mix, high protein, NFS",Protein and nutritional powders,392,53.57,20.38,3.57,0.0,10.71,0.0,2.907,7.268,0
95230000,"Nutritional powder mix, whey based, NFS",Protein and nutritional powders,352,78.13,6.25,0.0,3.1,1.56,0.781,0.158,0.299,16
95230010,"Nutritional powder mix, protein, soy based, NFS",Protein and nutritional powders,388,55.56,28.89,22.22,6.7,5.56,1.111,1.057,2.701,0
95230020,"Nutritional powder mix, protein, light, NFS",Protein and nutritional powders,396,50.0,22.0,4.0,2.0,12.0,1.087,8.474,1.239,10
95230030,"Nutritional powder mix, protein, NFS",Protein and nutritional powders,352,78.13,6.25,0.0,3.1,1.56,0.781,0.158,0.299,16
95310200,Energy drink (Full Throttle),Sport and energy drinks,46,0.25,12.08,12.08,0.0,0.08,0.0,0.0,0.0,0
95310400,Energy drink (Monster),Sport and energy drinks,47,0.47,11.28,10.93,0.0,0.0,0.0,0.0,0.0,0
95310500,Energy drink (Mountain Dew AMP),Sport and energy drinks,46,0.25,12.08,12.08,0.0,0.08,0.0,0.0,0.0,0
95310550,Energy drink (No Fear),Sport and energy drinks,62,0.42,15.0,13.75,0.0,0.0,0.0,0.0,0.0,0
95310555,Energy drink (No Fear Motherload),Sport and energy drinks,62,0.42,15.0,13.75,0.0,0.0,0.0,0.0,0.0,0
95310560,Energy drink (NOS),Sport and energy drinks,44,0.0,11.25,11.25,0.0,0.0,0.0,0.0,0.0,0
95310600,Energy drink (Red Bull),Sport and energy drinks,43,0.46,10.23,10.22,0.0,0.0,0.0,0.0,0.0,0
95310700,Energy drink (Rockstar),Sport and energy drinks,58,0.34,12.7,12.26,0.0,0.22,0.0,0.0,0.0,0
95310750,Energy drink (SoBe Energize Energy Juice Drink),Sport and energy drinks,45,0.0,11.27,10.42,0.0,0.0,0.0,0.0,0.0,0
95310800,Energy drink (Vault),Sport and energy drinks,49,0.0,12.99,12.99,0.0,0.0,0.0,0.0,0.0,0
95311000,Energy Drink,Sport and energy drinks,43,0.46,10.23,10.22,0.0,0.0,0.0,0.0,0.0,0
95312400,"Energy drink, low calorie (Monster)",Diet sport and energy drinks,5,0.0,1.38,1.38,0.0,0.0,0.0,0.0,0.0,0
95312410,"Energy drink, sugar free (Monster)",Diet sport and energy drinks,5,0.0,1.38,1.38,0.0,0.0,0.0,0.0,0.0,0
95312500,"Energy drink, sugar free (Mountain Dew AMP)",Diet sport and energy drinks,2,0.0,1.03,0.0,0.0,0.0,0.0,0.0,0.0,0
95312550,"Energy drink, sugar free (No Fear)",Diet sport and energy drinks,4,0.42,0.42,0.0,0.0,0.0,0.0,0.0,0.0,0
95312555,"Energy drink, sugar-free (NOS)",Diet sport and energy drinks,4,0.0,1.03,0.0,0.0,0.0,0.0,0.0,0.0,0
95312560,Energy drink (Ocean Spray Cran-Energy Juice Drink),Sport and energy drinks,15,0.0,3.75,3.75,0.0,0.0,0.0,0.0,0.0,0
95312600,"Energy drink, sugar-free (Red Bull)",Diet sport and energy drinks,5,0.25,0.7,0.0,0.0,0.08,0.0,0.0,0.0,0
95312700,"Energy drink, sugar free (Rockstar)",Diet sport and energy drinks,4,0.25,0.7,0.0,0.0,0.08,0.0,0.0,0.0,0
95312800,"Energy drink, sugar free (Vault)",Diet sport and energy drinks,1,0.25,0.7,0.0,0.0,0.08,0.0,0.0,0.0,0
95312900,Energy drink (XS),Sport and energy drinks,5,0.25,0.7,0.0,0.0,0.08,0.0,0.0,0.0,0
95312905,Energy drink (XS Gold Plus),Sport and energy drinks,5,0.25,0.7,0.0,0.0,0.08,0.0,0.0,0.0,0
95313200,"Energy drink, sugar free",Diet sport and energy drinks,4,0.25,0.7,0.0,0.0,0.08,0.0,0.0,0.0,0
95320200,Sports drink (Gatorade G),Sport and energy drinks,26,0.0,6.43,5.24,0.0,0.0,0.0,0.0,0.0,0
95320500,Sports drink (Powerade),Sport and energy drinks,32,0.0,7.84,6.11,0.0,0.05,0.008,0.011,0.028,0
95321000,"Sports drink, NFS",Sport and energy drinks,26,0.0,6.43,5.24,0.0,0.0,0.0,0.0,0.0,0
95322200,"Sports drink, low calorie (Gatorade G2)",Diet sport and energy drinks,8,0.05,1.94,1.3,0.0,0.01,0.0,0.0,0.0,0
95322500,"Sports drink, low calorie (Powerade Zero)",Diet sport and energy drinks,0,0.0,0.14,0.0,0.0,0.0,0.0,0.0,0.0,0
95323000,"Sports drink, low calorie",Diet sport and energy drinks,8,0.05,1.94,1.3,0.0,0.01,0.0,0.0,0.0,0
95330100,"Fluid replacement, electrolyte solution",Sport and energy drinks,10,0.0,2.45,2.45,0.0,0.0,0.0,0.0,0.0,0
95330500,"Fluid replacement, 5% glucose in water",Sport and energy drinks,0,0.0,0.12,0.12,0.0,0.0,0.0,0.0,0.0,0
95342000,"Fruit juice, acai blend",Fruit drinks,62,0.83,12.83,11.1,1.2,0.83,0.0,0.0,0.0,0
99991400,Cheese as ingredient in sandwiches,Not included in a food category,358,20.39,5.04,2.79,0.0,28.44,16.346,6.4,1.054,88
99991410,Cheese and Queso as ingredient,Not included in a food category,362,21.92,2.4,0.84,0.0,29.34,17.041,6.242,1.042,90
99992100,Beef as ingredient in recipes,Not included in a food category,261,26.44,0.0,0.0,0.0,16.52,6.4,7.358,0.552,89
99992230,Breakfast meat as ingredient in omelet,Not included in a food category,252,20.81,1.61,0.9,0.0,17.87,5.813,7.539,3.257,77
99992405,Chicken as ingredient in recipes,Not included in a food category,182,28.06,0.0,0.0,0.0,7.34,2.11,3.034,1.555,124
99992600,"Fish, cooked, as ingredient",Not included in a food category,82,19.37,0.0,0.0,0.0,0.56,0.129,0.077,0.212,66
99992610,"Fish fillet, fried as ingredient in sandwiches",Not included in a food category,195,18.16,8.27,0.14,0.3,10.08,3.198,3.01,3.214,60
99995000,Breading or batter as ingredient in food,Not included in a food category,201,6.56,40.08,0.67,1.6,1.63,0.34,0.317,0.454,21
99995130,Wheat bread as ingredient in sandwiches,Not included in a food category,264,11.4,45.42,5.2,5.4,3.98,0.72,0.652,1.566,0
99995135,Wheat bun as ingredient in sandwiches,Not included in a food category,264,11.4,45.42,5.2,5.4,3.98,0.72,0.652,1.566,0
99995620,"Rice, white, cooked, as ingredient",Not included in a food category,130,2.54,28.98,0.04,0.0,0.37,0.065,0.074,0.064,0
99995625,"Rice, brown, cooked, as ingredient",Not included in a food category,124,2.45,25.89,0.22,1.0,1.12,0.2,0.356,0.338,0
99997100,"Potato, cooked, as ingredient",Not included in a food category,81,2.13,17.36,0.64,2.2,0.3,0.026,0.002,0.044,0
99997210,"Spinach, cooked, as ingredient",Not included in a food category,33,3.42,3.11,0.49,1.9,0.71,0.074,0.012,0.194,0
99997220,"Broccoli, cooked, as ingredient",Not included in a food category,41,2.68,6.53,1.46,2.5,0.35,0.041,0.011,0.018,0
99997310,"Carrots, cooked, as ingredient",Not included in a food category,50,0.98,10.7,4.94,3.2,0.36,0.033,0.012,0.106,0
99997340,"Sweet potato, cooked, as ingredient",Not included in a food category,82,1.65,18.05,6.31,3.1,0.4,0.019,0.001,0.015,0
99997410,"Tomatoes, cooked, as ingredient",Not included in a food category,22,1.1,4.86,3.29,1.5,0.25,0.035,0.039,0.104,0
99997510,"Onions, cooked, as ingredient",Not included in a food category,47,1.29,10.99,4.99,2.0,0.12,0.049,0.015,0.02,0
99997515,"Mushrooms, cooked, as ingredient",Not included in a food category,39,3.62,5.16,2.48,2.2,0.43,0.062,0.0,0.2,0
99997520,"Green pepper, cooked, as ingredient",Not included in a food category,25,0.77,5.14,2.58,1.0,0.12,0.062,0.009,0.067,0
99997525,"Red pepper, cooked, as ingredient",Not included in a food category,33,0.97,7.15,4.52,1.3,0.14,0.063,0.008,0.168,0
99997530,"Cabbage, cooked, as ingredient",Not included in a food category,32,1.0,6.65,3.33,2.6,0.24,0.035,0.018,0.018,0
99997535,"Cauliflower, cooked, as ingredient",Not included in a food category,26,2.0,5.18,1.99,2.1,0.29,0.135,0.035,0.032,0
99997540,"Eggplant, cooked, as ingredient",Not included in a food category,27,1.05,6.32,3.8,3.2,0.19,0.037,0.017,0.082,0
99997545,"Green beans, cooked, as ingredient",Not included in a food category,42,2.05,7.72,2.43,3.1,0.29,0.052,0.01,0.118,0
99997550,"Summer squash, cooked, as ingredient",Not included in a food category,21,1.31,4.11,3.16,1.2,0.35,0.104,0.014,0.102,0
99997555,"Celery, cooked, as ingredient",Not included in a food category,18,0.53,3.57,1.44,1.7,0.17,0.045,0.034,0.085,0
99997800,Dark green vegetables as ingredient in omelet,Not included in a food category,35,2.97,4.51,1.19,1.9,0.56,0.066,0.012,0.144,0
99997802,Tomatoes as ingredient in omelet,Not included in a food category,25,1.1,5.49,3.42,1.5,0.23,0.038,0.035,0.094,0
99997804,Other vegetables as ingredient in omelet,Not included in a food category,39,3.24,5.74,2.73,2.1,0.39,0.061,0.002,0.175,0
99997805,"Mirepoix, cooked, as ingredient",Not included in a food category,41,1.02,9.06,4.09,2.2,0.19,0.044,0.019,0.058,0
99997810,Vegetables as ingredient in curry,Not included in a food category,53,1.81,11.71,3.2,2.2,0.2,0.051,0.017,0.064,0
99997815,Vegetables as ingredient in soups,Not included in a food category,50,1.87,10.56,2.34,2.0,0.33,0.05,0.036,0.103,0
99997820,Vegetables as ingredient in stews,Not included in a food category,59,1.77,12.67,3.16,2.6,0.3,0.04,0.02,0.089,0
99998130,Sauce as ingredient in hamburgers,Not included in a food category,272,1.34,17.14,13.08,0.6,22.85,3.544,5.321,13.522,13
99998210,Industrial oil as ingredient in food,Not included in a food category,892,0.0,0.0,0.0,0.0,100.0,32.672,31.097,31.812,0
